height_value,height_unit,height
108,m,108m
143,cm,143cm
122,cm,122cm
136,m,136m
88,mm,88mm
200,cm,200cm
181,m,181m
5,cm,5cm
115,mm,115mm
44,mm,44mm
54,mm,54mm
226,mm,226mm
211,mm,211mm
67,mm,67mm
39,cm,39cm
91,cm,91cm
149,cm,149cm
162,m,162m
105,cm,105cm
114,mm,114mm
129,m,129m
218,mm,218mm
56,m,56m
92,cm,92cm
183,cm,183cm
12,m,12m
12,mm,12mm
71,mm,71mm
183,m,183m
68,mm,68mm
158,m,158m
15,mm,15mm
66,cm,66cm
223,m,223m
162,m,162m
128,cm,128cm
208,m,208m
1,mm,1mm
108,m,108m
73,m,73m
70,m,70m
141,cm,141cm
218,cm,218cm
1,mm,1mm
234,mm,234mm
209,m,209m
97,cm,97cm
221,m,221m
97,m,97m
80,m,80m
197,mm,197mm
209,mm,209mm
222,m,222m
161,cm,161cm
15,mm,15mm
110,mm,110mm
248,cm,248cm
111,mm,111mm
76,m,76m
166,mm,166mm
222,mm,222mm
99,mm,99mm
180,mm,180mm
142,cm,142cm
149,cm,149cm
173,mm,173mm
235,cm,235cm
212,m,212m
45,m,45m
143,cm,143cm
190,mm,190mm
35,cm,35cm
19,mm,19mm
66,cm,66cm
9,cm,9cm
220,cm,220cm
140,cm,140cm
172,cm,172cm
48,m,48m
218,mm,218mm
15,m,15m
239,cm,239cm
2,mm,2mm
243,m,243m
46,mm,46mm
4,mm,4mm
101,mm,101mm
169,m,169m
81,m,81m
196,m,196m
126,mm,126mm
91,cm,91cm
56,cm,56cm
199,mm,199mm
87,m,87m
163,cm,163cm
134,mm,134mm
178,m,178m
74,m,74m
194,cm,194cm
61,m,61m
210,mm,210mm
143,mm,143mm
96,cm,96cm
205,m,205m
88,m,88m
213,mm,213mm
72,cm,72cm
111,mm,111mm
218,m,218m
126,mm,126mm
8,mm,8mm
76,m,76m
144,cm,144cm
210,m,210m
156,mm,156mm
174,mm,174mm
233,mm,233mm
219,mm,219mm
67,mm,67mm
102,mm,102mm
235,mm,235mm
29,mm,29mm
55,mm,55mm
97,mm,97mm
77,mm,77mm
157,m,157m
25,m,25m
82,mm,82mm
195,cm,195cm
13,mm,13mm
99,cm,99cm
180,cm,180cm
29,mm,29mm
89,cm,89cm
230,cm,230cm
78,mm,78mm
147,mm,147mm
191,cm,191cm
229,m,229m
128,cm,128cm
34,mm,34mm
1,m,1m
117,mm,117mm
24,mm,24mm
97,cm,97cm
81,mm,81mm
201,m,201m
123,mm,123mm
36,cm,36cm
57,m,57m
217,cm,217cm
180,cm,180cm
94,m,94m
31,cm,31cm
162,cm,162cm
111,mm,111mm
184,cm,184cm
186,mm,186mm
148,m,148m
122,mm,122mm
52,cm,52cm
49,m,49m
31,m,31m
144,mm,144mm
9,m,9m
51,cm,51cm
209,mm,209mm
232,m,232m
72,m,72m
204,cm,204cm
216,m,216m
246,mm,246mm
177,mm,177mm
129,cm,129cm
15,cm,15cm
164,m,164m
191,cm,191cm
245,mm,245mm
219,mm,219mm
159,cm,159cm
188,m,188m
230,cm,230cm
224,m,224m
199,m,199m
50,cm,50cm
181,mm,181mm
247,mm,247mm
174,m,174m
113,m,113m
1,cm,1cm
85,m,85m
184,cm,184cm
66,m,66m
24,mm,24mm
74,m,74m
11,m,11m
248,mm,248mm
49,cm,49cm
161,m,161m
121,mm,121mm
60,cm,60cm
45,cm,45cm
18,cm,18cm
163,m,163m
34,cm,34cm
219,cm,219cm
94,cm,94cm
103,m,103m
13,m,13m
78,mm,78mm
82,m,82m
89,cm,89cm
139,mm,139mm
171,cm,171cm
186,cm,186cm
148,mm,148mm
221,mm,221mm
204,cm,204cm
55,m,55m
93,mm,93mm
30,cm,30cm
84,cm,84cm
170,mm,170mm
250,m,250m
96,cm,96cm
9,cm,9cm
91,cm,91cm
88,m,88m
246,mm,246mm
134,mm,134mm
126,mm,126mm
53,m,53m
174,cm,174cm
50,mm,50mm
43,cm,43cm
235,m,235m
95,mm,95mm
133,cm,133cm
22,mm,22mm
62,cm,62cm
122,mm,122mm
230,mm,230mm
120,m,120m
165,mm,165mm
208,m,208m
95,m,95m
75,m,75m
248,m,248m
116,cm,116cm
66,m,66m
248,cm,248cm
50,m,50m
228,m,228m
127,cm,127cm
236,mm,236mm
39,cm,39cm
236,cm,236cm
95,m,95m
90,mm,90mm
18,mm,18mm
49,m,49m
4,cm,4cm
42,mm,42mm
92,mm,92mm
187,cm,187cm
15,mm,15mm
203,m,203m
237,cm,237cm
221,mm,221mm
226,cm,226cm
153,mm,153mm
112,mm,112mm
169,cm,169cm
153,m,153m
160,mm,160mm
84,mm,84mm
112,m,112m
38,mm,38mm
79,mm,79mm
65,mm,65mm
196,cm,196cm
50,cm,50cm
152,m,152m
133,mm,133mm
8,m,8m
185,m,185m
218,m,218m
236,mm,236mm
185,cm,185cm
201,cm,201cm
18,m,18m
25,cm,25cm
184,cm,184cm
68,cm,68cm
86,cm,86cm
116,mm,116mm
237,m,237m
208,m,208m
73,m,73m
67,mm,67mm
133,cm,133cm
19,cm,19cm
216,m,216m
240,m,240m
80,cm,80cm
165,cm,165cm
117,mm,117mm
17,cm,17cm
70,m,70m
72,m,72m
204,m,204m
2,m,2m
177,m,177m
102,mm,102mm
220,cm,220cm
5,mm,5mm
201,m,201m
31,cm,31cm
141,mm,141mm
3,cm,3cm
181,mm,181mm
61,mm,61mm
190,mm,190mm
228,cm,228cm
207,m,207m
243,cm,243cm
128,mm,128mm
177,m,177m
216,mm,216mm
145,mm,145mm
99,cm,99cm
226,cm,226cm
86,mm,86mm
202,cm,202cm
140,m,140m
240,cm,240cm
186,mm,186mm
158,mm,158mm
240,m,240m
121,m,121m
192,mm,192mm
61,mm,61mm
165,m,165m
95,cm,95cm
93,m,93m
199,cm,199cm
54,cm,54cm
239,cm,239cm
188,m,188m
122,mm,122mm
125,cm,125cm
203,m,203m
51,mm,51mm
120,cm,120cm
139,mm,139mm
225,m,225m
42,m,42m
70,mm,70mm
142,cm,142cm
3,cm,3cm
56,mm,56mm
172,cm,172cm
128,mm,128mm
156,cm,156cm
113,m,113m
112,mm,112mm
225,cm,225cm
153,mm,153mm
53,m,53m
138,m,138m
199,cm,199cm
181,m,181m
22,m,22m
240,m,240m
230,cm,230cm
235,mm,235mm
129,mm,129mm
81,mm,81mm
250,cm,250cm
229,cm,229cm
176,mm,176mm
93,m,93m
107,mm,107mm
14,m,14m
87,cm,87cm
183,cm,183cm
166,cm,166cm
171,cm,171cm
28,mm,28mm
78,m,78m
16,m,16m
158,mm,158mm
146,m,146m
48,mm,48mm
173,m,173m
149,mm,149mm
71,mm,71mm
194,m,194m
173,mm,173mm
129,mm,129mm
22,cm,22cm
2,cm,2cm
26,m,26m
219,m,219m
81,m,81m
146,cm,146cm
164,m,164m
61,mm,61mm
215,mm,215mm
164,cm,164cm
244,m,244m
198,cm,198cm
48,cm,48cm
46,m,46m
165,m,165m
191,mm,191mm
15,mm,15mm
86,cm,86cm
225,m,225m
206,mm,206mm
51,m,51m
199,cm,199cm
17,mm,17mm
61,mm,61mm
181,mm,181mm
51,cm,51cm
88,mm,88mm
104,m,104m
78,mm,78mm
75,m,75m
102,mm,102mm
231,m,231m
68,cm,68cm
223,cm,223cm
113,m,113m
123,m,123m
49,m,49m
231,cm,231cm
198,mm,198mm
81,mm,81mm
96,m,96m
131,mm,131mm
52,mm,52mm
173,cm,173cm
130,m,130m
29,m,29m
171,mm,171mm
206,mm,206mm
14,mm,14mm
57,m,57m
27,mm,27mm
238,m,238m
174,cm,174cm
58,cm,58cm
171,cm,171cm
116,m,116m
36,cm,36cm
133,mm,133mm
95,m,95m
94,m,94m
91,m,91m
94,m,94m
215,m,215m
85,m,85m
188,m,188m
70,m,70m
173,mm,173mm
78,m,78m
92,cm,92cm
167,cm,167cm
83,cm,83cm
102,mm,102mm
155,m,155m
11,cm,11cm
97,m,97m
244,m,244m
111,cm,111cm
214,cm,214cm
46,cm,46cm
7,mm,7mm
167,mm,167mm
41,cm,41cm
175,mm,175mm
179,cm,179cm
26,m,26m
108,cm,108cm
191,m,191m
174,cm,174cm
152,cm,152cm
248,m,248m
147,m,147m
54,cm,54cm
196,m,196m
23,cm,23cm
100,m,100m
234,m,234m
65,cm,65cm
143,cm,143cm
234,m,234m
47,cm,47cm
19,cm,19cm
111,m,111m
25,mm,25mm
169,m,169m
23,m,23m
62,mm,62mm
41,mm,41mm
156,m,156m
52,cm,52cm
7,cm,7cm
111,m,111m
167,cm,167cm
75,cm,75cm
151,m,151m
155,cm,155cm
212,m,212m
179,mm,179mm
235,cm,235cm
30,mm,30mm
6,cm,6cm
127,m,127m
135,mm,135mm
138,cm,138cm
47,cm,47cm
183,cm,183cm
45,m,45m
120,m,120m
117,cm,117cm
198,mm,198mm
22,m,22m
92,cm,92cm
57,mm,57mm
200,cm,200cm
78,mm,78mm
190,mm,190mm
120,cm,120cm
109,m,109m
244,cm,244cm
4,cm,4cm
246,mm,246mm
204,cm,204cm
222,cm,222cm
125,m,125m
79,cm,79cm
95,m,95m
202,cm,202cm
128,mm,128mm
180,m,180m
58,mm,58mm
170,mm,170mm
22,m,22m
227,m,227m
200,cm,200cm
125,mm,125mm
8,m,8m
14,mm,14mm
12,cm,12cm
184,cm,184cm
171,m,171m
100,cm,100cm
203,cm,203cm
48,mm,48mm
46,mm,46mm
41,mm,41mm
190,m,190m
185,m,185m
74,m,74m
250,mm,250mm
147,cm,147cm
139,m,139m
123,mm,123mm
244,cm,244cm
20,mm,20mm
155,m,155m
112,cm,112cm
209,m,209m
243,mm,243mm
88,m,88m
9,cm,9cm
54,m,54m
194,m,194m
142,mm,142mm
230,mm,230mm
206,cm,206cm
62,mm,62mm
196,m,196m
185,m,185m
238,mm,238mm
184,m,184m
4,cm,4cm
210,mm,210mm
177,mm,177mm
171,m,171m
133,cm,133cm
24,mm,24mm
21,cm,21cm
99,m,99m
201,m,201m
49,m,49m
173,m,173m
136,m,136m
234,m,234m
222,m,222m
165,m,165m
247,mm,247mm
5,mm,5mm
22,cm,22cm
79,mm,79mm
214,cm,214cm
8,mm,8mm
108,m,108m
162,mm,162mm
39,mm,39mm
130,cm,130cm
172,m,172m
1,cm,1cm
154,m,154m
99,m,99m
205,mm,205mm
11,cm,11cm
238,cm,238cm
165,mm,165mm
75,cm,75cm
211,m,211m
217,m,217m
212,cm,212cm
160,m,160m
89,mm,89mm
201,cm,201cm
117,cm,117cm
35,mm,35mm
6,m,6m
135,mm,135mm
225,m,225m
109,mm,109mm
85,mm,85mm
24,mm,24mm
234,m,234m
179,mm,179mm
206,cm,206cm
143,m,143m
32,mm,32mm
155,cm,155cm
237,m,237m
26,m,26m
246,mm,246mm
76,m,76m
213,cm,213cm
78,cm,78cm
103,mm,103mm
129,m,129m
51,mm,51mm
53,mm,53mm
38,cm,38cm
192,mm,192mm
22,m,22m
160,cm,160cm
200,mm,200mm
108,mm,108mm
194,m,194m
245,m,245m
41,mm,41mm
210,m,210m
143,m,143m
67,cm,67cm
205,mm,205mm
202,mm,202mm
197,mm,197mm
135,mm,135mm
12,cm,12cm
210,cm,210cm
236,m,236m
184,cm,184cm
39,m,39m
126,cm,126cm
221,mm,221mm
50,m,50m
83,mm,83mm
150,m,150m
51,m,51m
162,m,162m
208,cm,208cm
53,mm,53mm
153,mm,153mm
184,m,184m
218,m,218m
178,m,178m
197,mm,197mm
91,mm,91mm
40,mm,40mm
111,m,111m
6,mm,6mm
41,mm,41mm
200,m,200m
138,m,138m
42,cm,42cm
121,mm,121mm
16,m,16m
45,mm,45mm
49,cm,49cm
14,m,14m
49,mm,49mm
237,cm,237cm
178,mm,178mm
36,mm,36mm
193,m,193m
108,mm,108mm
102,m,102m
79,cm,79cm
223,mm,223mm
227,m,227m
82,m,82m
182,mm,182mm
183,mm,183mm
69,m,69m
40,mm,40mm
137,mm,137mm
224,mm,224mm
152,cm,152cm
97,mm,97mm
62,mm,62mm
163,cm,163cm
87,cm,87cm
57,mm,57mm
8,mm,8mm
58,cm,58cm
118,cm,118cm
21,mm,21mm
69,m,69m
226,cm,226cm
219,cm,219cm
101,cm,101cm
22,mm,22mm
230,m,230m
64,cm,64cm
234,cm,234cm
8,cm,8cm
159,m,159m
93,m,93m
239,cm,239cm
101,mm,101mm
237,mm,237mm
215,m,215m
128,m,128m
201,mm,201mm
245,cm,245cm
211,mm,211mm
178,cm,178cm
30,mm,30mm
120,mm,120mm
47,m,47m
56,m,56m
210,mm,210mm
78,mm,78mm
202,mm,202mm
114,cm,114cm
170,mm,170mm
209,cm,209cm
184,cm,184cm
72,m,72m
195,m,195m
112,mm,112mm
104,mm,104mm
88,mm,88mm
4,m,4m
132,mm,132mm
42,cm,42cm
197,mm,197mm
32,m,32m
32,mm,32mm
161,mm,161mm
7,mm,7mm
171,mm,171mm
49,m,49m
184,mm,184mm
40,m,40m
22,m,22m
71,mm,71mm
190,m,190m
131,mm,131mm
38,mm,38mm
147,mm,147mm
17,m,17m
168,cm,168cm
84,m,84m
186,mm,186mm
29,m,29m
175,cm,175cm
2,m,2m
113,mm,113mm
77,mm,77mm
169,m,169m
194,cm,194cm
166,mm,166mm
152,m,152m
81,cm,81cm
233,cm,233cm
157,m,157m
220,cm,220cm
17,mm,17mm
218,m,218m
227,mm,227mm
103,cm,103cm
73,m,73m
5,m,5m
4,mm,4mm
75,mm,75mm
115,cm,115cm
240,m,240m
63,m,63m
38,mm,38mm
54,m,54m
193,m,193m
67,m,67m
224,mm,224mm
114,cm,114cm
55,m,55m
161,m,161m
133,m,133m
212,cm,212cm
216,cm,216cm
229,cm,229cm
188,cm,188cm
163,m,163m
157,cm,157cm
174,m,174m
191,cm,191cm
167,cm,167cm
108,cm,108cm
77,mm,77mm
247,mm,247mm
91,mm,91mm
45,mm,45mm
126,mm,126mm
118,cm,118cm
210,cm,210cm
90,m,90m
63,cm,63cm
165,m,165m
51,cm,51cm
16,cm,16cm
224,m,224m
87,mm,87mm
112,cm,112cm
214,m,214m
211,mm,211mm
45,mm,45mm
209,cm,209cm
189,cm,189cm
39,cm,39cm
20,m,20m
42,m,42m
103,m,103m
249,mm,249mm
230,cm,230cm
209,mm,209mm
217,cm,217cm
113,m,113m
225,m,225m
106,mm,106mm
119,cm,119cm
103,m,103m
101,m,101m
234,mm,234mm
17,mm,17mm
118,mm,118mm
209,cm,209cm
94,mm,94mm
240,cm,240cm
193,m,193m
90,cm,90cm
128,cm,128cm
53,mm,53mm
134,mm,134mm
138,m,138m
75,cm,75cm
73,mm,73mm
250,m,250m
173,mm,173mm
64,m,64m
67,cm,67cm
193,mm,193mm
246,cm,246cm
219,mm,219mm
207,mm,207mm
121,mm,121mm
179,m,179m
29,cm,29cm
211,m,211m
61,cm,61cm
184,cm,184cm
110,cm,110cm
85,cm,85cm
110,mm,110mm
235,mm,235mm
50,cm,50cm
87,cm,87cm
66,cm,66cm
57,cm,57cm
47,cm,47cm
233,mm,233mm
26,cm,26cm
91,cm,91cm
200,m,200m
28,mm,28mm
212,cm,212cm
121,cm,121cm
143,cm,143cm
217,mm,217mm
55,cm,55cm
249,mm,249mm
164,m,164m
185,cm,185cm
97,cm,97cm
211,m,211m
202,m,202m
116,mm,116mm
239,m,239m
224,mm,224mm
109,m,109m
69,cm,69cm
32,m,32m
3,cm,3cm
31,cm,31cm
158,m,158m
19,cm,19cm
250,m,250m
238,m,238m
192,m,192m
234,mm,234mm
245,m,245m
155,mm,155mm
219,mm,219mm
92,cm,92cm
231,cm,231cm
6,mm,6mm
102,mm,102mm
122,mm,122mm
210,m,210m
15,mm,15mm
166,mm,166mm
169,m,169m
209,m,209m
90,cm,90cm
7,m,7m
38,m,38m
4,m,4m
161,cm,161cm
168,cm,168cm
73,m,73m
176,mm,176mm
207,m,207m
19,mm,19mm
106,mm,106mm
98,cm,98cm
75,mm,75mm
41,cm,41cm
36,m,36m
242,cm,242cm
182,cm,182cm
48,cm,48cm
32,cm,32cm
207,m,207m
104,cm,104cm
7,mm,7mm
205,m,205m
250,mm,250mm
119,mm,119mm
213,mm,213mm
35,cm,35cm
28,m,28m
82,mm,82mm
132,mm,132mm
169,cm,169cm
41,m,41m
68,cm,68cm
44,m,44m
49,m,49m
53,cm,53cm
217,m,217m
148,mm,148mm
33,m,33m
157,cm,157cm
137,mm,137mm
85,mm,85mm
194,mm,194mm
93,cm,93cm
176,m,176m
44,mm,44mm
112,mm,112mm
24,cm,24cm
128,cm,128cm
165,m,165m
201,m,201m
201,mm,201mm
68,mm,68mm
77,m,77m
103,cm,103cm
108,cm,108cm
248,m,248m
184,cm,184cm
56,mm,56mm
210,cm,210cm
12,cm,12cm
50,cm,50cm
168,mm,168mm
94,m,94m
31,m,31m
249,m,249m
43,cm,43cm
46,mm,46mm
88,m,88m
88,cm,88cm
180,mm,180mm
50,cm,50cm
106,mm,106mm
207,m,207m
176,m,176m
9,cm,9cm
187,mm,187mm
135,m,135m
144,m,144m
77,cm,77cm
203,cm,203cm
78,m,78m
200,cm,200cm
129,mm,129mm
10,cm,10cm
227,m,227m
58,cm,58cm
242,mm,242mm
18,m,18m
113,m,113m
19,mm,19mm
133,mm,133mm
225,mm,225mm
33,mm,33mm
5,cm,5cm
49,m,49m
224,mm,224mm
147,mm,147mm
210,mm,210mm
183,cm,183cm
43,mm,43mm
96,m,96m
223,m,223m
70,cm,70cm
149,cm,149cm
50,mm,50mm
212,mm,212mm
190,cm,190cm
215,mm,215mm
186,cm,186cm
52,mm,52mm
61,mm,61mm
198,cm,198cm
103,mm,103mm
52,mm,52mm
193,m,193m
225,m,225m
244,m,244m
176,m,176m
116,m,116m
117,mm,117mm
89,mm,89mm
192,mm,192mm
76,mm,76mm
193,m,193m
199,mm,199mm
144,mm,144mm
55,mm,55mm
218,mm,218mm
94,m,94m
225,m,225m
225,cm,225cm
249,mm,249mm
129,cm,129cm
161,mm,161mm
95,cm,95cm
213,m,213m
72,m,72m
14,m,14m
78,mm,78mm
187,cm,187cm
71,mm,71mm
154,cm,154cm
202,cm,202cm
159,mm,159mm
222,mm,222mm
179,m,179m
84,m,84m
59,mm,59mm
241,m,241m
213,m,213m
147,cm,147cm
3,m,3m
109,m,109m
162,mm,162mm
178,mm,178mm
250,m,250m
195,mm,195mm
52,m,52m
170,mm,170mm
69,mm,69mm
208,cm,208cm
168,m,168m
123,mm,123mm
72,mm,72mm
50,cm,50cm
148,mm,148mm
6,m,6m
121,m,121m
153,cm,153cm
112,cm,112cm
120,m,120m
242,mm,242mm
134,mm,134mm
78,mm,78mm
34,mm,34mm
135,m,135m
235,cm,235cm
159,m,159m
179,mm,179mm
199,cm,199cm
36,mm,36mm
224,cm,224cm
71,m,71m
230,cm,230cm
195,mm,195mm
139,cm,139cm
242,mm,242mm
195,mm,195mm
21,cm,21cm
36,m,36m
72,m,72m
133,cm,133cm
124,m,124m
171,m,171m
98,m,98m
152,cm,152cm
20,cm,20cm
77,mm,77mm
100,m,100m
82,m,82m
248,m,248m
184,m,184m
105,mm,105mm
87,m,87m
215,mm,215mm
23,m,23m
192,mm,192mm
23,m,23m
149,m,149m
47,mm,47mm
122,mm,122mm
237,cm,237cm
71,cm,71cm
29,mm,29mm
208,cm,208cm
52,mm,52mm
76,m,76m
149,mm,149mm
153,cm,153cm
45,cm,45cm
116,m,116m
65,cm,65cm
70,m,70m
210,m,210m
49,m,49m
80,m,80m
11,cm,11cm
243,mm,243mm
126,mm,126mm
181,m,181m
51,m,51m
232,cm,232cm
208,cm,208cm
211,cm,211cm
1,m,1m
34,cm,34cm
39,m,39m
192,cm,192cm
207,cm,207cm
247,cm,247cm
21,m,21m
23,m,23m
158,m,158m
8,mm,8mm
241,cm,241cm
100,m,100m
101,mm,101mm
134,mm,134mm
13,cm,13cm
250,mm,250mm
188,cm,188cm
185,cm,185cm
8,mm,8mm
218,mm,218mm
37,mm,37mm
47,mm,47mm
156,cm,156cm
105,mm,105mm
214,cm,214cm
110,m,110m
38,m,38m
43,m,43m
204,m,204m
172,mm,172mm
217,cm,217cm
181,mm,181mm
146,m,146m
233,cm,233cm
53,mm,53mm
33,cm,33cm
109,m,109m
20,mm,20mm
101,mm,101mm
158,m,158m
172,m,172m
178,mm,178mm
130,m,130m
57,m,57m
64,m,64m
25,cm,25cm
158,cm,158cm
139,cm,139cm
56,cm,56cm
174,mm,174mm
234,cm,234cm
241,mm,241mm
147,m,147m
35,cm,35cm
95,mm,95mm
104,mm,104mm
210,cm,210cm
230,m,230m
116,mm,116mm
183,cm,183cm
56,mm,56mm
195,cm,195cm
146,cm,146cm
16,cm,16cm
233,cm,233cm
237,m,237m
19,m,19m
206,cm,206cm
209,cm,209cm
64,cm,64cm
171,m,171m
157,cm,157cm
154,mm,154mm
249,mm,249mm
80,mm,80mm
142,m,142m
10,cm,10cm
93,m,93m
140,cm,140cm
96,mm,96mm
202,m,202m
83,cm,83cm
240,mm,240mm
79,mm,79mm
147,mm,147mm
199,mm,199mm
81,cm,81cm
5,m,5m
89,m,89m
226,mm,226mm
28,mm,28mm
181,cm,181cm
215,cm,215cm
154,mm,154mm
152,m,152m
57,cm,57cm
20,cm,20cm
111,cm,111cm
235,cm,235cm
179,mm,179mm
79,m,79m
128,cm,128cm
17,cm,17cm
115,cm,115cm
138,mm,138mm
147,m,147m
166,m,166m
120,cm,120cm
239,mm,239mm
168,m,168m
184,mm,184mm
82,mm,82mm
103,mm,103mm
78,mm,78mm
207,mm,207mm
220,mm,220mm
25,mm,25mm
209,mm,209mm
47,mm,47mm
44,cm,44cm
36,m,36m
183,m,183m
157,mm,157mm
165,m,165m
221,mm,221mm
207,mm,207mm
104,m,104m
250,mm,250mm
143,m,143m
123,m,123m
112,m,112m
155,mm,155mm
205,cm,205cm
113,cm,113cm
218,mm,218mm
109,cm,109cm
122,mm,122mm
94,mm,94mm
201,mm,201mm
141,m,141m
201,mm,201mm
208,m,208m
77,mm,77mm
71,cm,71cm
152,cm,152cm
179,mm,179mm
168,m,168m
40,mm,40mm
92,mm,92mm
201,mm,201mm
197,cm,197cm
44,cm,44cm
56,cm,56cm
151,cm,151cm
249,m,249m
53,m,53m
86,m,86m
232,cm,232cm
103,cm,103cm
12,m,12m
134,m,134m
1,m,1m
205,mm,205mm
218,m,218m
192,m,192m
141,cm,141cm
99,m,99m
183,m,183m
119,mm,119mm
137,mm,137mm
10,cm,10cm
69,m,69m
124,m,124m
128,cm,128cm
189,m,189m
179,cm,179cm
114,m,114m
65,mm,65mm
187,m,187m
112,cm,112cm
52,cm,52cm
213,cm,213cm
235,m,235m
243,cm,243cm
241,m,241m
83,m,83m
186,m,186m
111,cm,111cm
45,m,45m
177,m,177m
159,mm,159mm
167,cm,167cm
167,cm,167cm
243,cm,243cm
118,mm,118mm
214,cm,214cm
104,mm,104mm
246,cm,246cm
42,cm,42cm
193,cm,193cm
204,mm,204mm
233,m,233m
88,cm,88cm
102,mm,102mm
143,m,143m
154,cm,154cm
249,mm,249mm
46,cm,46cm
189,m,189m
1,m,1m
17,mm,17mm
126,cm,126cm
164,m,164m
208,cm,208cm
7,m,7m
95,m,95m
11,mm,11mm
83,m,83m
125,m,125m
32,cm,32cm
182,cm,182cm
139,cm,139cm
28,mm,28mm
80,mm,80mm
189,mm,189mm
11,mm,11mm
134,m,134m
77,cm,77cm
149,m,149m
105,m,105m
219,m,219m
40,mm,40mm
52,mm,52mm
137,cm,137cm
96,m,96m
58,cm,58cm
37,mm,37mm
87,mm,87mm
146,m,146m
152,cm,152cm
53,m,53m
227,mm,227mm
158,cm,158cm
114,cm,114cm
54,cm,54cm
238,cm,238cm
185,mm,185mm
39,mm,39mm
194,m,194m
188,m,188m
58,mm,58mm
45,mm,45mm
249,m,249m
213,mm,213mm
232,m,232m
31,cm,31cm
58,mm,58mm
128,mm,128mm
225,cm,225cm
47,mm,47mm
169,cm,169cm
56,cm,56cm
104,cm,104cm
26,mm,26mm
4,cm,4cm
133,mm,133mm
102,mm,102mm
150,mm,150mm
167,cm,167cm
133,cm,133cm
230,cm,230cm
74,mm,74mm
23,mm,23mm
219,m,219m
137,mm,137mm
13,m,13m
145,mm,145mm
136,mm,136mm
237,mm,237mm
111,cm,111cm
126,mm,126mm
33,mm,33mm
209,m,209m
15,cm,15cm
186,m,186m
128,mm,128mm
51,m,51m
173,mm,173mm
55,m,55m
240,mm,240mm
211,mm,211mm
40,cm,40cm
132,cm,132cm
133,m,133m
199,mm,199mm
82,cm,82cm
182,mm,182mm
183,m,183m
147,mm,147mm
122,m,122m
31,mm,31mm
188,m,188m
40,cm,40cm
249,mm,249mm
107,cm,107cm
49,m,49m
69,mm,69mm
107,cm,107cm
209,cm,209cm
117,cm,117cm
141,m,141m
145,m,145m
167,cm,167cm
226,cm,226cm
12,m,12m
134,m,134m
122,cm,122cm
107,mm,107mm
60,m,60m
14,m,14m
9,cm,9cm
207,m,207m
55,mm,55mm
133,cm,133cm
37,m,37m
162,m,162m
133,mm,133mm
234,m,234m
45,m,45m
88,mm,88mm
248,cm,248cm
159,cm,159cm
104,cm,104cm
184,cm,184cm
7,m,7m
47,m,47m
202,mm,202mm
121,cm,121cm
35,mm,35mm
8,m,8m
186,m,186m
120,cm,120cm
223,mm,223mm
43,m,43m
16,cm,16cm
105,m,105m
204,mm,204mm
74,cm,74cm
69,mm,69mm
210,mm,210mm
160,m,160m
230,mm,230mm
216,m,216m
115,cm,115cm
218,m,218m
57,m,57m
228,cm,228cm
114,m,114m
145,cm,145cm
224,m,224m
124,cm,124cm
247,m,247m
25,cm,25cm
96,m,96m
119,mm,119mm
100,cm,100cm
104,cm,104cm
161,m,161m
35,mm,35mm
169,mm,169mm
74,m,74m
66,cm,66cm
142,mm,142mm
184,mm,184mm
32,cm,32cm
60,m,60m
65,mm,65mm
19,m,19m
95,m,95m
132,m,132m
65,mm,65mm
83,cm,83cm
139,cm,139cm
18,m,18m
85,mm,85mm
65,cm,65cm
165,cm,165cm
100,mm,100mm
144,mm,144mm
239,cm,239cm
207,m,207m
113,mm,113mm
135,cm,135cm
186,cm,186cm
112,cm,112cm
223,mm,223mm
221,cm,221cm
95,m,95m
137,m,137m
137,cm,137cm
201,mm,201mm
208,m,208m
25,cm,25cm
42,cm,42cm
48,mm,48mm
21,cm,21cm
70,m,70m
137,m,137m
149,mm,149mm
173,mm,173mm
65,cm,65cm
171,m,171m
139,m,139m
167,cm,167cm
129,mm,129mm
89,m,89m
48,m,48m
193,mm,193mm
26,mm,26mm
169,cm,169cm
52,cm,52cm
161,cm,161cm
163,m,163m
145,cm,145cm
231,mm,231mm
108,m,108m
153,mm,153mm
165,m,165m
17,cm,17cm
2,m,2m
94,mm,94mm
165,mm,165mm
72,cm,72cm
132,m,132m
193,m,193m
219,m,219m
30,m,30m
20,mm,20mm
236,mm,236mm
38,m,38m
86,mm,86mm
76,cm,76cm
185,cm,185cm
33,mm,33mm
131,m,131m
52,mm,52mm
221,m,221m
165,mm,165mm
1,m,1m
95,cm,95cm
169,m,169m
47,m,47m
107,mm,107mm
165,cm,165cm
57,mm,57mm
243,m,243m
59,cm,59cm
126,m,126m
42,m,42m
60,m,60m
153,m,153m
215,m,215m
46,m,46m
95,m,95m
146,m,146m
107,cm,107cm
133,m,133m
243,cm,243cm
17,cm,17cm
115,mm,115mm
176,m,176m
227,m,227m
215,cm,215cm
27,m,27m
232,m,232m
187,mm,187mm
103,mm,103mm
72,m,72m
51,m,51m
116,cm,116cm
11,cm,11cm
35,cm,35cm
205,mm,205mm
62,mm,62mm
151,mm,151mm
140,m,140m
244,cm,244cm
14,m,14m
135,cm,135cm
107,mm,107mm
174,mm,174mm
68,mm,68mm
197,mm,197mm
103,m,103m
100,cm,100cm
128,m,128m
237,mm,237mm
155,m,155m
58,mm,58mm
207,mm,207mm
154,mm,154mm
194,m,194m
103,m,103m
8,cm,8cm
56,m,56m
3,cm,3cm
246,cm,246cm
47,m,47m
135,m,135m
217,mm,217mm
134,m,134m
112,mm,112mm
42,mm,42mm
16,m,16m
169,mm,169mm
21,cm,21cm
56,m,56m
140,cm,140cm
229,m,229m
13,m,13m
78,cm,78cm
148,mm,148mm
70,mm,70mm
52,mm,52mm
220,mm,220mm
219,cm,219cm
1,mm,1mm
84,cm,84cm
152,m,152m
173,m,173m
200,m,200m
116,mm,116mm
52,m,52m
242,mm,242mm
53,mm,53mm
111,cm,111cm
124,m,124m
151,cm,151cm
61,m,61m
219,cm,219cm
8,cm,8cm
166,mm,166mm
167,mm,167mm
1,cm,1cm
147,m,147m
221,mm,221mm
181,cm,181cm
248,mm,248mm
145,m,145m
104,cm,104cm
8,cm,8cm
98,cm,98cm
32,mm,32mm
210,mm,210mm
159,cm,159cm
91,cm,91cm
58,m,58m
173,cm,173cm
207,mm,207mm
225,mm,225mm
102,mm,102mm
206,cm,206cm
192,mm,192mm
242,mm,242mm
42,mm,42mm
73,cm,73cm
97,cm,97cm
26,m,26m
141,mm,141mm
158,cm,158cm
116,mm,116mm
90,m,90m
41,mm,41mm
96,m,96m
78,m,78m
81,mm,81mm
180,mm,180mm
207,m,207m
62,cm,62cm
51,mm,51mm
146,cm,146cm
60,cm,60cm
68,m,68m
22,mm,22mm
65,cm,65cm
69,m,69m
100,mm,100mm
166,m,166m
63,cm,63cm
92,m,92m
114,cm,114cm
232,cm,232cm
205,m,205m
239,cm,239cm
81,m,81m
188,m,188m
203,mm,203mm
225,m,225m
85,mm,85mm
222,m,222m
20,m,20m
228,cm,228cm
174,cm,174cm
160,m,160m
46,cm,46cm
198,m,198m
147,cm,147cm
10,cm,10cm
73,cm,73cm
200,cm,200cm
2,m,2m
35,mm,35mm
82,mm,82mm
126,m,126m
113,m,113m
36,m,36m
72,m,72m
133,cm,133cm
141,mm,141mm
33,m,33m
175,m,175m
157,mm,157mm
187,cm,187cm
168,cm,168cm
86,mm,86mm
194,cm,194cm
52,mm,52mm
226,m,226m
241,mm,241mm
181,mm,181mm
191,m,191m
126,m,126m
44,cm,44cm
101,mm,101mm
129,cm,129cm
208,m,208m
139,cm,139cm
126,mm,126mm
33,cm,33cm
172,mm,172mm
72,mm,72mm
219,m,219m
236,cm,236cm
82,m,82m
121,cm,121cm
64,mm,64mm
136,m,136m
34,m,34m
20,mm,20mm
141,m,141m
135,m,135m
105,cm,105cm
70,cm,70cm
169,m,169m
19,m,19m
16,cm,16cm
27,m,27m
7,cm,7cm
69,m,69m
229,mm,229mm
175,m,175m
137,cm,137cm
168,m,168m
244,cm,244cm
82,m,82m
233,cm,233cm
233,mm,233mm
172,cm,172cm
188,cm,188cm
42,mm,42mm
61,m,61m
2,cm,2cm
25,m,25m
1,cm,1cm
193,cm,193cm
56,m,56m
185,m,185m
50,cm,50cm
121,m,121m
203,mm,203mm
151,mm,151mm
8,mm,8mm
78,mm,78mm
79,mm,79mm
173,cm,173cm
121,mm,121mm
60,m,60m
24,cm,24cm
92,mm,92mm
220,mm,220mm
191,m,191m
119,cm,119cm
9,m,9m
121,cm,121cm
76,mm,76mm
31,cm,31cm
247,m,247m
21,m,21m
26,m,26m
226,m,226m
79,cm,79cm
72,mm,72mm
187,cm,187cm
191,m,191m
21,mm,21mm
9,cm,9cm
13,m,13m
212,mm,212mm
231,cm,231cm
232,m,232m
207,m,207m
75,m,75m
35,cm,35cm
12,m,12m
58,cm,58cm
232,mm,232mm
209,mm,209mm
14,cm,14cm
147,mm,147mm
154,mm,154mm
91,cm,91cm
186,m,186m
247,mm,247mm
91,mm,91mm
97,m,97m
225,mm,225mm
51,cm,51cm
171,m,171m
64,cm,64cm
133,cm,133cm
32,mm,32mm
220,cm,220cm
83,m,83m
67,m,67m
60,cm,60cm
7,cm,7cm
232,mm,232mm
73,cm,73cm
212,m,212m
99,mm,99mm
26,m,26m
61,mm,61mm
108,m,108m
217,cm,217cm
75,mm,75mm
203,m,203m
178,m,178m
178,mm,178mm
198,m,198m
200,mm,200mm
148,m,148m
41,mm,41mm
120,cm,120cm
168,mm,168mm
100,mm,100mm
164,mm,164mm
136,cm,136cm
26,m,26m
48,cm,48cm
8,m,8m
180,m,180m
168,mm,168mm
238,mm,238mm
128,m,128m
108,mm,108mm
245,m,245m
11,m,11m
227,mm,227mm
203,cm,203cm
200,cm,200cm
152,cm,152cm
25,cm,25cm
233,mm,233mm
67,cm,67cm
116,m,116m
196,cm,196cm
72,m,72m
66,cm,66cm
132,cm,132cm
104,m,104m
152,cm,152cm
64,m,64m
15,m,15m
64,mm,64mm
174,mm,174mm
241,mm,241mm
143,mm,143mm
33,m,33m
55,mm,55mm
64,mm,64mm
194,mm,194mm
47,m,47m
138,m,138m
158,cm,158cm
202,m,202m
166,cm,166cm
132,m,132m
23,m,23m
220,mm,220mm
241,m,241m
145,m,145m
96,cm,96cm
228,m,228m
110,m,110m
1,m,1m
35,mm,35mm
222,m,222m
175,cm,175cm
107,m,107m
248,m,248m
151,cm,151cm
212,cm,212cm
156,cm,156cm
25,mm,25mm
189,mm,189mm
159,mm,159mm
152,mm,152mm
141,m,141m
166,cm,166cm
242,m,242m
159,cm,159cm
178,mm,178mm
62,m,62m
58,m,58m
207,mm,207mm
163,m,163m
242,m,242m
221,cm,221cm
234,mm,234mm
158,m,158m
199,mm,199mm
187,m,187m
218,m,218m
68,m,68m
207,m,207m
247,mm,247mm
123,m,123m
115,cm,115cm
200,m,200m
123,cm,123cm
245,mm,245mm
151,m,151m
207,m,207m
110,cm,110cm
65,cm,65cm
210,m,210m
144,mm,144mm
113,m,113m
28,m,28m
52,m,52m
19,m,19m
43,cm,43cm
138,m,138m
35,cm,35cm
91,mm,91mm
207,cm,207cm
182,m,182m
69,m,69m
30,mm,30mm
194,m,194m
55,m,55m
250,mm,250mm
207,cm,207cm
3,m,3m
116,cm,116cm
169,m,169m
87,m,87m
116,m,116m
105,cm,105cm
149,cm,149cm
134,mm,134mm
248,m,248m
240,m,240m
40,mm,40mm
20,cm,20cm
87,mm,87mm
5,cm,5cm
151,mm,151mm
93,cm,93cm
226,cm,226cm
27,cm,27cm
63,mm,63mm
133,mm,133mm
73,cm,73cm
189,mm,189mm
126,cm,126cm
26,m,26m
48,cm,48cm
133,cm,133cm
221,m,221m
152,m,152m
22,mm,22mm
103,mm,103mm
91,cm,91cm
237,cm,237cm
108,mm,108mm
46,mm,46mm
183,cm,183cm
191,cm,191cm
175,m,175m
141,mm,141mm
25,cm,25cm
135,cm,135cm
47,cm,47cm
41,cm,41cm
104,m,104m
220,m,220m
189,cm,189cm
35,mm,35mm
190,mm,190mm
34,mm,34mm
43,cm,43cm
100,m,100m
160,m,160m
111,cm,111cm
200,m,200m
161,mm,161mm
6,mm,6mm
28,m,28m
3,mm,3mm
183,mm,183mm
108,mm,108mm
26,mm,26mm
200,m,200m
211,m,211m
185,m,185m
141,cm,141cm
131,m,131m
133,m,133m
119,cm,119cm
179,cm,179cm
67,mm,67mm
220,mm,220mm
163,m,163m
91,mm,91mm
123,mm,123mm
47,cm,47cm
76,cm,76cm
185,cm,185cm
188,cm,188cm
249,m,249m
33,cm,33cm
243,m,243m
236,mm,236mm
30,cm,30cm
58,m,58m
17,m,17m
20,m,20m
95,cm,95cm
241,cm,241cm
46,mm,46mm
225,m,225m
245,cm,245cm
47,m,47m
11,m,11m
248,m,248m
20,m,20m
133,cm,133cm
83,m,83m
50,mm,50mm
79,m,79m
7,cm,7cm
48,m,48m
161,m,161m
130,cm,130cm
179,m,179m
44,m,44m
101,m,101m
189,m,189m
248,m,248m
95,cm,95cm
235,mm,235mm
46,m,46m
203,cm,203cm
151,cm,151cm
220,cm,220cm
109,mm,109mm
76,m,76m
19,cm,19cm
184,m,184m
39,m,39m
5,m,5m
142,m,142m
231,mm,231mm
141,m,141m
43,mm,43mm
12,m,12m
73,cm,73cm
152,m,152m
38,cm,38cm
73,cm,73cm
128,m,128m
43,mm,43mm
199,cm,199cm
76,mm,76mm
179,mm,179mm
205,cm,205cm
232,m,232m
166,mm,166mm
19,mm,19mm
164,mm,164mm
105,mm,105mm
204,mm,204mm
191,cm,191cm
115,cm,115cm
228,mm,228mm
56,cm,56cm
211,m,211m
6,m,6m
12,m,12m
167,mm,167mm
22,m,22m
181,mm,181mm
236,mm,236mm
219,mm,219mm
45,m,45m
133,cm,133cm
113,mm,113mm
190,cm,190cm
31,mm,31mm
213,mm,213mm
201,cm,201cm
190,cm,190cm
225,mm,225mm
98,m,98m
16,m,16m
118,m,118m
21,m,21m
231,cm,231cm
100,cm,100cm
156,cm,156cm
130,mm,130mm
69,cm,69cm
105,m,105m
84,m,84m
34,mm,34mm
236,cm,236cm
28,m,28m
238,m,238m
1,m,1m
74,mm,74mm
64,m,64m
16,m,16m
98,m,98m
36,cm,36cm
197,mm,197mm
8,m,8m
53,mm,53mm
91,mm,91mm
74,mm,74mm
226,m,226m
73,mm,73mm
67,cm,67cm
166,cm,166cm
55,cm,55cm
67,cm,67cm
169,mm,169mm
185,cm,185cm
209,m,209m
177,mm,177mm
100,cm,100cm
87,cm,87cm
20,m,20m
133,cm,133cm
247,cm,247cm
187,cm,187cm
222,m,222m
224,m,224m
104,cm,104cm
99,mm,99mm
184,mm,184mm
138,mm,138mm
207,cm,207cm
55,mm,55mm
196,m,196m
94,mm,94mm
75,mm,75mm
120,mm,120mm
237,m,237m
103,mm,103mm
20,cm,20cm
43,mm,43mm
245,mm,245mm
190,m,190m
116,m,116m
184,mm,184mm
63,m,63m
128,cm,128cm
197,cm,197cm
242,mm,242mm
36,cm,36cm
46,mm,46mm
4,mm,4mm
165,mm,165mm
217,mm,217mm
43,cm,43cm
40,mm,40mm
151,cm,151cm
18,m,18m
46,cm,46cm
156,mm,156mm
137,m,137m
29,m,29m
174,cm,174cm
228,mm,228mm
190,mm,190mm
112,cm,112cm
123,cm,123cm
246,m,246m
219,mm,219mm
162,m,162m
26,cm,26cm
57,cm,57cm
64,m,64m
3,cm,3cm
50,m,50m
54,cm,54cm
117,cm,117cm
202,mm,202mm
108,cm,108cm
102,mm,102mm
211,cm,211cm
244,mm,244mm
227,cm,227cm
87,m,87m
151,cm,151cm
191,mm,191mm
171,cm,171cm
193,m,193m
201,m,201m
217,mm,217mm
20,m,20m
78,cm,78cm
107,m,107m
142,m,142m
242,mm,242mm
198,m,198m
184,mm,184mm
45,m,45m
144,mm,144mm
17,cm,17cm
91,cm,91cm
154,m,154m
31,mm,31mm
23,cm,23cm
200,cm,200cm
172,mm,172mm
10,cm,10cm
49,mm,49mm
211,cm,211cm
57,cm,57cm
147,mm,147mm
23,mm,23mm
239,m,239m
61,cm,61cm
64,cm,64cm
110,mm,110mm
98,mm,98mm
15,mm,15mm
27,cm,27cm
94,mm,94mm
30,m,30m
186,mm,186mm
102,cm,102cm
38,cm,38cm
176,mm,176mm
107,m,107m
137,m,137m
207,m,207m
249,m,249m
215,cm,215cm
202,m,202m
122,cm,122cm
236,mm,236mm
62,mm,62mm
164,cm,164cm
186,mm,186mm
143,mm,143mm
93,m,93m
222,cm,222cm
71,cm,71cm
145,m,145m
201,cm,201cm
54,cm,54cm
164,mm,164mm
150,m,150m
175,cm,175cm
209,m,209m
26,mm,26mm
189,m,189m
208,m,208m
9,m,9m
98,cm,98cm
21,mm,21mm
150,m,150m
216,mm,216mm
136,mm,136mm
168,m,168m
42,cm,42cm
106,mm,106mm
29,m,29m
19,cm,19cm
77,cm,77cm
7,cm,7cm
130,mm,130mm
50,m,50m
83,m,83m
247,m,247m
1,m,1m
111,cm,111cm
96,m,96m
217,m,217m
157,m,157m
153,cm,153cm
239,mm,239mm
248,mm,248mm
79,cm,79cm
42,mm,42mm
7,mm,7mm
151,mm,151mm
59,m,59m
91,m,91m
174,cm,174cm
247,mm,247mm
41,m,41m
47,m,47m
146,mm,146mm
33,m,33m
133,m,133m
54,m,54m
76,mm,76mm
70,mm,70mm
79,mm,79mm
167,m,167m
144,m,144m
144,m,144m
40,m,40m
159,m,159m
80,mm,80mm
168,mm,168mm
138,m,138m
249,cm,249cm
40,m,40m
112,cm,112cm
54,mm,54mm
122,m,122m
13,cm,13cm
113,m,113m
147,m,147m
116,cm,116cm
148,m,148m
164,cm,164cm
54,cm,54cm
100,m,100m
7,cm,7cm
47,m,47m
234,mm,234mm
151,mm,151mm
63,m,63m
98,m,98m
64,m,64m
134,cm,134cm
71,mm,71mm
50,cm,50cm
138,mm,138mm
100,mm,100mm
200,cm,200cm
13,m,13m
131,m,131m
66,mm,66mm
188,mm,188mm
154,cm,154cm
38,mm,38mm
33,cm,33cm
206,cm,206cm
181,mm,181mm
64,mm,64mm
249,m,249m
73,m,73m
199,mm,199mm
17,m,17m
144,cm,144cm
45,mm,45mm
175,m,175m
104,mm,104mm
62,m,62m
234,mm,234mm
160,mm,160mm
111,m,111m
178,mm,178mm
180,mm,180mm
150,m,150m
79,cm,79cm
126,mm,126mm
222,m,222m
217,m,217m
219,cm,219cm
215,m,215m
185,m,185m
71,mm,71mm
30,m,30m
134,m,134m
219,mm,219mm
21,mm,21mm
72,m,72m
164,cm,164cm
232,cm,232cm
29,mm,29mm
180,cm,180cm
16,m,16m
138,m,138m
240,cm,240cm
68,cm,68cm
18,m,18m
138,m,138m
244,m,244m
69,m,69m
140,cm,140cm
90,m,90m
216,mm,216mm
26,mm,26mm
169,mm,169mm
179,mm,179mm
184,cm,184cm
101,cm,101cm
240,mm,240mm
51,cm,51cm
131,m,131m
95,m,95m
150,mm,150mm
20,m,20m
89,mm,89mm
56,cm,56cm
101,m,101m
73,mm,73mm
197,cm,197cm
103,mm,103mm
187,mm,187mm
37,cm,37cm
181,cm,181cm
99,cm,99cm
23,mm,23mm
145,cm,145cm
11,m,11m
39,m,39m
134,mm,134mm
57,cm,57cm
84,cm,84cm
141,mm,141mm
169,mm,169mm
245,cm,245cm
11,cm,11cm
238,cm,238cm
150,cm,150cm
42,m,42m
1,m,1m
175,m,175m
215,m,215m
57,m,57m
183,m,183m
83,mm,83mm
213,cm,213cm
1,cm,1cm
64,mm,64mm
43,m,43m
73,mm,73mm
106,mm,106mm
122,mm,122mm
202,cm,202cm
185,mm,185mm
185,mm,185mm
232,cm,232cm
91,mm,91mm
47,m,47m
134,mm,134mm
90,m,90m
238,m,238m
185,mm,185mm
206,mm,206mm
242,m,242m
182,mm,182mm
233,cm,233cm
171,mm,171mm
2,cm,2cm
100,mm,100mm
43,cm,43cm
104,mm,104mm
139,m,139m
214,mm,214mm
199,cm,199cm
14,cm,14cm
132,cm,132cm
11,mm,11mm
167,cm,167cm
164,m,164m
112,mm,112mm
53,cm,53cm
167,cm,167cm
65,m,65m
29,cm,29cm
89,cm,89cm
146,cm,146cm
209,mm,209mm
121,m,121m
11,mm,11mm
148,mm,148mm
160,mm,160mm
195,cm,195cm
238,mm,238mm
46,mm,46mm
120,m,120m
159,mm,159mm
185,cm,185cm
216,m,216m
3,mm,3mm
33,cm,33cm
247,mm,247mm
40,cm,40cm
219,cm,219cm
10,mm,10mm
192,m,192m
144,cm,144cm
212,m,212m
186,cm,186cm
138,m,138m
63,mm,63mm
250,m,250m
193,mm,193mm
129,cm,129cm
163,mm,163mm
209,cm,209cm
159,cm,159cm
93,mm,93mm
71,m,71m
153,cm,153cm
176,mm,176mm
56,cm,56cm
63,cm,63cm
240,m,240m
110,mm,110mm
129,mm,129mm
57,mm,57mm
59,mm,59mm
211,mm,211mm
29,cm,29cm
96,mm,96mm
1,mm,1mm
19,mm,19mm
8,cm,8cm
247,mm,247mm
231,mm,231mm
247,cm,247cm
119,cm,119cm
52,cm,52cm
29,mm,29mm
64,m,64m
73,mm,73mm
201,m,201m
79,m,79m
151,mm,151mm
80,mm,80mm
103,mm,103mm
54,m,54m
25,m,25m
143,mm,143mm
3,m,3m
24,m,24m
206,mm,206mm
1,cm,1cm
87,m,87m
59,m,59m
106,cm,106cm
32,m,32m
77,m,77m
24,m,24m
79,mm,79mm
206,m,206m
157,cm,157cm
116,m,116m
156,m,156m
43,cm,43cm
125,m,125m
119,cm,119cm
72,mm,72mm
9,mm,9mm
35,m,35m
22,cm,22cm
137,m,137m
53,cm,53cm
165,cm,165cm
135,mm,135mm
103,cm,103cm
4,mm,4mm
106,cm,106cm
176,mm,176mm
249,m,249m
107,m,107m
244,cm,244cm
178,cm,178cm
13,cm,13cm
226,m,226m
81,cm,81cm
144,mm,144mm
49,cm,49cm
79,cm,79cm
248,mm,248mm
111,m,111m
229,cm,229cm
56,m,56m
236,mm,236mm
5,cm,5cm
142,cm,142cm
158,cm,158cm
120,mm,120mm
111,m,111m
85,mm,85mm
178,m,178m
204,m,204m
12,mm,12mm
82,m,82m
224,m,224m
226,mm,226mm
156,cm,156cm
171,cm,171cm
235,m,235m
141,mm,141mm
88,mm,88mm
29,cm,29cm
153,mm,153mm
66,cm,66cm
159,cm,159cm
170,mm,170mm
82,m,82m
142,m,142m
241,mm,241mm
234,cm,234cm
32,cm,32cm
162,m,162m
61,cm,61cm
106,mm,106mm
79,mm,79mm
15,m,15m
237,m,237m
110,m,110m
208,mm,208mm
69,mm,69mm
91,cm,91cm
96,m,96m
102,mm,102mm
211,mm,211mm
137,cm,137cm
106,mm,106mm
17,mm,17mm
147,mm,147mm
76,m,76m
214,cm,214cm
94,m,94m
201,cm,201cm
209,m,209m
176,cm,176cm
250,m,250m
17,mm,17mm
167,cm,167cm
6,mm,6mm
84,mm,84mm
188,m,188m
86,mm,86mm
184,m,184m
83,m,83m
222,cm,222cm
96,m,96m
205,mm,205mm
86,m,86m
22,mm,22mm
229,cm,229cm
231,mm,231mm
8,mm,8mm
182,mm,182mm
227,cm,227cm
228,mm,228mm
22,cm,22cm
55,m,55m
78,m,78m
208,mm,208mm
55,cm,55cm
141,m,141m
96,mm,96mm
55,cm,55cm
102,mm,102mm
11,m,11m
79,mm,79mm
57,m,57m
200,m,200m
179,m,179m
134,cm,134cm
97,mm,97mm
92,cm,92cm
190,m,190m
28,cm,28cm
214,mm,214mm
59,cm,59cm
167,m,167m
163,cm,163cm
89,mm,89mm
202,cm,202cm
11,cm,11cm
139,cm,139cm
203,cm,203cm
84,m,84m
241,mm,241mm
124,m,124m
3,mm,3mm
70,m,70m
64,mm,64mm
183,cm,183cm
20,mm,20mm
75,m,75m
114,m,114m
204,mm,204mm
202,m,202m
189,m,189m
19,m,19m
206,m,206m
249,m,249m
199,m,199m
80,cm,80cm
178,mm,178mm
79,m,79m
9,m,9m
119,m,119m
17,cm,17cm
130,mm,130mm
100,mm,100mm
164,m,164m
4,cm,4cm
73,mm,73mm
90,m,90m
13,m,13m
212,m,212m
80,cm,80cm
69,cm,69cm
151,cm,151cm
246,mm,246mm
22,mm,22mm
160,mm,160mm
56,mm,56mm
1,cm,1cm
30,m,30m
218,cm,218cm
195,cm,195cm
92,m,92m
150,mm,150mm
219,mm,219mm
230,m,230m
35,mm,35mm
12,m,12m
112,mm,112mm
234,m,234m
194,cm,194cm
199,mm,199mm
84,m,84m
146,m,146m
215,mm,215mm
93,cm,93cm
76,mm,76mm
50,mm,50mm
128,mm,128mm
37,cm,37cm
209,mm,209mm
120,m,120m
172,cm,172cm
238,cm,238cm
72,m,72m
158,m,158m
125,cm,125cm
20,mm,20mm
150,cm,150cm
90,cm,90cm
101,cm,101cm
248,m,248m
28,mm,28mm
203,cm,203cm
225,cm,225cm
235,cm,235cm
93,m,93m
160,cm,160cm
204,m,204m
247,mm,247mm
138,m,138m
84,m,84m
59,mm,59mm
15,m,15m
1,m,1m
57,mm,57mm
181,cm,181cm
29,cm,29cm
142,mm,142mm
217,cm,217cm
107,cm,107cm
138,m,138m
73,cm,73cm
224,mm,224mm
57,mm,57mm
152,m,152m
214,cm,214cm
171,m,171m
242,cm,242cm
16,cm,16cm
88,m,88m
5,cm,5cm
157,m,157m
35,cm,35cm
110,m,110m
116,mm,116mm
25,mm,25mm
222,m,222m
170,cm,170cm
84,m,84m
70,m,70m
107,m,107m
249,mm,249mm
169,cm,169cm
207,cm,207cm
6,m,6m
207,mm,207mm
223,mm,223mm
10,cm,10cm
32,cm,32cm
124,m,124m
69,mm,69mm
173,cm,173cm
14,m,14m
107,mm,107mm
167,cm,167cm
227,m,227m
160,cm,160cm
9,cm,9cm
71,cm,71cm
45,mm,45mm
1,m,1m
177,m,177m
24,m,24m
196,cm,196cm
143,m,143m
48,m,48m
177,m,177m
70,cm,70cm
2,m,2m
118,m,118m
58,m,58m
137,m,137m
106,m,106m
29,mm,29mm
74,mm,74mm
233,mm,233mm
65,m,65m
205,mm,205mm
193,m,193m
124,mm,124mm
103,cm,103cm
104,m,104m
232,mm,232mm
52,mm,52mm
183,mm,183mm
94,mm,94mm
51,m,51m
12,m,12m
44,cm,44cm
131,m,131m
52,cm,52cm
184,mm,184mm
154,cm,154cm
137,mm,137mm
206,cm,206cm
70,cm,70cm
200,mm,200mm
32,cm,32cm
162,m,162m
102,mm,102mm
196,m,196m
240,mm,240mm
208,mm,208mm
34,cm,34cm
223,cm,223cm
121,cm,121cm
240,mm,240mm
112,mm,112mm
79,m,79m
247,cm,247cm
119,cm,119cm
208,mm,208mm
88,mm,88mm
113,m,113m
130,mm,130mm
220,cm,220cm
6,cm,6cm
147,mm,147mm
12,mm,12mm
159,m,159m
55,m,55m
86,cm,86cm
41,cm,41cm
193,cm,193cm
221,cm,221cm
17,m,17m
75,m,75m
149,m,149m
107,m,107m
89,m,89m
89,cm,89cm
176,cm,176cm
34,cm,34cm
100,m,100m
162,m,162m
41,m,41m
185,mm,185mm
216,cm,216cm
33,mm,33mm
167,cm,167cm
131,cm,131cm
246,m,246m
145,m,145m
18,m,18m
245,m,245m
63,mm,63mm
36,cm,36cm
156,cm,156cm
30,cm,30cm
189,m,189m
226,mm,226mm
48,cm,48cm
124,mm,124mm
54,mm,54mm
26,m,26m
162,m,162m
124,m,124m
100,mm,100mm
29,mm,29mm
211,m,211m
156,mm,156mm
80,mm,80mm
214,cm,214cm
111,mm,111mm
60,m,60m
52,mm,52mm
171,mm,171mm
82,cm,82cm
33,m,33m
245,m,245m
102,mm,102mm
173,mm,173mm
127,m,127m
172,cm,172cm
99,cm,99cm
189,m,189m
19,mm,19mm
6,mm,6mm
106,cm,106cm
101,m,101m
118,cm,118cm
211,cm,211cm
167,mm,167mm
43,cm,43cm
180,mm,180mm
94,cm,94cm
145,mm,145mm
59,cm,59cm
16,mm,16mm
146,mm,146mm
87,m,87m
131,mm,131mm
63,mm,63mm
115,cm,115cm
216,m,216m
27,mm,27mm
179,m,179m
245,m,245m
250,m,250m
150,cm,150cm
162,cm,162cm
32,mm,32mm
128,m,128m
226,cm,226cm
20,m,20m
124,mm,124mm
142,cm,142cm
13,cm,13cm
146,m,146m
127,m,127m
92,m,92m
158,m,158m
176,mm,176mm
218,mm,218mm
40,cm,40cm
221,cm,221cm
39,cm,39cm
183,mm,183mm
123,m,123m
185,cm,185cm
230,mm,230mm
32,m,32m
107,cm,107cm
193,cm,193cm
105,cm,105cm
248,cm,248cm
229,mm,229mm
217,cm,217cm
205,cm,205cm
138,m,138m
214,mm,214mm
68,mm,68mm
171,mm,171mm
185,cm,185cm
123,m,123m
216,mm,216mm
108,mm,108mm
84,cm,84cm
127,m,127m
137,cm,137cm
95,cm,95cm
212,m,212m
246,mm,246mm
98,mm,98mm
83,mm,83mm
183,cm,183cm
42,mm,42mm
32,cm,32cm
239,m,239m
67,cm,67cm
96,mm,96mm
26,mm,26mm
211,mm,211mm
170,cm,170cm
44,cm,44cm
11,cm,11cm
67,cm,67cm
113,m,113m
2,cm,2cm
45,mm,45mm
213,m,213m
193,mm,193mm
61,mm,61mm
52,cm,52cm
198,mm,198mm
140,m,140m
55,mm,55mm
99,m,99m
238,m,238m
26,mm,26mm
40,m,40m
172,mm,172mm
94,mm,94mm
114,m,114m
143,mm,143mm
33,mm,33mm
80,m,80m
223,m,223m
68,m,68m
226,cm,226cm
102,m,102m
12,mm,12mm
1,cm,1cm
118,mm,118mm
234,mm,234mm
213,cm,213cm
221,cm,221cm
150,cm,150cm
151,mm,151mm
31,cm,31cm
13,mm,13mm
12,cm,12cm
109,mm,109mm
130,mm,130mm
142,m,142m
70,mm,70mm
137,mm,137mm
248,m,248m
151,mm,151mm
153,cm,153cm
128,m,128m
123,mm,123mm
64,mm,64mm
93,cm,93cm
231,cm,231cm
185,m,185m
142,cm,142cm
75,m,75m
59,cm,59cm
70,cm,70cm
117,m,117m
169,m,169m
155,m,155m
129,cm,129cm
9,mm,9mm
16,m,16m
79,m,79m
229,mm,229mm
126,m,126m
15,cm,15cm
45,mm,45mm
141,m,141m
102,mm,102mm
100,mm,100mm
170,mm,170mm
95,cm,95cm
62,m,62m
179,mm,179mm
68,cm,68cm
127,mm,127mm
16,mm,16mm
163,mm,163mm
156,m,156m
246,m,246m
187,mm,187mm
98,mm,98mm
112,cm,112cm
66,m,66m
177,m,177m
18,mm,18mm
164,cm,164cm
111,m,111m
222,mm,222mm
200,mm,200mm
4,cm,4cm
115,mm,115mm
77,mm,77mm
126,cm,126cm
197,cm,197cm
182,mm,182mm
143,cm,143cm
150,m,150m
10,cm,10cm
166,m,166m
81,m,81m
103,m,103m
82,mm,82mm
102,m,102m
127,m,127m
108,m,108m
12,m,12m
106,cm,106cm
245,cm,245cm
201,mm,201mm
127,cm,127cm
140,m,140m
231,mm,231mm
50,mm,50mm
217,m,217m
190,mm,190mm
82,mm,82mm
104,m,104m
167,cm,167cm
223,m,223m
202,m,202m
115,cm,115cm
202,m,202m
20,cm,20cm
77,cm,77cm
141,m,141m
246,cm,246cm
114,cm,114cm
143,m,143m
135,cm,135cm
180,cm,180cm
90,cm,90cm
123,mm,123mm
61,m,61m
160,mm,160mm
161,cm,161cm
66,cm,66cm
34,cm,34cm
160,m,160m
224,m,224m
161,m,161m
102,m,102m
68,m,68m
34,cm,34cm
84,mm,84mm
243,mm,243mm
4,mm,4mm
207,m,207m
6,cm,6cm
204,mm,204mm
201,cm,201cm
245,m,245m
86,m,86m
95,m,95m
153,mm,153mm
6,cm,6cm
35,cm,35cm
41,mm,41mm
173,mm,173mm
36,m,36m
92,mm,92mm
14,cm,14cm
29,mm,29mm
159,cm,159cm
186,mm,186mm
64,m,64m
224,mm,224mm
238,m,238m
56,cm,56cm
180,cm,180cm
19,mm,19mm
181,mm,181mm
146,cm,146cm
50,mm,50mm
194,mm,194mm
168,cm,168cm
129,mm,129mm
84,cm,84cm
239,mm,239mm
228,cm,228cm
151,m,151m
55,mm,55mm
231,mm,231mm
12,mm,12mm
208,mm,208mm
165,m,165m
137,cm,137cm
233,cm,233cm
246,m,246m
187,mm,187mm
29,m,29m
215,mm,215mm
60,cm,60cm
46,m,46m
66,mm,66mm
92,cm,92cm
55,cm,55cm
203,mm,203mm
112,mm,112mm
78,m,78m
237,cm,237cm
51,cm,51cm
98,cm,98cm
180,mm,180mm
36,mm,36mm
222,cm,222cm
35,mm,35mm
223,m,223m
144,cm,144cm
217,mm,217mm
224,m,224m
142,mm,142mm
22,m,22m
48,mm,48mm
34,mm,34mm
170,mm,170mm
165,cm,165cm
49,m,49m
96,cm,96cm
82,cm,82cm
129,cm,129cm
25,cm,25cm
80,cm,80cm
162,mm,162mm
128,mm,128mm
219,cm,219cm
42,cm,42cm
208,mm,208mm
140,cm,140cm
247,mm,247mm
55,cm,55cm
225,cm,225cm
53,mm,53mm
6,mm,6mm
118,cm,118cm
245,m,245m
100,m,100m
35,mm,35mm
166,m,166m
16,m,16m
33,cm,33cm
117,mm,117mm
37,cm,37cm
186,mm,186mm
125,cm,125cm
52,m,52m
167,mm,167mm
37,mm,37mm
246,cm,246cm
224,mm,224mm
227,m,227m
48,mm,48mm
46,cm,46cm
74,m,74m
126,mm,126mm
124,cm,124cm
14,mm,14mm
228,mm,228mm
193,cm,193cm
210,cm,210cm
73,m,73m
85,m,85m
196,m,196m
109,m,109m
174,m,174m
100,cm,100cm
42,m,42m
247,mm,247mm
25,mm,25mm
13,mm,13mm
81,cm,81cm
102,cm,102cm
109,cm,109cm
171,cm,171cm
107,mm,107mm
182,cm,182cm
206,m,206m
52,m,52m
215,mm,215mm
166,m,166m
36,mm,36mm
3,m,3m
97,m,97m
102,m,102m
107,m,107m
145,m,145m
106,m,106m
50,mm,50mm
243,mm,243mm
233,cm,233cm
50,cm,50cm
119,mm,119mm
18,m,18m
175,cm,175cm
91,mm,91mm
180,m,180m
165,m,165m
41,m,41m
54,cm,54cm
57,m,57m
109,m,109m
26,cm,26cm
193,cm,193cm
238,mm,238mm
8,cm,8cm
152,mm,152mm
190,cm,190cm
155,cm,155cm
194,mm,194mm
60,cm,60cm
121,m,121m
175,m,175m
100,m,100m
132,m,132m
155,cm,155cm
239,cm,239cm
227,mm,227mm
29,m,29m
169,cm,169cm
46,mm,46mm
204,mm,204mm
192,m,192m
82,cm,82cm
183,cm,183cm
193,mm,193mm
80,cm,80cm
156,cm,156cm
247,mm,247mm
239,m,239m
76,m,76m
154,m,154m
87,cm,87cm
240,mm,240mm
138,cm,138cm
9,mm,9mm
243,cm,243cm
171,m,171m
185,m,185m
73,m,73m
237,cm,237cm
235,m,235m
238,cm,238cm
218,m,218m
120,cm,120cm
189,mm,189mm
23,mm,23mm
177,mm,177mm
177,cm,177cm
37,m,37m
68,cm,68cm
20,cm,20cm
137,m,137m
100,m,100m
65,mm,65mm
174,cm,174cm
64,mm,64mm
166,mm,166mm
173,cm,173cm
244,m,244m
143,mm,143mm
92,cm,92cm
222,m,222m
210,mm,210mm
221,mm,221mm
97,cm,97cm
17,m,17m
57,cm,57cm
200,m,200m
136,mm,136mm
125,mm,125mm
217,mm,217mm
31,cm,31cm
97,cm,97cm
22,cm,22cm
110,m,110m
220,cm,220cm
33,mm,33mm
100,mm,100mm
248,m,248m
227,cm,227cm
233,mm,233mm
77,m,77m
192,m,192m
151,mm,151mm
13,cm,13cm
219,cm,219cm
140,cm,140cm
45,mm,45mm
55,mm,55mm
116,m,116m
99,m,99m
97,mm,97mm
47,m,47m
78,cm,78cm
192,m,192m
145,m,145m
28,mm,28mm
131,cm,131cm
249,cm,249cm
112,mm,112mm
218,mm,218mm
210,m,210m
170,mm,170mm
50,cm,50cm
175,m,175m
216,m,216m
97,mm,97mm
163,mm,163mm
179,m,179m
138,cm,138cm
105,m,105m
234,m,234m
117,cm,117cm
64,cm,64cm
50,cm,50cm
203,m,203m
122,cm,122cm
199,m,199m
48,mm,48mm
8,mm,8mm
177,cm,177cm
173,mm,173mm
19,mm,19mm
109,mm,109mm
36,mm,36mm
173,cm,173cm
145,m,145m
234,cm,234cm
56,cm,56cm
236,cm,236cm
217,cm,217cm
66,m,66m
63,mm,63mm
99,cm,99cm
180,cm,180cm
103,mm,103mm
32,m,32m
206,mm,206mm
109,mm,109mm
10,mm,10mm
105,m,105m
230,mm,230mm
189,m,189m
222,mm,222mm
137,mm,137mm
77,mm,77mm
106,cm,106cm
75,m,75m
94,cm,94cm
195,m,195m
167,mm,167mm
140,cm,140cm
178,mm,178mm
210,mm,210mm
103,mm,103mm
155,mm,155mm
40,m,40m
25,m,25m
8,mm,8mm
58,mm,58mm
80,cm,80cm
246,m,246m
110,m,110m
33,mm,33mm
141,cm,141cm
210,cm,210cm
1,cm,1cm
59,cm,59cm
41,mm,41mm
163,cm,163cm
211,cm,211cm
114,cm,114cm
165,cm,165cm
233,m,233m
73,m,73m
151,mm,151mm
69,cm,69cm
87,cm,87cm
67,cm,67cm
139,mm,139mm
63,m,63m
196,cm,196cm
238,mm,238mm
228,mm,228mm
3,cm,3cm
250,m,250m
168,mm,168mm
49,mm,49mm
137,m,137m
34,m,34m
7,mm,7mm
69,cm,69cm
240,cm,240cm
107,cm,107cm
67,m,67m
214,mm,214mm
138,mm,138mm
132,m,132m
42,mm,42mm
59,m,59m
51,cm,51cm
1,m,1m
34,cm,34cm
249,cm,249cm
116,m,116m
75,m,75m
115,m,115m
127,mm,127mm
21,m,21m
249,m,249m
174,mm,174mm
116,m,116m
204,cm,204cm
124,cm,124cm
154,mm,154mm
118,cm,118cm
172,m,172m
57,cm,57cm
31,m,31m
97,mm,97mm
163,mm,163mm
9,mm,9mm
172,mm,172mm
148,m,148m
69,mm,69mm
139,cm,139cm
24,cm,24cm
54,cm,54cm
199,cm,199cm
233,mm,233mm
245,mm,245mm
83,cm,83cm
177,mm,177mm
23,m,23m
203,m,203m
152,m,152m
164,m,164m
111,mm,111mm
81,mm,81mm
18,cm,18cm
116,cm,116cm
44,m,44m
141,mm,141mm
62,m,62m
94,m,94m
182,cm,182cm
43,cm,43cm
224,cm,224cm
23,cm,23cm
102,cm,102cm
133,mm,133mm
32,mm,32mm
159,mm,159mm
84,m,84m
129,cm,129cm
64,mm,64mm
9,cm,9cm
64,mm,64mm
246,cm,246cm
155,mm,155mm
29,m,29m
170,cm,170cm
66,m,66m
174,m,174m
215,m,215m
50,m,50m
49,m,49m
207,m,207m
74,mm,74mm
106,m,106m
235,mm,235mm
55,cm,55cm
50,mm,50mm
116,m,116m
91,cm,91cm
112,m,112m
102,m,102m
113,cm,113cm
195,cm,195cm
5,mm,5mm
41,m,41m
95,mm,95mm
227,m,227m
35,m,35m
165,cm,165cm
171,mm,171mm
22,mm,22mm
7,mm,7mm
99,cm,99cm
6,mm,6mm
87,m,87m
118,m,118m
201,cm,201cm
117,m,117m
5,m,5m
242,mm,242mm
70,mm,70mm
135,cm,135cm
122,mm,122mm
162,m,162m
100,cm,100cm
61,m,61m
249,m,249m
76,cm,76cm
244,mm,244mm
188,cm,188cm
250,mm,250mm
102,cm,102cm
44,mm,44mm
246,mm,246mm
206,mm,206mm
140,mm,140mm
173,m,173m
204,mm,204mm
80,mm,80mm
76,cm,76cm
83,mm,83mm
246,cm,246cm
152,mm,152mm
107,mm,107mm
67,cm,67cm
135,mm,135mm
158,cm,158cm
29,mm,29mm
211,mm,211mm
27,m,27m
214,mm,214mm
218,cm,218cm
28,mm,28mm
82,m,82m
67,mm,67mm
167,mm,167mm
57,cm,57cm
110,cm,110cm
122,mm,122mm
122,mm,122mm
209,cm,209cm
13,cm,13cm
130,mm,130mm
102,m,102m
94,m,94m
195,cm,195cm
1,cm,1cm
160,mm,160mm
153,mm,153mm
75,cm,75cm
50,m,50m
65,cm,65cm
17,m,17m
150,mm,150mm
191,mm,191mm
115,m,115m
35,mm,35mm
243,mm,243mm
34,mm,34mm
220,cm,220cm
20,mm,20mm
162,mm,162mm
143,m,143m
192,m,192m
145,mm,145mm
232,mm,232mm
181,m,181m
220,m,220m
148,m,148m
186,m,186m
8,m,8m
152,mm,152mm
152,m,152m
32,m,32m
18,cm,18cm
23,cm,23cm
115,m,115m
126,m,126m
155,mm,155mm
20,cm,20cm
129,mm,129mm
225,cm,225cm
192,cm,192cm
156,mm,156mm
227,mm,227mm
44,m,44m
38,mm,38mm
34,mm,34mm
127,m,127m
108,cm,108cm
142,m,142m
167,cm,167cm
8,mm,8mm
236,m,236m
207,cm,207cm
126,mm,126mm
233,cm,233cm
246,m,246m
107,m,107m
101,m,101m
4,m,4m
19,cm,19cm
170,cm,170cm
197,m,197m
245,m,245m
83,cm,83cm
143,mm,143mm
139,m,139m
65,mm,65mm
163,m,163m
71,m,71m
36,cm,36cm
208,m,208m
38,mm,38mm
12,mm,12mm
106,m,106m
55,cm,55cm
57,mm,57mm
219,cm,219cm
123,m,123m
164,cm,164cm
67,m,67m
69,m,69m
158,cm,158cm
25,cm,25cm
121,m,121m
237,cm,237cm
196,m,196m
223,cm,223cm
1,cm,1cm
33,mm,33mm
157,cm,157cm
132,mm,132mm
64,mm,64mm
51,m,51m
172,m,172m
108,mm,108mm
165,m,165m
96,mm,96mm
169,mm,169mm
71,m,71m
1,mm,1mm
149,mm,149mm
90,cm,90cm
211,m,211m
94,cm,94cm
24,cm,24cm
145,m,145m
25,cm,25cm
39,m,39m
170,m,170m
249,m,249m
181,m,181m
61,mm,61mm
121,m,121m
218,cm,218cm
187,cm,187cm
190,m,190m
158,mm,158mm
90,m,90m
214,mm,214mm
226,m,226m
125,m,125m
136,m,136m
73,m,73m
187,mm,187mm
99,cm,99cm
61,m,61m
221,m,221m
90,m,90m
102,m,102m
238,mm,238mm
200,cm,200cm
219,mm,219mm
202,mm,202mm
156,cm,156cm
169,cm,169cm
242,mm,242mm
246,cm,246cm
76,m,76m
197,m,197m
62,cm,62cm
172,mm,172mm
156,mm,156mm
147,cm,147cm
205,mm,205mm
157,cm,157cm
157,mm,157mm
37,mm,37mm
119,m,119m
86,cm,86cm
100,cm,100cm
109,m,109m
62,cm,62cm
119,m,119m
124,cm,124cm
55,cm,55cm
191,m,191m
177,cm,177cm
221,m,221m
1,mm,1mm
83,mm,83mm
127,m,127m
49,m,49m
214,cm,214cm
162,cm,162cm
231,m,231m
167,mm,167mm
54,cm,54cm
173,mm,173mm
110,m,110m
217,m,217m
3,mm,3mm
248,mm,248mm
231,mm,231mm
128,mm,128mm
121,mm,121mm
202,m,202m
48,mm,48mm
234,m,234m
25,cm,25cm
55,cm,55cm
8,m,8m
112,cm,112cm
39,cm,39cm
196,mm,196mm
147,m,147m
193,mm,193mm
227,mm,227mm
25,cm,25cm
213,mm,213mm
218,m,218m
226,cm,226cm
189,m,189m
72,mm,72mm
47,cm,47cm
134,cm,134cm
24,cm,24cm
94,m,94m
29,mm,29mm
84,cm,84cm
239,m,239m
218,mm,218mm
34,cm,34cm
107,cm,107cm
13,m,13m
110,cm,110cm
193,mm,193mm
200,cm,200cm
54,cm,54cm
42,mm,42mm
176,cm,176cm
173,cm,173cm
234,m,234m
118,mm,118mm
163,mm,163mm
58,m,58m
228,cm,228cm
117,mm,117mm
126,cm,126cm
131,cm,131cm
139,m,139m
4,mm,4mm
67,cm,67cm
111,m,111m
146,m,146m
91,mm,91mm
73,mm,73mm
88,mm,88mm
203,cm,203cm
28,mm,28mm
204,m,204m
176,mm,176mm
91,mm,91mm
83,cm,83cm
86,m,86m
149,mm,149mm
152,m,152m
145,mm,145mm
193,mm,193mm
173,cm,173cm
91,m,91m
166,mm,166mm
146,m,146m
134,m,134m
132,cm,132cm
160,m,160m
10,mm,10mm
167,m,167m
57,mm,57mm
178,cm,178cm
10,m,10m
38,cm,38cm
144,m,144m
99,m,99m
16,cm,16cm
73,mm,73mm
163,cm,163cm
115,cm,115cm
189,mm,189mm
18,m,18m
160,mm,160mm
137,mm,137mm
185,m,185m
47,cm,47cm
242,cm,242cm
16,m,16m
205,mm,205mm
186,mm,186mm
227,m,227m
116,cm,116cm
57,cm,57cm
143,cm,143cm
210,m,210m
146,m,146m
194,m,194m
61,mm,61mm
59,cm,59cm
182,m,182m
178,mm,178mm
72,m,72m
182,mm,182mm
179,m,179m
147,mm,147mm
241,m,241m
74,m,74m
240,cm,240cm
89,cm,89cm
86,m,86m
128,m,128m
50,cm,50cm
191,mm,191mm
201,m,201m
243,cm,243cm
222,m,222m
94,cm,94cm
213,m,213m
36,mm,36mm
20,cm,20cm
8,m,8m
72,cm,72cm
49,mm,49mm
195,m,195m
134,m,134m
135,mm,135mm
153,cm,153cm
135,mm,135mm
125,mm,125mm
53,mm,53mm
210,m,210m
191,cm,191cm
183,m,183m
250,mm,250mm
195,cm,195cm
13,m,13m
197,mm,197mm
71,cm,71cm
164,mm,164mm
24,mm,24mm
243,m,243m
185,mm,185mm
152,cm,152cm
180,m,180m
78,cm,78cm
125,mm,125mm
7,cm,7cm
15,cm,15cm
210,m,210m
153,m,153m
238,mm,238mm
246,m,246m
209,mm,209mm
15,m,15m
42,cm,42cm
44,m,44m
67,mm,67mm
125,mm,125mm
63,m,63m
152,m,152m
217,mm,217mm
37,m,37m
72,m,72m
28,mm,28mm
231,m,231m
27,m,27m
75,m,75m
153,cm,153cm
12,m,12m
89,cm,89cm
158,mm,158mm
152,m,152m
174,m,174m
16,cm,16cm
47,cm,47cm
178,mm,178mm
49,cm,49cm
172,m,172m
201,m,201m
72,cm,72cm
44,m,44m
84,m,84m
87,m,87m
133,mm,133mm
78,m,78m
114,m,114m
196,m,196m
1,m,1m
190,cm,190cm
221,mm,221mm
102,cm,102cm
110,mm,110mm
113,m,113m
185,m,185m
250,mm,250mm
88,mm,88mm
103,mm,103mm
249,cm,249cm
221,cm,221cm
75,cm,75cm
33,mm,33mm
126,m,126m
64,m,64m
75,m,75m
10,m,10m
57,m,57m
41,m,41m
234,cm,234cm
175,m,175m
40,mm,40mm
223,cm,223cm
154,cm,154cm
138,cm,138cm
162,mm,162mm
176,m,176m
68,cm,68cm
40,cm,40cm
209,m,209m
45,m,45m
151,m,151m
58,cm,58cm
18,cm,18cm
48,m,48m
112,mm,112mm
213,cm,213cm
117,m,117m
105,m,105m
36,m,36m
77,m,77m
195,mm,195mm
102,m,102m
159,m,159m
85,m,85m
181,cm,181cm
64,cm,64cm
89,m,89m
131,mm,131mm
45,cm,45cm
66,m,66m
173,m,173m
22,m,22m
106,m,106m
179,m,179m
129,cm,129cm
98,mm,98mm
232,mm,232mm
84,m,84m
107,m,107m
132,cm,132cm
33,cm,33cm
221,cm,221cm
54,cm,54cm
202,cm,202cm
90,mm,90mm
105,mm,105mm
174,mm,174mm
168,m,168m
102,cm,102cm
72,mm,72mm
195,m,195m
177,cm,177cm
59,m,59m
47,cm,47cm
76,mm,76mm
226,mm,226mm
211,m,211m
106,cm,106cm
212,mm,212mm
103,mm,103mm
26,cm,26cm
114,cm,114cm
26,cm,26cm
158,cm,158cm
243,mm,243mm
80,m,80m
177,cm,177cm
45,mm,45mm
41,m,41m
142,mm,142mm
77,cm,77cm
187,m,187m
141,cm,141cm
185,mm,185mm
187,cm,187cm
59,m,59m
227,m,227m
165,mm,165mm
10,cm,10cm
247,cm,247cm
77,m,77m
18,m,18m
180,m,180m
219,mm,219mm
204,cm,204cm
134,cm,134cm
81,mm,81mm
153,m,153m
96,cm,96cm
181,cm,181cm
250,mm,250mm
122,mm,122mm
32,m,32m
10,cm,10cm
198,cm,198cm
92,m,92m
209,cm,209cm
186,mm,186mm
59,cm,59cm
117,cm,117cm
23,m,23m
109,cm,109cm
106,m,106m
195,cm,195cm
135,cm,135cm
118,mm,118mm
20,mm,20mm
236,m,236m
231,m,231m
158,cm,158cm
96,m,96m
13,mm,13mm
198,m,198m
248,mm,248mm
129,cm,129cm
222,cm,222cm
150,cm,150cm
89,m,89m
3,m,3m
93,mm,93mm
26,mm,26mm
166,m,166m
22,mm,22mm
88,mm,88mm
243,cm,243cm
38,cm,38cm
69,mm,69mm
126,mm,126mm
238,m,238m
166,m,166m
147,m,147m
144,m,144m
173,m,173m
146,mm,146mm
178,cm,178cm
211,m,211m
196,m,196m
115,cm,115cm
45,mm,45mm
175,cm,175cm
243,mm,243mm
97,mm,97mm
195,mm,195mm
204,m,204m
99,cm,99cm
9,cm,9cm
42,mm,42mm
27,cm,27cm
104,m,104m
237,mm,237mm
199,cm,199cm
239,m,239m
89,m,89m
12,mm,12mm
66,cm,66cm
22,m,22m
126,cm,126cm
157,m,157m
118,mm,118mm
177,mm,177mm
213,cm,213cm
132,m,132m
7,cm,7cm
68,m,68m
82,cm,82cm
64,m,64m
19,m,19m
230,m,230m
212,cm,212cm
213,mm,213mm
34,mm,34mm
97,m,97m
197,cm,197cm
7,cm,7cm
26,m,26m
119,cm,119cm
4,mm,4mm
32,cm,32cm
241,mm,241mm
12,cm,12cm
116,cm,116cm
78,cm,78cm
27,m,27m
203,mm,203mm
13,mm,13mm
107,m,107m
88,mm,88mm
78,cm,78cm
178,m,178m
249,cm,249cm
143,m,143m
88,cm,88cm
24,cm,24cm
113,cm,113cm
167,m,167m
200,m,200m
219,mm,219mm
143,cm,143cm
87,m,87m
198,cm,198cm
22,mm,22mm
66,mm,66mm
46,mm,46mm
211,mm,211mm
86,mm,86mm
25,mm,25mm
48,cm,48cm
13,mm,13mm
161,m,161m
220,mm,220mm
92,cm,92cm
122,cm,122cm
7,mm,7mm
11,mm,11mm
129,cm,129cm
55,m,55m
67,mm,67mm
56,cm,56cm
115,mm,115mm
29,m,29m
122,mm,122mm
241,mm,241mm
41,cm,41cm
187,cm,187cm
150,m,150m
208,m,208m
147,mm,147mm
162,mm,162mm
161,mm,161mm
112,m,112m
200,m,200m
156,cm,156cm
107,m,107m
164,cm,164cm
26,cm,26cm
162,m,162m
72,cm,72cm
65,m,65m
96,m,96m
93,cm,93cm
134,cm,134cm
122,mm,122mm
133,m,133m
61,m,61m
227,cm,227cm
119,mm,119mm
13,mm,13mm
24,m,24m
218,mm,218mm
91,mm,91mm
89,mm,89mm
217,cm,217cm
74,cm,74cm
173,cm,173cm
178,cm,178cm
189,mm,189mm
221,mm,221mm
119,cm,119cm
134,m,134m
104,mm,104mm
134,cm,134cm
62,m,62m
41,cm,41cm
96,m,96m
59,mm,59mm
136,mm,136mm
204,cm,204cm
88,mm,88mm
199,mm,199mm
15,cm,15cm
47,mm,47mm
216,mm,216mm
57,mm,57mm
205,m,205m
57,m,57m
131,cm,131cm
227,cm,227cm
122,m,122m
14,mm,14mm
190,mm,190mm
90,m,90m
206,mm,206mm
244,cm,244cm
232,cm,232cm
92,mm,92mm
141,mm,141mm
204,m,204m
146,m,146m
25,cm,25cm
83,m,83m
159,cm,159cm
37,m,37m
79,mm,79mm
93,cm,93cm
141,mm,141mm
112,cm,112cm
230,cm,230cm
68,cm,68cm
180,m,180m
206,m,206m
193,mm,193mm
161,mm,161mm
117,m,117m
134,m,134m
27,cm,27cm
26,mm,26mm
178,m,178m
171,mm,171mm
240,mm,240mm
237,cm,237cm
196,m,196m
69,m,69m
2,cm,2cm
4,mm,4mm
213,mm,213mm
5,cm,5cm
3,cm,3cm
106,m,106m
138,m,138m
227,mm,227mm
5,mm,5mm
112,m,112m
241,cm,241cm
221,cm,221cm
151,m,151m
246,m,246m
68,cm,68cm
102,cm,102cm
220,m,220m
111,cm,111cm
178,mm,178mm
178,mm,178mm
13,m,13m
233,mm,233mm
162,m,162m
103,mm,103mm
136,m,136m
170,cm,170cm
209,m,209m
227,mm,227mm
126,m,126m
133,mm,133mm
8,mm,8mm
65,mm,65mm
224,mm,224mm
210,cm,210cm
58,m,58m
90,m,90m
104,m,104m
192,cm,192cm
34,m,34m
197,mm,197mm
206,mm,206mm
129,cm,129cm
115,cm,115cm
26,m,26m
155,m,155m
229,cm,229cm
188,cm,188cm
172,mm,172mm
19,mm,19mm
79,cm,79cm
42,cm,42cm
28,mm,28mm
193,m,193m
90,cm,90cm
110,cm,110cm
78,mm,78mm
118,mm,118mm
62,cm,62cm
228,cm,228cm
208,cm,208cm
86,mm,86mm
21,mm,21mm
24,cm,24cm
141,cm,141cm
99,cm,99cm
101,m,101m
40,m,40m
216,mm,216mm
198,m,198m
210,mm,210mm
53,cm,53cm
44,cm,44cm
140,cm,140cm
195,cm,195cm
60,mm,60mm
234,m,234m
236,mm,236mm
43,cm,43cm
116,m,116m
200,m,200m
213,cm,213cm
172,mm,172mm
73,m,73m
16,m,16m
88,mm,88mm
152,mm,152mm
63,mm,63mm
119,mm,119mm
93,mm,93mm
145,mm,145mm
171,m,171m
95,m,95m
210,mm,210mm
204,mm,204mm
114,m,114m
32,m,32m
54,cm,54cm
115,mm,115mm
91,m,91m
223,m,223m
129,m,129m
91,mm,91mm
239,m,239m
208,m,208m
144,m,144m
56,cm,56cm
181,mm,181mm
48,cm,48cm
141,mm,141mm
13,m,13m
124,mm,124mm
239,m,239m
13,mm,13mm
239,mm,239mm
240,mm,240mm
240,m,240m
169,cm,169cm
4,cm,4cm
164,mm,164mm
55,mm,55mm
162,cm,162cm
102,m,102m
213,mm,213mm
165,m,165m
172,mm,172mm
250,m,250m
158,cm,158cm
199,m,199m
13,cm,13cm
184,mm,184mm
249,mm,249mm
41,cm,41cm
115,m,115m
81,mm,81mm
131,mm,131mm
88,m,88m
217,mm,217mm
25,cm,25cm
187,m,187m
82,m,82m
167,mm,167mm
232,m,232m
8,cm,8cm
201,cm,201cm
227,m,227m
157,m,157m
77,m,77m
87,cm,87cm
134,mm,134mm
77,m,77m
209,m,209m
16,mm,16mm
244,cm,244cm
28,cm,28cm
201,mm,201mm
176,mm,176mm
244,mm,244mm
207,m,207m
2,m,2m
195,mm,195mm
96,cm,96cm
196,cm,196cm
41,m,41m
107,mm,107mm
31,m,31m
100,mm,100mm
87,m,87m
63,m,63m
211,m,211m
222,cm,222cm
235,cm,235cm
27,m,27m
173,m,173m
218,mm,218mm
248,mm,248mm
212,cm,212cm
249,cm,249cm
59,cm,59cm
99,mm,99mm
196,m,196m
7,m,7m
250,cm,250cm
151,mm,151mm
91,cm,91cm
167,mm,167mm
104,mm,104mm
7,cm,7cm
57,mm,57mm
55,cm,55cm
219,cm,219cm
204,mm,204mm
188,mm,188mm
111,cm,111cm
82,cm,82cm
88,m,88m
132,cm,132cm
115,m,115m
87,m,87m
22,m,22m
123,mm,123mm
37,cm,37cm
198,mm,198mm
64,cm,64cm
131,cm,131cm
4,mm,4mm
119,cm,119cm
136,m,136m
203,m,203m
115,m,115m
87,mm,87mm
196,mm,196mm
105,m,105m
192,mm,192mm
95,cm,95cm
21,cm,21cm
195,cm,195cm
18,m,18m
249,mm,249mm
194,mm,194mm
128,cm,128cm
32,mm,32mm
47,mm,47mm
134,mm,134mm
173,cm,173cm
229,mm,229mm
104,cm,104cm
219,cm,219cm
164,cm,164cm
239,cm,239cm
236,mm,236mm
125,cm,125cm
246,mm,246mm
230,m,230m
85,m,85m
147,mm,147mm
22,m,22m
198,mm,198mm
9,mm,9mm
209,cm,209cm
182,cm,182cm
176,cm,176cm
49,cm,49cm
25,cm,25cm
45,mm,45mm
64,mm,64mm
76,m,76m
242,mm,242mm
79,m,79m
33,cm,33cm
204,mm,204mm
247,cm,247cm
9,m,9m
4,mm,4mm
179,m,179m
204,m,204m
66,m,66m
133,cm,133cm
211,m,211m
184,cm,184cm
11,mm,11mm
35,mm,35mm
19,m,19m
207,mm,207mm
119,mm,119mm
227,mm,227mm
232,mm,232mm
52,mm,52mm
183,mm,183mm
160,cm,160cm
34,cm,34cm
215,cm,215cm
7,m,7m
249,cm,249cm
72,cm,72cm
111,mm,111mm
57,cm,57cm
243,m,243m
244,m,244m
192,m,192m
129,mm,129mm
29,m,29m
192,cm,192cm
74,cm,74cm
146,m,146m
107,cm,107cm
112,cm,112cm
83,m,83m
236,m,236m
14,cm,14cm
227,cm,227cm
106,mm,106mm
38,mm,38mm
19,m,19m
24,mm,24mm
239,mm,239mm
86,cm,86cm
161,cm,161cm
124,m,124m
33,m,33m
217,cm,217cm
17,cm,17cm
111,cm,111cm
184,cm,184cm
111,m,111m
85,cm,85cm
129,m,129m
37,m,37m
163,m,163m
145,m,145m
144,mm,144mm
164,cm,164cm
11,m,11m
39,m,39m
188,m,188m
129,cm,129cm
60,mm,60mm
128,cm,128cm
213,mm,213mm
86,cm,86cm
126,cm,126cm
248,mm,248mm
184,cm,184cm
71,mm,71mm
97,m,97m
1,m,1m
186,mm,186mm
245,m,245m
29,mm,29mm
59,cm,59cm
117,m,117m
158,mm,158mm
218,m,218m
60,m,60m
21,cm,21cm
145,m,145m
240,cm,240cm
78,m,78m
168,cm,168cm
48,cm,48cm
100,cm,100cm
58,cm,58cm
200,mm,200mm
229,cm,229cm
24,mm,24mm
2,cm,2cm
123,mm,123mm
35,mm,35mm
192,mm,192mm
160,m,160m
235,mm,235mm
120,mm,120mm
68,m,68m
234,mm,234mm
181,mm,181mm
234,cm,234cm
199,m,199m
115,cm,115cm
59,mm,59mm
142,mm,142mm
96,mm,96mm
89,m,89m
127,m,127m
193,mm,193mm
61,cm,61cm
156,m,156m
143,cm,143cm
216,mm,216mm
189,m,189m
42,cm,42cm
250,m,250m
30,cm,30cm
150,m,150m
127,cm,127cm
68,m,68m
134,mm,134mm
89,cm,89cm
110,m,110m
177,mm,177mm
188,mm,188mm
235,m,235m
107,mm,107mm
143,mm,143mm
145,m,145m
44,mm,44mm
50,m,50m
195,cm,195cm
195,mm,195mm
106,cm,106cm
249,cm,249cm
80,cm,80cm
151,m,151m
224,mm,224mm
250,cm,250cm
64,mm,64mm
133,m,133m
107,m,107m
101,m,101m
204,cm,204cm
16,mm,16mm
72,m,72m
230,cm,230cm
80,cm,80cm
54,mm,54mm
124,m,124m
36,m,36m
48,cm,48cm
192,m,192m
170,mm,170mm
96,mm,96mm
48,m,48m
109,mm,109mm
200,mm,200mm
126,m,126m
42,cm,42cm
135,m,135m
102,m,102m
56,m,56m
27,m,27m
88,mm,88mm
210,mm,210mm
75,m,75m
180,m,180m
44,cm,44cm
194,m,194m
24,m,24m
243,m,243m
187,cm,187cm
107,m,107m
104,cm,104cm
27,m,27m
242,cm,242cm
190,mm,190mm
155,m,155m
139,cm,139cm
178,mm,178mm
15,mm,15mm
54,cm,54cm
113,cm,113cm
190,mm,190mm
97,m,97m
152,m,152m
118,m,118m
47,m,47m
161,mm,161mm
192,m,192m
113,cm,113cm
117,cm,117cm
171,cm,171cm
165,cm,165cm
47,m,47m
52,cm,52cm
125,cm,125cm
209,m,209m
176,m,176m
115,cm,115cm
42,m,42m
226,cm,226cm
175,cm,175cm
111,m,111m
78,mm,78mm
186,cm,186cm
184,mm,184mm
233,m,233m
244,m,244m
239,cm,239cm
201,cm,201cm
25,cm,25cm
167,cm,167cm
216,m,216m
148,m,148m
66,m,66m
48,mm,48mm
146,mm,146mm
124,mm,124mm
25,mm,25mm
176,mm,176mm
98,m,98m
101,mm,101mm
242,m,242m
103,mm,103mm
45,cm,45cm
23,m,23m
41,mm,41mm
155,cm,155cm
247,m,247m
122,cm,122cm
202,m,202m
4,mm,4mm
152,mm,152mm
3,cm,3cm
17,m,17m
206,m,206m
63,m,63m
42,mm,42mm
13,mm,13mm
44,m,44m
85,m,85m
60,mm,60mm
215,mm,215mm
142,mm,142mm
50,cm,50cm
83,m,83m
132,cm,132cm
53,m,53m
19,cm,19cm
247,m,247m
126,m,126m
81,cm,81cm
241,cm,241cm
107,m,107m
26,mm,26mm
80,m,80m
170,m,170m
54,mm,54mm
137,m,137m
136,mm,136mm
47,cm,47cm
51,m,51m
172,cm,172cm
70,cm,70cm
24,cm,24cm
216,mm,216mm
131,m,131m
170,m,170m
216,m,216m
173,m,173m
11,m,11m
211,m,211m
239,mm,239mm
15,m,15m
211,m,211m
136,m,136m
140,m,140m
217,m,217m
196,m,196m
137,mm,137mm
98,mm,98mm
216,cm,216cm
227,mm,227mm
152,cm,152cm
155,m,155m
176,cm,176cm
69,cm,69cm
28,mm,28mm
244,cm,244cm
214,cm,214cm
38,cm,38cm
177,mm,177mm
149,m,149m
45,cm,45cm
109,cm,109cm
58,mm,58mm
