plate_letters,plate_numbers,license_plate
GNN,309,GNN309
AAG,614,AAG614
AAG,246,AAG246
AAJ,748,AAJ748
SHF,295,SHF295
BYJ,84B,BYJ84B
BOU,943,BOU943
BYA,769,BYA769
HHJ,079,HHJ079
AAJ,830,AAJ830
AAG,202,AAG202
EWP,718,EWP718
BOK,913,BOK913
AAG,216,AAG216
BYJ,810,BYJ810
AAJ,868,AAJ868
EUN,471,EUN471
CGW,791,CGW791
AAG,161,AAG161
AAG,275,AAG275
BYD,394,BYD394
EBW,449,EBW449
AAG,652,AAG652
CXB,068,CXB068
AAC,201,AAC201
SNH,919,SNH919
EOL,329,EOL329
AAG,559,AAG559
HGM,937,HGM937
AAG,072,AAG072
BUL,080,BUL080
AAJ,789,AAJ789
AAJ,707,AAJ707
EMS,639,EMS639
AAE,726,AAE726
MAA,750,MAA750
BYJ,793,BYJ793
AAG,178,AAG178
GNN,262,GNN262
AAJ,699,AAJ699
EUT,919,EUT919
AAA,011,AAA011
AAJ,880,AAJ880
AAG,633,AAG633
LZD,062,LZD062
EBW,530,EBW530
ESM,095,ESM095
FYE,960,FYE960
AAG,423,AAG423
CHF,349,CHF349
AAG,197,AAG197
CGZ,925,CGZ925
AAG,368,AAG368
HFY,272,HFY272
AAG,454,AAG454
AAJ,840,AAJ840
BYL,893,BYL893
AAG,307,AAG307
AAG,528,AAG528
EGP,203,EGP203
AAJ,911,AAJ911
AAG,670,AAG670
AAG,483,AAG483
AAB,42Z,AAB42Z
FYZ,680,FYZ680
SKZ,419,SKZ419
BYD,325,BYD325
LHO,732,LHO732
HHC,212,HHC212
LYR,920,LYR920
AAG,507,AAG507
ESY,863,ESY863
AAG,470,AAG470
HWW,687,HWW687
AAG,579,AAG579
BSZ,509,BSZ509
AAG,023,AAG023
AAG,346,AAG346
AAG,356,AAG356
BYL,869,BYL869
HWW,226,HWW226
CHS,650,CHS650
SJW,976,SJW976
AAG,035,AAG035
BUO,548,BUO548
EGS,241,EGS241
AAJ,806,AAJ806
AAG,098,AAG098
EUN,550,EUN550
AAG,246,AAG246
CWU,222,CWU222
FTP,555,FTP555
CWR,871,CWR871
AAG,318,AAG318
FCN,780,FCN780
AAG,609,AAG609
AAJ,778,AAJ778
END,874,END874
BUL,040,BUL040
HUE,971,HUE971
AAG,579,AAG579
AAJ,890,AAJ890
EWP,650,EWP650
ENZ,781,ENZ781
EGS,122,EGS122
AAG,502,AAG502
HFM,032,HFM032
AAG,337,AAG337
AAG,161,AAG161
EGP,241,EGP241
AAG,631,AAG631
BUL,040,BUL040
FCN,280,FCN280
FTK,033,FTK033
HFM,067,HFM067
AAG,522,AAG522
AAG,619,AAG619
HHS,804,HHS804
EGP,273,EGP273
BSA,449,BSA449
AAG,279,AAG279
AAG,071,AAG071
EGS,190,EGS190
HHO,006,HHO006
AAG,565,AAG565
AAG,639,AAG639
ENZ,781,ENZ781
AAJ,707,AAJ707
AAG,275,AAG275
AAG,631,AAG631
AAG,010,AAG010
AAG,305,AAG305
BUN,508,BUN508
HUR,171,HUR171
AAG,564,AAG564
EON,34N,EON34N
BYJ,854,BYJ854
ENO,799,ENO799
SKR,515,SKR515
EGS,269,EGS269
KSZ,485,KSZ485
AAG,023,AAG023
AAG,284,AAG284
AAJ,701,AAJ701
BMN,642,BMN642
AAJ,900,AAJ900
AAB,42Y,AAB42Y
FYW,776,FYW776
AAG,327,AAG327
LGP,714,LGP714
FCN,806,FCN806
HFM,020,HFM020
AAE,113,AAE113
ENU,464,ENU464
ERO,996,ERO996
AAG,473,AAG473
AAG,617,AAG617
AAG,267,AAG267
AAG,621,AAG621
BYD,384,BYD384
PTR,522,PTR522
AAG,093,AAG093
AAJ,988,AAJ988
BMN,645,BMN645
EMS,67X,EMS67X
BUO,548,BUO548
EMU,630,EMU630
BUN,182,BUN182
AAG,286,AAG286
FLJ,534,FLJ534
EUY,423,EUY423
AAB,42C,AAB42C
FKS,106,FKS106
AAJ,782,AAJ782
AAG,604,AAG604
ELY,518,ELY518
EPX,797,EPX797
EBW,530,EBW530
AAJ,954,AAJ954
AAG,530,AAG530
AAA,009,AAA009
HHC,188,HHC188
FCN,618,FCN618
HHC,188,HHC188
AAG,596,AAG596
ENZ,757,ENZ757
AAG,116,AAG116
SNJ,670,SNJ670
ELY,518,ELY518
HTY,034,HTY034
FJE,857,FJE857
EGP,105,EGP105
EGP,273,EGP273
CGF,437,CGF437
CWX,218,CWX218
AAG,271,AAG271
HHC,201,HHC201
SJW,998,SJW998
AAG,689,AAG689
AAG,250,AAG250
AAA,003,AAA003
AAG,445,AAG445
HUE,956,HUE956
FCN,780,FCN780
AAC,371,AAC371
AAG,433,AAG433
AAG,140,AAG140
AAE,823,AAE823
AAJ,948,AAJ948
AAG,271,AAG271
EGP,336,EGP336
FTG,484,FTG484
AAG,565,AAG565
AAG,355,AAG355
BTY,569,BTY569
LMK,266,LMK266
SKZ,628,SKZ628
BYA,736,BYA736
AAK,007,AAK007
ESM,174,ESM174
AAJ,860,AAJ860
AAJ,737,AAJ737
AAG,083,AAG083
SNJ,670,SNJ670
ENZ,75T,ENZ75T
EGS,318,EGS318
EWP,650,EWP650
AAJ,666,AAJ666
AAJ,826,AAJ826
AAG,338,AAG338
SKR,476,SKR476
BOO,170,BOO170
AAG,240,AAG240
CHZ,042,CHZ042
SLN,65H,SLN65H
AAA,007,AAA007
EBW,400,EBW400
AAJ,906,AAJ906
LLU,731,LLU731
FCE,474,FCE474
BXX,998,BXX998
HWU,372,HWU372
AAC,62Y,AAC62Y
HWW,475,HWW475
BOF,356,BOF356
SLN,65H,SLN65H
AAG,404,AAG404
AAG,105,AAG105
BOW,994,BOW994
AAG,599,AAG599
EUT,821,EUT821
AAG,440,AAG440
AAG,170,AAG170
AAJ,777,AAJ777
SNE,776,SNE776
EON,259,EON259
ERB,842,ERB842
EGS,161,EGS161
AAG,330,AAG330
SNU,271,SNU271
AAG,161,AAG161
AAC,711,AAC711
AAG,369,AAG369
AAJ,892,AAJ892
ELY,44N,ELY44N
BTY,569,BTY569
AAG,176,AAG176
AAC,42G,AAC42G
AAA,010,AAA010
AAG,106,AAG106
AAG,486,AAG486
HWW,177,HWW177
CGR,981,CGR981
AAG,312,AAG312
HWW,190,HWW190
SLK,76F,SLK76F
HFM,032,HFM032
BXX,946,BXX946
CWR,871,CWR871
EBW,770,EBW770
BYL,893,BYL893
AAG,041,AAG041
EBW,562,EBW562
AAJ,892,AAJ892
AAG,280,AAG280
AAG,340,AAG340
AAG,617,AAG617
FCN,280,FCN280
AAJ,707,AAJ707
EWF,167,EWF167
AAE,823,AAE823
HWW,687,HWW687
AAG,185,AAG185
AAJ,684,AAJ684
HWW,590,HWW590
AAG,216,AAG216
AAG,392,AAG392
FKB,325,FKB325
AAJ,981,AAJ981
AAG,279,AAG279
SHF,370,SHF370
FKB,325,FKB325
AAG,509,AAG509
ENF,55P,ENF55P
AAJ,676,AAJ676
HHS,804,HHS804
LYR,920,LYR920
HWW,450,HWW450
EUY,423,EUY423
BOW,998,BOW998
AAG,192,AAG192
END,948,END948
AAJ,802,AAJ802
AAG,275,AAG275
FKG,195,FKG195
ERW,769,ERW769
HHC,212,HHC212
PTR,552,PTR552
FYZ,635,FYZ635
ERB,842,ERB842
FLM,676,FLM676
AAJ,882,AAJ882
AAG,242,AAG242
KSZ,487,KSZ487
EGP,273,EGP273
AAG,016,AAG016
AAG,105,AAG105
EUT,821,EUT821
AAG,694,AAG694
CXB,027,CXB027
BOO,177,BOO177
EBW,700,EBW700
AAJ,796,AAJ796
AAG,507,AAG507
AAJ,802,AAJ802
EMS,629,EMS629
AAJ,925,AAJ925
AAG,470,AAG470
EBW,400,EBW400
AAJ,990,AAJ990
HEX,363,HEX363
CGS,046,CGS046
HTY,034,HTY034
AAC,14B,AAC14B
AAG,445,AAG445
BYD,356,BYD356
LGP,714,LGP714
FCN,780,FCN780
AAJ,922,AAJ922
AAJ,890,AAJ890
AAJ,841,AAJ841
AAB,42Y,AAB42Y
AAG,551,AAG551
AAJ,793,AAJ793
AAG,312,AAG312
SNH,924,SNH924
EWP,650,EWP650
AAJ,708,AAJ708
AAG,642,AAG642
SLD,712,SLD712
AAJ,922,AAJ922
AAJ,989,AAJ989
AAE,113,AAE113
AAJ,804,AAJ804
HDT,795,HDT795
FCN,797,FCN797
EUT,919,EUT919
ENJ,994,ENJ994
FYO,375,FYO375
AAJ,801,AAJ801
AAG,370,AAG370
AAJ,779,AAJ779
AAJ,965,AAJ965
AAG,318,AAG318
EOD,056,EOD056
EUT,919,EUT919
HHS,804,HHS804
AAA,11B,AAA11B
FJE,840,FJE840
AAG,088,AAG088
AAG,465,AAG465
AAG,208,AAG208
CGS,139,CGS139
CGR,986,CGR986
SKZ,678,SKZ678
SLD,712,SLD712
EUT,919,EUT919
BOO,193,BOO193
FJE,857,FJE857
EBW,700,EBW700
AAJ,789,AAJ789
AAJ,852,AAJ852
EBW,523,EBW523
FPH,045,FPH045
AAJ,787,AAJ787
HBP,511,HBP511
FCE,474,FCE474
BXX,946,BXX946
HWW,590,HWW590
AAG,435,AAG435
AAJ,765,AAJ765
AAG,639,AAG639
AAJ,843,AAJ843
BYD,357,BYD357
AAG,137,AAG137
BYL,872,BYL872
AAG,319,AAG319
HUL,541,HUL541
FKL,157,FKL157
AAG,580,AAG580
AAG,470,AAG470
BSZ,597,BSZ597
AAB,637,AAB637
AAG,608,AAG608
EOG,124,EOG124
AAJ,712,AAJ712
HWW,687,HWW687
AAG,319,AAG319
LKX,201,LKX201
AAF,714,AAF714
ERB,763,ERB763
FCE,474,FCE474
BYJ,893,BYJ893
HUX,525,HUX525
ELY,476,ELY476
AAG,500,AAG500
AAG,102,AAG102
BUD,875,BUD875
EGS,269,EGS269
AAA,003,AAA003
EOL,378,EOL378
BOK,868,BOK868
AAA,003,AAA003
AAG,220,AAG220
AAG,102,AAG102
AAE,113,AAE113
AAB,42Z,AAB42Z
AAG,357,AAG357
AAG,093,AAG093
AAJ,783,AAJ783
AAG,647,AAG647
AAG,257,AAG257
BUL,080,BUL080
EUY,423,EUY423
HHJ,079,HHJ079
AAA,087,AAA087
BYJ,893,BYJ893
AAG,145,AAG145
AAA,010,AAA010
BTT,339,BTT339
AAJ,766,AAJ766
AAG,169,AAG169
HHJ,079,HHJ079
EUN,471,EUN471
EOK,314,EOK314
EGP,203,EGP203
AAG,192,AAG192
HBP,615,HBP615
AAG,279,AAG279
EUT,919,EUT919
AAG,637,AAG637
AAG,035,AAG035
AAG,615,AAG615
EOK,34N,EOK34N
AAA,001,AAA001
SJW,998,SJW998
AAJ,699,AAJ699
BTY,569,BTY569
AAJ,973,AAJ973
AAG,316,AAG316
AAG,284,AAG284
CWZ,238,CWZ238
FPH,081,FPH081
SNR,55Y,SNR55Y
AAG,191,AAG191
AAG,595,AAG595
EOH,695,EOH695
FTP,523,FTP523
ESM,174,ESM174
AAG,640,AAG640
AAJ,933,AAJ933
HDT,707,HDT707
LMB,600,LMB600
AAG,282,AAG282
EBW,530,EBW530
AAJ,856,AAJ856
FCN,780,FCN780
FCN,806,FCN806
AAG,499,AAG499
AAJ,730,AAJ730
AAG,016,AAG016
ENF,566,ENF566
EMY,756,EMY756
AAG,312,AAG312
ERO,996,ERO996
FCE,474,FCE474
AAJ,695,AAJ695
AAG,235,AAG235
EUN,510,EUN510
AAJ,727,AAJ727
AAG,097,AAG097
AAG,129,AAG129
AAG,127,AAG127
ESY,863,ESY863
EWP,681,EWP681
AAK,007,AAK007
BSA,404,BSA404
AAJ,804,AAJ804
AAJ,945,AAJ945
EBW,862,EBW862
ENU,526,ENU526
AAG,473,AAG473
AAG,032,AAG032
AAG,097,AAG097
FYO,375,FYO375
CGW,74U,CGW74U
AAJ,785,AAJ785
LHO,777,LHO777
CTF,268,CTF268
ENO,799,ENO799
EGS,273,EGS273
AAG,617,AAG617
ERL,679,ERL679
AAG,478,AAG478
BYL,869,BYL869
AAG,195,AAG195
BOU,840,BOU840
EBW,449,EBW449
AAG,482,AAG482
AAG,135,AAG135
FTW,237,FTW237
EBW,44Y,EBW44Y
EGP,080,EGP080
EPW,472,EPW472
ELY,44N,ELY44N
EUN,413,EUN413
HFY,295,HFY295
CGF,401,CGF401
CWZ,258,CWZ258
AAJ,882,AAJ882
CTF,197,CTF197
BSZ,509,BSZ509
HWU,427,HWU427
CGZ,925,CGZ925
AAB,453,AAB453
AAJ,834,AAJ834
AAJ,806,AAJ806
ERB,871,ERB871
SKR,490,SKR490
BUL,080,BUL080
HWW,450,HWW450
FYO,375,FYO375
HGN,015,HGN015
EOH,695,EOH695
SHF,295,SHF295
AAG,549,AAG549
AAG,337,AAG337
BOO,193,BOO193
AAG,410,AAG410
SHJ,925,SHJ925
AAE,662,AAE662
AAJ,948,AAJ948
AAG,140,AAG140
FTW,243,FTW243
AAG,482,AAG482
CGR,986,CGR986
BOO,193,BOO193
HWW,450,HWW450
CHS,539,CHS539
EBW,314,EBW314
AAG,305,AAG305
BUN,513,BUN513
AAE,113,AAE113
BYJ,848,BYJ848
AAG,554,AAG554
FCN,323,FCN323
MAA,750,MAA750
BYD,32C,BYD32C
AAJ,953,AAJ953
EBW,44Y,EBW44Y
AAG,435,AAG435
HFM,067,HFM067
HBP,615,HBP615
AAG,032,AAG032
CXB,027,CXB027
AAJ,978,AAJ978
AAJ,925,AAJ925
AAG,030,AAG030
CXK,868,CXK868
AAJ,807,AAJ807
AAG,608,AAG608
EMU,709,EMU709
EMY,717,EMY717
CHZ,054,CHZ054
CGS,139,CGS139
AAE,701,AAE701
AAJ,691,AAJ691
AAG,515,AAG515
AAB,24A,AAB24A
AAG,670,AAG670
AAG,642,AAG642
AAG,487,AAG487
AAG,334,AAG334
AAJ,852,AAJ852
ENT,222,ENT222
AAJ,730,AAJ730
BUN,195,BUN195
FKL,178,FKL178
AAG,157,AAG157
AAJ,866,AAJ866
CGR,986,CGR986
HWW,513,HWW513
AAJ,793,AAJ793
EWP,718,EWP718
CXA,986,CXA986
AAG,293,AAG293
AAG,646,AAG646
AAG,307,AAG307
LBJ,446,LBJ446
HGH,257,HGH257
EWD,291,EWD291
AAA,087,AAA087
AAJ,981,AAJ981
SNU,271,SNU271
AAG,595,AAG595
AAB,42Z,AAB42Z
BYT,418,BYT418
CHU,041,CHU041
BSA,396,BSA396
AAJ,941,AAJ941
AAG,176,AAG176
AAG,355,AAG355
AAG,063,AAG063
LMB,600,LMB600
EWP,681,EWP681
CXB,027,CXB027
AAG,509,AAG509
SHF,379,SHF379
AAG,323,AAG323
EOL,378,EOL378
HGH,257,HGH257
HUR,171,HUR171
AAG,454,AAG454
HGN,015,HGN015
EBW,878,EBW878
EUN,414,EUN414
EUT,821,EUT821
AAG,473,AAG473
AAJ,769,AAJ769
AAG,587,AAG587
AAG,614,AAG614
AAJ,862,AAJ862
LKX,268,LKX268
AAG,125,AAG125
FPH,077,FPH077
HFM,032,HFM032
AAG,691,AAG691
FYC,063,FYC063
AAG,324,AAG324
AAG,374,AAG374
ENU,526,ENU526
AAG,137,AAG137
AAJ,834,AAJ834
SHF,286,SHF286
EBW,504,EBW504
ENT,871,ENT871
AAE,701,AAE701
AAJ,929,AAJ929
ENT,221,ENT221
AAG,547,AAG547
BMN,645,BMN645
EOD,056,EOD056
HFY,216,HFY216
AAG,441,AAG441
AAG,547,AAG547
BXX,981,BXX981
AAG,179,AAG179
EMS,67X,EMS67X
ENU,464,ENU464
AAJ,786,AAJ786
BYJ,848,BYJ848
FTW,243,FTW243
HFM,032,HFM032
AAG,475,AAG475
BTY,577,BTY577
FTK,033,FTK033
AAJ,732,AAJ732
SKZ,628,SKZ628
AAG,310,AAG310
EBW,878,EBW878
AAG,140,AAG140
GNN,289,GNN289
AAE,701,AAE701
AAJ,886,AAJ886
AAG,631,AAG631
HHS,804,HHS804
SKR,490,SKR490
FLJ,534,FLJ534
AAG,228,AAG228
AAG,615,AAG615
AAG,168,AAG168
ESM,095,ESM095
AAG,383,AAG383
HUR,142,HUR142
ERW,769,ERW769
AAG,057,AAG057
BYD,357,BYD357
AAG,102,AAG102
AAG,244,AAG244
AAG,490,AAG490
HUX,523,HUX523
AAG,093,AAG093
AAG,522,AAG522
AAG,125,AAG125
EGP,105,EGP105
PTR,522,PTR522
AAG,560,AAG560
BYD,32C,BYD32C
HFM,020,HFM020
AAG,127,AAG127
AAJ,777,AAJ777
AAG,382,AAG382
SKZ,678,SKZ678
CGW,74U,CGW74U
BYT,364,BYT364
HUE,956,HUE956
AAJ,771,AAJ771
EWP,650,EWP650
AAG,469,AAG469
EUN,550,EUN550
EGP,080,EGP080
FCN,334,FCN334
AAJ,801,AAJ801
SND,320,SND320
ENO,801,ENO801
EBW,316,EBW316
EBW,722,EBW722
EBW,523,EBW523
AAE,822,AAE822
AAG,504,AAG504
SLO,664,SLO664
AAJ,767,AAJ767
CXA,986,CXA986
AAG,179,AAG179
HHO,089,HHO089
AAG,547,AAG547
AAG,004,AAG004
BUD,905,BUD905
AAG,307,AAG307
AAG,440,AAG440
AAG,647,AAG647
AAG,105,AAG105
AAG,103,AAG103
AAG,191,AAG191
AAJ,803,AAJ803
AAG,436,AAG436
EBW,26G,EBW26G
FCN,809,FCN809
FST,579,FST579
HHO,037,HHO037
AAG,604,AAG604
AAG,083,AAG083
AAG,633,AAG633
AAG,447,AAG447
ESM,095,ESM095
AAG,282,AAG282
AAG,341,AAG341
BSA,404,BSA404
ENO,799,ENO799
GNN,309,GNN309
AAJ,803,AAJ803
AAG,699,AAG699
AAJ,767,AAJ767
BTY,577,BTY577
CGF,437,CGF437
EGP,273,EGP273
AAG,195,AAG195
AAG,208,AAG208
BMN,555,BMN555
LHO,768,LHO768
HWU,412,HWU412
CXL,279,CXL279
AAG,082,AAG082
AAG,021,AAG021
SHJ,96L,SHJ96L
CGZ,905,CGZ905
AAG,499,AAG499
AAG,613,AAG613
AAJ,802,AAJ802
AAG,436,AAG436
ENJ,994,ENJ994
AAG,357,AAG357
AAJ,721,AAJ721
CGZ,925,CGZ925
BYA,746,BYA746
AAG,260,AAG260
LYR,920,LYR920
AAG,098,AAG098
CHT,927,CHT927
AAG,557,AAG557
SLK,76F,SLK76F
AAG,500,AAG500
AAG,216,AAG216
AAG,473,AAG473
AAG,517,AAG517
AAB,453,AAB453
AAG,535,AAG535
EOL,307,EOL307
LLU,855,LLU855
EUN,550,EUN550
BSA,396,BSA396
FKS,106,FKS106
AAG,340,AAG340
KSZ,485,KSZ485
AAG,425,AAG425
CFP,864,CFP864
AAB,42Z,AAB42Z
SKR,452,SKR452
BSL,108,BSL108
EUN,510,EUN510
CWR,816,CWR816
AAG,528,AAG528
KFD,407,KFD407
ERB,842,ERB842
AAG,027,AAG027
HWU,472,HWU472
EBW,878,EBW878
AAG,067,AAG067
AAJ,915,AAJ915
BON,73N,BON73N
AAG,430,AAG430
AAJ,893,AAJ893
BYA,739,BYA739
AAG,564,AAG564
BOF,356,BOF356
CGZ,905,CGZ905
CWR,751,CWR751
AAG,032,AAG032
BMN,642,BMN642
BUN,182,BUN182
AAG,368,AAG368
AAG,035,AAG035
AAJ,762,AAJ762
CJG,137,CJG137
AAG,324,AAG324
AAG,323,AAG323
AAG,316,AAG316
AAB,42Z,AAB42Z
EGP,203,EGP203
AAG,264,AAG264
HHS,763,HHS763
AAG,483,AAG483
EGS,161,EGS161
AAG,587,AAG587
AAG,536,AAG536
AAB,453,AAB453
AAJ,828,AAJ828
AAG,192,AAG192
ENJ,953,ENJ953
BUE,060,BUE060
AAG,366,AAG366
ENU,383,ENU383
EBW,368,EBW368
BMN,493,BMN493
SLK,76F,SLK76F
AAJ,689,AAJ689
AAG,404,AAG404
EUN,510,EUN510
EOB,976,EOB976
AAG,583,AAG583
AAJ,801,AAJ801
EBW,36G,EBW36G
AAG,416,AAG416
AAJ,911,AAJ911
BSA,331,BSA331
HBP,511,HBP511
AAJ,953,AAJ953
EBW,26G,EBW26G
SKR,452,SKR452
AAG,123,AAG123
AAG,224,AAG224
AAG,335,AAG335
AAG,021,AAG021
BYJ,848,BYJ848
CGW,791,CGW791
EBW,562,EBW562
AAJ,695,AAJ695
EUN,412,EUN412
HFM,020,HFM020
AAJ,777,AAJ777
EBW,862,EBW862
ESY,863,ESY863
BUN,479,BUN479
AAG,645,AAG645
AAJ,805,AAJ805
AAG,105,AAG105
BYT,418,BYT418
SKZ,642,SKZ642
AAG,032,AAG032
CGR,981,CGR981
AAG,001,AAG001
HFM,032,HFM032
FKS,097,FKS097
AAG,041,AAG041
AAG,408,AAG408
BOU,867,BOU867
EGS,273,EGS273
HHC,188,HHC188
AAJ,697,AAJ697
AAG,272,AAG272
EON,259,EON259
LLU,731,LLU731
SLJ,208,SLJ208
AAG,260,AAG260
AAJ,707,AAJ707
FKG,195,FKG195
BUL,080,BUL080
AAJ,793,AAJ793
HUX,525,HUX525
AAG,105,AAG105
AAE,564,AAE564
BUL,086,BUL086
SHF,298,SHF298
AAG,157,AAG157
AAG,185,AAG185
EOK,369,EOK369
AAG,584,AAG584
FKS,097,FKS097
BYJ,836,BYJ836
AAJ,922,AAJ922
AAG,346,AAG346
AAG,662,AAG662
AAJ,860,AAJ860
AAJ,684,AAJ684
AAG,408,AAG408
BOW,994,BOW994
AAG,398,AAG398
AAJ,699,AAJ699
EGP,336,EGP336
BTY,569,BTY569
AAJ,721,AAJ721
SNH,866,SNH866
AAJ,905,AAJ905
AAJ,691,AAJ691
AAJ,801,AAJ801
AAJ,910,AAJ910
BYL,893,BYL893
ERP,059,ERP059
FTY,477,FTY477
SNR,55E,SNR55E
SNR,560,SNR560
EUT,919,EUT919
AAK,008,AAK008
AAG,486,AAG486
AAG,560,AAG560
AAG,564,AAG564
AAG,305,AAG305
CJG,137,CJG137
FLM,857,FLM857
AAG,128,AAG128
BOU,943,BOU943
BUO,563,BUO563
CHT,998,CHT998
EGS,260,EGS260
AAJ,659,AAJ659
CHZ,042,CHZ042
EBW,562,EBW562
AAG,577,AAG577
AAG,469,AAG469
EOC,086,EOC086
SLJ,208,SLJ208
EPX,797,EPX797
AAG,271,AAG271
EUN,413,EUN413
BOU,840,BOU840
CFP,864,CFP864
HWW,475,HWW475
EOD,229,EOD229
AAG,176,AAG176
AAA,003,AAA003
FYO,308,FYO308
AAC,62Y,AAC62Y
BOU,931,BOU931
AAC,62C,AAC62C
AAG,323,AAG323
CHZ,054,CHZ054
BOO,177,BOO177
AAJ,988,AAJ988
ENF,543,ENF543
AAJ,777,AAJ777
BMN,644,BMN644
BYD,32C,BYD32C
AAJ,843,AAJ843
ERB,763,ERB763
EOL,409,EOL409
AAJ,802,AAJ802
BSA,452,BSA452
FYZ,635,FYZ635
AAG,032,AAG032
AAG,254,AAG254
BYJ,84B,BYJ84B
AAG,128,AAG128
AAG,404,AAG404
AAJ,777,AAJ777
AAG,374,AAG374
AAG,168,AAG168
AAG,590,AAG590
AAG,202,AAG202
AAG,004,AAG004
FCE,474,FCE474
AAG,038,AAG038
KAK,374,KAK374
AAJ,973,AAJ973
CWR,706,CWR706
AAG,140,AAG140
AAG,410,AAG410
EBW,26G,EBW26G
AAG,284,AAG284
AAG,534,AAG534
SKZ,642,SKZ642
HWW,177,HWW177
AAJ,762,AAJ762
FKG,195,FKG195
AAG,128,AAG128
AAG,327,AAG327
CTF,268,CTF268
HHS,804,HHS804
HHJ,079,HHJ079
AAG,547,AAG547
SNJ,655,SNJ655
AAG,596,AAG596
BYD,357,BYD357
BXX,981,BXX981
ENO,883,ENO883
AAG,595,AAG595
HWW,450,HWW450
EGS,297,EGS297
BOU,931,BOU931
AAG,234,AAG234
AAG,404,AAG404
AAG,356,AAG356
BMN,555,BMN555
AAG,071,AAG071
ELY,44N,ELY44N
BYJ,836,BYJ836
AAB,22A,AAB22A
EGS,190,EGS190
EUY,414,EUY414
AAG,314,AAG314
FFY,286,FFY286
EGP,273,EGP273
AAE,726,AAE726
AAE,701,AAE701
PTR,522,PTR522
AAG,113,AAG113
AAG,251,AAG251
AAJ,793,AAJ793
AAG,145,AAG145
AAJ,954,AAJ954
AAG,635,AAG635
AAB,42Y,AAB42Y
AAG,691,AAG691
CTF,213,CTF213
FXM,225,FXM225
AAG,162,AAG162
LBJ,446,LBJ446
AAG,387,AAG387
AAG,410,AAG410
AAG,511,AAG511
AAG,126,AAG126
ERB,763,ERB763
AAG,030,AAG030
AAG,387,AAG387
AAJ,912,AAJ912
AAJ,687,AAJ687
HHJ,079,HHJ079
LHO,777,LHO777
BUO,563,BUO563
EGP,203,EGP203
FKG,195,FKG195
LDT,924,LDT924
AAA,477,AAA477
AAJ,893,AAJ893
GNN,289,GNN289
CGF,394,CGF394
AAG,586,AAG586
EOD,229,EOD229
AAG,550,AAG550
EGP,105,EGP105
CGF,401,CGF401
FUA,986,FUA986
AAG,170,AAG170
AAJ,774,AAJ774
SNR,564,SNR564
AAJ,882,AAJ882
LLU,855,LLU855
EGP,241,EGP241
ENT,221,ENT221
AAG,172,AAG172
AAJ,763,AAJ763
AAG,694,AAG694
BYD,394,BYD394
AAB,324,AAB324
EBW,722,EBW722
AAJ,830,AAJ830
FTW,237,FTW237
EMY,717,EMY717
ENF,543,ENF543
AAG,010,AAG010
BXX,998,BXX998
AAG,507,AAG507
SLO,693,SLO693
AAG,414,AAG414
FCE,474,FCE474
GNN,309,GNN309
AAG,071,AAG071
AAG,425,AAG425
AAG,350,AAG350
BOO,170,BOO170
HBP,615,HBP615
AAG,330,AAG330
AAJ,774,AAJ774
AAG,235,AAG235
AAE,823,AAE823
AAG,410,AAG410
AAG,536,AAG536
HFL,990,HFL990
BUO,563,BUO563
FPH,077,FPH077
AAB,24A,AAB24A
AAG,551,AAG551
AAG,220,AAG220
AAJ,806,AAJ806
AAJ,840,AAJ840
AAJ,767,AAJ767
CJG,137,CJG137
AAG,408,AAG408
ESY,863,ESY863
AAG,365,AAG365
CGS,139,CGS139
HWW,590,HWW590
AAG,097,AAG097
AAG,416,AAG416
AAJ,937,AAJ937
AAG,010,AAG010
HUL,541,HUL541
HUR,142,HUR142
AAG,440,AAG440
AAG,694,AAG694
AAJ,796,AAJ796
AAC,62C,AAC62C
EUN,412,EUN412
BUD,905,BUD905
AAG,116,AAG116
FST,579,FST579
AAB,42C,AAB42C
AAJ,933,AAJ933
EPX,653,EPX653
AAG,367,AAG367
CGF,401,CGF401
FTW,243,FTW243
AAG,504,AAG504
AAJ,990,AAJ990
BYT,418,BYT418
BYD,366,BYD366
AAG,312,AAG312
CGF,401,CGF401
AAG,338,AAG338
CHZ,054,CHZ054
AAJ,860,AAJ860
EMY,717,EMY717
HGG,005,HGG005
EBW,530,EBW530
BSA,452,BSA452
AAJ,917,AAJ917
HWW,475,HWW475
BTY,599,BTY599
AAJ,781,AAJ781
BYD,325,BYD325
AAJ,699,AAJ699
AAG,626,AAG626
AAG,415,AAG415
AAG,369,AAG369
AAG,185,AAG185
BUN,195,BUN195
FYE,960,FYE960
LKX,243,LKX243
EGP,241,EGP241
AAG,327,AAG327
AAJ,893,AAJ893
HFL,990,HFL990
AAG,028,AAG028
PTR,522,PTR522
AAG,225,AAG225
AAG,124,AAG124
AAG,209,AAG209
AAG,535,AAG535
BOU,943,BOU943
EGS,190,EGS190
AAG,023,AAG023
SNJ,724,SNJ724
BMN,644,BMN644
AAG,366,AAG366
AAF,714,AAF714
AAJ,666,AAJ666
AAJ,769,AAJ769
KSZ,485,KSZ485
ERL,679,ERL679
AAA,007,AAA007
AAG,583,AAG583
AAG,652,AAG652
SNE,762,SNE762
BYL,893,BYL893
FCN,806,FCN806
SHF,370,SHF370
EMU,709,EMU709
AAG,608,AAG608
AAG,514,AAG514
AAG,631,AAG631
FTD,618,FTD618
AAJ,695,AAJ695
AAG,697,AAG697
EWP,650,EWP650
SNE,776,SNE776
HHO,089,HHO089
AAJ,852,AAJ852
AAG,062,AAG062
EMU,630,EMU630
HUL,552,HUL552
EBW,862,EBW862
AAG,590,AAG590
ENT,857,ENT857
AAG,314,AAG314
HWW,159,HWW159
AAG,330,AAG330
FJE,857,FJE857
AAG,220,AAG220
EGS,315,EGS315
AAG,415,AAG415
FPH,081,FPH081
AAG,323,AAG323
EBW,314,EBW314
AAA,087,AAA087
HWW,475,HWW475
AAJ,922,AAJ922
AAG,105,AAG105
AAG,197,AAG197
HHS,804,HHS804
HWW,226,HWW226
AAG,072,AAG072
BMN,745,BMN745
CGW,74U,CGW74U
BUN,182,BUN182
SLN,65H,SLN65H
AAG,549,AAG549
AAJ,843,AAJ843
AAJ,771,AAJ771
AAG,355,AAG355
BXX,998,BXX998
LKX,243,LKX243
SHJ,96L,SHJ96L
AAG,178,AAG178
AAJ,718,AAJ718
EGS,297,EGS297
HFL,990,HFL990
AAG,271,AAG271
HHO,006,HHO006
LKX,201,LKX201
AAG,197,AAG197
AAG,184,AAG184
FLJ,534,FLJ534
AAJ,787,AAJ787
CXK,993,CXK993
AAG,016,AAG016
CHT,998,CHT998
AAJ,830,AAJ830
EOK,34N,EOK34N
HHO,037,HHO037
SHF,298,SHF298
AAJ,695,AAJ695
AAJ,941,AAJ941
AAG,039,AAG039
HGM,937,HGM937
AAG,264,AAG264
HBP,615,HBP615
AAJ,694,AAJ694
CGF,401,CGF401
END,946,END946
BMN,644,BMN644
AAG,404,AAG404
FCN,334,FCN334
LYR,920,LYR920
BYD,325,BYD325
FTW,243,FTW243
AAG,107,AAG107
CWR,816,CWR816
AAJ,765,AAJ765
AAG,589,AAG589
AAG,483,AAG483
AAG,436,AAG436
BSA,452,BSA452
BXX,946,BXX946
ENJ,953,ENJ953
EMS,607,EMS607
CHU,041,CHU041
EMU,655,EMU655
CWR,871,CWR871
AAG,423,AAG423
AAJ,787,AAJ787
AAG,251,AAG251
BOU,840,BOU840
SKX,16K,SKX16K
AAJ,946,AAJ946
BMN,495,BMN495
HUL,541,HUL541
AAJ,885,AAJ885
AAG,406,AAG406
AAG,271,AAG271
AAG,365,AAG365
HWW,379,HWW379
AAE,113,AAE113
AAG,522,AAG522
EBW,593,EBW593
EOL,379,EOL379
AAG,161,AAG161
EPX,653,EPX653
AAG,417,AAG417
BYJ,854,BYJ854
AAG,699,AAG699
EGP,273,EGP273
AAG,192,AAG192
HHJ,176,HHJ176
AAG,140,AAG140
EPW,472,EPW472
AAG,140,AAG140
AAJ,907,AAJ907
AAG,599,AAG599
CGW,791,CGW791
AAJ,890,AAJ890
AAG,005,AAG005
AAJ,872,AAJ872
LLU,855,LLU855
AAG,058,AAG058
HHJ,176,HHJ176
AAG,535,AAG535
HFY,262,HFY262
BMN,644,BMN644
EOH,695,EOH695
BMN,745,BMN745
FKG,195,FKG195
ENZ,781,ENZ781
AAJ,676,AAJ676
BMN,422,BMN422
AAG,350,AAG350
BMN,555,BMN555
EBW,449,EBW449
BUK,936,BUK936
CWU,222,CWU222
SNE,76E,SNE76E
BMN,642,BMN642
AAJ,937,AAJ937
FYZ,680,FYZ680
AAJ,805,AAJ805
ENU,527,ENU527
AAG,374,AAG374
AAB,24A,AAB24A
SNR,55E,SNR55E
SNE,762,SNE762
AAG,646,AAG646
AAG,360,AAG360
LLU,731,LLU731
LMB,600,LMB600
AAJ,718,AAJ718
SHF,379,SHF379
AAA,007,AAA007
AAG,670,AAG670
AAJ,804,AAJ804
ENU,527,ENU527
AAG,229,AAG229
BSA,373,BSA373
AAG,613,AAG613
AAJ,737,AAJ737
AAG,341,AAG341
AAG,082,AAG082
AAG,305,AAG305
AAB,42Y,AAB42Y
BSA,404,BSA404
AAG,318,AAG318
SHF,379,SHF379
AAG,002,AAG002
ERP,097,ERP097
AAG,545,AAG545
EGP,203,EGP203
AAG,537,AAG537
AAJ,732,AAJ732
AAG,168,AAG168
CTF,268,CTF268
AAJ,912,AAJ912
AAG,637,AAG637
AAJ,763,AAJ763
BYD,394,BYD394
FYO,308,FYO308
SKR,403,SKR403
SKR,476,SKR476
EOG,124,EOG124
AAG,263,AAG263
AAJ,860,AAJ860
BUN,508,BUN508
EOD,093,EOD093
AAG,174,AAG174
AAJ,781,AAJ781
AAJ,954,AAJ954
AAA,74B,AAA74B
AAG,094,AAG094
AAJ,766,AAJ766
FFY,286,FFY286
EMS,629,EMS629
FCN,334,FCN334
SKR,490,SKR490
AAG,613,AAG613
CWZ,451,CWZ451
AAG,487,AAG487
AAG,113,AAG113
SNH,866,SNH866
AAJ,911,AAJ911
AAG,406,AAG406
MAA,750,MAA750
AAG,604,AAG604
EWD,280,EWD280
AAG,300,AAG300
AAG,590,AAG590
HFY,295,HFY295
AAG,500,AAG500
AAJ,942,AAJ942
AAG,410,AAG410
AAJ,985,AAJ985
SHF,379,SHF379
AAB,42C,AAB42C
AAG,027,AAG027
HWU,427,HWU427
BSA,404,BSA404
AAG,320,AAG320
EWD,291,EWD291
BYL,94T,BYL94T
AAG,436,AAG436
AAG,454,AAG454
AAA,826,AAA826
AAG,176,AAG176
AAC,62C,AAC62C
BYL,893,BYL893
FKL,178,FKL178
ENZ,75T,ENZ75T
AAG,494,AAG494
AAG,250,AAG250
AAG,186,AAG186
AAJ,966,AAJ966
SHF,295,SHF295
AAE,823,AAE823
AAG,445,AAG445
AAG,260,AAG260
HTY,024,HTY024
AAG,632,AAG632
EOP,252,EOP252
AAG,027,AAG027
FTW,243,FTW243
AAG,551,AAG551
HTY,034,HTY034
AAG,162,AAG162
AAG,500,AAG500
FTG,484,FTG484
BMN,642,BMN642
AAG,621,AAG621
AAG,374,AAG374
EGP,273,EGP273
AAJ,782,AAJ782
AAG,313,AAG313
BUO,563,BUO563
AAJ,882,AAJ882
AAJ,860,AAJ860
HBP,511,HBP511
AAG,244,AAG244
FYE,960,FYE960
EGP,336,EGP336
AAG,038,AAG038
AAG,027,AAG027
AAG,087,AAG087
SKR,515,SKR515
AAG,632,AAG632
ENF,543,ENF543
AAG,313,AAG313
EOH,695,EOH695
AAG,242,AAG242
AAG,016,AAG016
AAG,590,AAG590
AAJ,748,AAJ748
EGP,336,EGP336
AAA,477,AAA477
AAG,615,AAG615
LBJ,446,LBJ446
FCN,780,FCN780
EOK,34N,EOK34N
BOW,994,BOW994
EOL,313,EOL313
AAG,473,AAG473
AAG,509,AAG509
EBW,591,EBW591
AAG,639,AAG639
MAA,750,MAA750
BTT,339,BTT339
EGP,203,EGP203
AAG,577,AAG577
FPH,045,FPH045
AAG,470,AAG470
KSZ,485,KSZ485
HEX,363,HEX363
EWF,081,EWF081
BUN,182,BUN182
GNN,262,GNN262
AAG,640,AAG640
AAG,514,AAG514
BMN,493,BMN493
FCN,809,FCN809
HWW,666,HWW666
BSL,108,BSL108
CJG,137,CJG137
AAG,535,AAG535
AAG,435,AAG435
AAG,257,AAG257
AAJ,947,AAJ947
BUE,060,BUE060
AAG,224,AAG224
EWD,291,EWD291
SLD,712,SLD712
AAJ,779,AAJ779
AAG,586,AAG586
AAG,473,AAG473
CGZ,925,CGZ925
AAG,447,AAG447
AAG,469,AAG469
EGS,083,EGS083
ENJ,976,ENJ976
BUN,182,BUN182
AAG,486,AAG486
AAG,297,AAG297
HTX,994,HTX994
AAJ,905,AAJ905
EON,34N,EON34N
ESY,692,ESY692
AAJ,895,AAJ895
HFY,272,HFY272
HWW,226,HWW226
AAJ,865,AAJ865
AAG,392,AAG392
HWW,226,HWW226
EUN,550,EUN550
EGS,318,EGS318
AAG,195,AAG195
AAJ,765,AAJ765
AAE,822,AAE822
AAA,477,AAA477
AAG,646,AAG646
AAG,208,AAG208
CGF,401,CGF401
LHO,777,LHO777
FTD,618,FTD618
LLU,855,LLU855
AAG,284,AAG284
AAG,547,AAG547
AAG,252,AAG252
AAG,102,AAG102
LLU,855,LLU855
AAG,474,AAG474
ESM,174,ESM174
CWZ,258,CWZ258
AAG,353,AAG353
AAJ,783,AAJ783
HBP,615,HBP615
AAA,009,AAA009
HWW,513,HWW513
AAG,497,AAG497
EOL,324,EOL324
HDT,707,HDT707
AAG,577,AAG577
AAJ,727,AAJ727
AAC,62C,AAC62C
HUX,523,HUX523
AAJ,966,AAJ966
AAG,560,AAG560
ENU,517,ENU517
AAD,741,AAD741
AAG,560,AAG560
AAG,048,AAG048
HHO,031,HHO031
AAG,629,AAG629
AAG,339,AAG339
AAG,549,AAG549
FTK,093,FTK093
AAG,228,AAG228
AAG,066,AAG066
CGS,046,CGS046
ENU,517,ENU517
AAG,072,AAG072
FJE,857,FJE857
SKR,414,SKR414
AAE,113,AAE113
AAG,123,AAG123
AAG,475,AAG475
BYT,364,BYT364
EON,34L,EON34L
AAJ,947,AAJ947
EBW,530,EBW530
AAJ,942,AAJ942
BOF,356,BOF356
AAA,477,AAA477
EBW,593,EBW593
FCN,378,FCN378
AAB,711,AAB711
AAJ,840,AAJ840
EGS,190,EGS190
AAG,351,AAG351
BMN,493,BMN493
AAJ,919,AAJ919
BUL,086,BUL086
AAG,136,AAG136
EOK,314,EOK314
AAJ,886,AAJ886
EUY,423,EUY423
BYL,94T,BYL94T
AAA,826,AAA826
AAJ,701,AAJ701
AAG,228,AAG228
BYL,94T,BYL94T
AAG,366,AAG366
EUT,821,EUT821
SHF,379,SHF379
FTP,555,FTP555
EGP,336,EGP336
FKL,178,FKL178
AAG,170,AAG170
BOU,943,BOU943
AAJ,840,AAJ840
SHF,286,SHF286
AAG,072,AAG072
AAJ,887,AAJ887
EWF,081,EWF081
BMN,573,BMN573
FYO,308,FYO308
AAG,469,AAG469
AAJ,727,AAJ727
BSZ,509,BSZ509
EGS,297,EGS297
AAJ,694,AAJ694
AAE,113,AAE113
FTW,237,FTW237
AAG,494,AAG494
AAG,374,AAG374
AAJ,953,AAJ953
AAG,016,AAG016
BYJ,793,BYJ793
AAJ,841,AAJ841
AAJ,890,AAJ890
AAG,629,AAG629
AAB,731,AAB731
AAG,335,AAG335
EMY,717,EMY717
EMS,67X,EMS67X
AAJ,822,AAJ822
CGZ,905,CGZ905
EOD,093,EOD093
FJE,857,FJE857
AAA,009,AAA009
HWW,475,HWW475
AAG,350,AAG350
AAJ,872,AAJ872
AAJ,905,AAJ905
AAG,001,AAG001
AAG,280,AAG280
AAJ,748,AAJ748
AAG,351,AAG351
AAJ,767,AAJ767
EOK,34N,EOK34N
SNH,919,SNH919
AAG,353,AAG353
AAA,007,AAA007
EWD,280,EWD280
AAA,84B,AAA84B
AAG,192,AAG192
LKX,268,LKX268
HTY,024,HTY024
SNE,776,SNE776
BTT,339,BTT339
EGP,143,EGP143
AAA,006,AAA006
SKR,491,SKR491
AAA,14A,AAA14A
FTJ,925,FTJ925
CGW,74G,CGW74G
BYJ,793,BYJ793
BYJ,893,BYJ893
CWZ,451,CWZ451
HHO,031,HHO031
AAG,246,AAG246
AAG,086,AAG086
SLJ,208,SLJ208
AAG,564,AAG564
AAJ,843,AAJ843
AAG,162,AAG162
AAG,030,AAG030
BUD,916,BUD916
AAE,726,AAE726
AAG,560,AAG560
AAJ,872,AAJ872
FLM,857,FLM857
AAJ,965,AAJ965
FYC,078,FYC078
AAG,491,AAG491
AAJ,684,AAJ684
AAG,224,AAG224
BOK,868,BOK868
HGM,937,HGM937
BOW,998,BOW998
AAE,822,AAE822
EOB,976,EOB976
AAG,500,AAG500
AAG,465,AAG465
AAG,334,AAG334
BTT,339,BTT339
BSL,108,BSL108
CXK,993,CXK993
EBW,316,EBW316
AAG,313,AAG313
ENO,883,ENO883
AAG,626,AAG626
AAG,595,AAG595
AAJ,866,AAJ866
AAG,488,AAG488
BUL,040,BUL040
AAJ,787,AAJ787
BOO,193,BOO193
ENJ,970,ENJ970
CXK,993,CXK993
AAJ,730,AAJ730
AAJ,841,AAJ841
AAA,011,AAA011
AAG,324,AAG324
AAG,477,AAG477
AAG,499,AAG499
GNN,289,GNN289
SNN,261,SNN261
SLK,76F,SLK76F
AAG,286,AAG286
ERW,752,ERW752
AAE,822,AAE822
EON,34L,EON34L
SKR,452,SKR452
AAG,028,AAG028
AAC,14B,AAC14B
AAJ,947,AAJ947
AAJ,834,AAJ834
BUL,040,BUL040
AAG,547,AAG547
AAG,511,AAG511
AAJ,895,AAJ895
BYJ,848,BYJ848
EGS,122,EGS122
HUL,522,HUL522
CFP,864,CFP864
AAG,136,AAG136
AAJ,813,AAJ813
AAJ,777,AAJ777
KSZ,485,KSZ485
BUL,040,BUL040
AAG,275,AAG275
AAJ,718,AAJ718
AAJ,782,AAJ782
AAG,542,AAG542
SNR,564,SNR564
BYD,357,BYD357
AAG,522,AAG522
AAB,324,AAB324
AAG,560,AAG560
BOU,840,BOU840
ENJ,994,ENJ994
CGZ,925,CGZ925
EUY,423,EUY423
AAJ,911,AAJ911
BOW,998,BOW998
BYA,769,BYA769
AAJ,797,AAJ797
HEX,363,HEX363
EOD,234,EOD234
HUL,522,HUL522
AAG,416,AAG416
CTF,268,CTF268
AAG,634,AAG634
AAG,169,AAG169
CTF,213,CTF213
HWU,372,HWU372
AAB,453,AAB453
PTR,522,PTR522
HFY,272,HFY272
FPH,077,FPH077
AAE,822,AAE822
HBP,511,HBP511
AAG,474,AAG474
AAF,714,AAF714
AAA,002,AAA002
BXX,961,BXX961
AAJ,856,AAJ856
AAG,279,AAG279
AAJ,789,AAJ789
AAG,175,AAG175
AAG,330,AAG330
AAG,374,AAG374
HTY,034,HTY034
FYC,063,FYC063
AAJ,666,AAJ666
AAG,554,AAG554
AAJ,793,AAJ793
AAJ,705,AAJ705
AAG,215,AAG215
AAJ,704,AAJ704
FST,927,FST927
AAG,157,AAG157
AAG,374,AAG374
BYJ,854,BYJ854
AAJ,762,AAJ762
EBW,400,EBW400
AAJ,841,AAJ841
CGF,394,CGF394
SNR,564,SNR564
AAG,040,AAG040
AAG,689,AAG689
AAA,477,AAA477
AAG,632,AAG632
AAG,445,AAG445
AAG,511,AAG511
AAJ,737,AAJ737
AAE,113,AAE113
EBW,593,EBW593
AAJ,802,AAJ802
AAG,107,AAG107
FYZ,570,FYZ570
AAG,652,AAG652
HTY,024,HTY024
AAG,172,AAG172
LYR,920,LYR920
AAJ,804,AAJ804
CXK,868,CXK868
AAG,094,AAG094
BOU,840,BOU840
AAJ,754,AAJ754
AAA,14A,AAA14A
BTY,577,BTY577
AAG,309,AAG309
GNN,289,GNN289
AAJ,766,AAJ766
ENF,566,ENF566
EBW,368,EBW368
CGF,372,CGF372
SKZ,419,SKZ419
EWD,291,EWD291
AAG,459,AAG459
AAG,038,AAG038
ENF,543,ENF543
AAJ,973,AAJ973
EBW,562,EBW562
HUL,580,HUL580
HFL,990,HFL990
AAG,263,AAG263
EON,34L,EON34L
AAG,220,AAG220
AAJ,684,AAJ684
EGS,161,EGS161
AAJ,922,AAJ922
EBW,562,EBW562
EGP,273,EGP273
EBW,400,EBW400
CHT,927,CHT927
EMS,629,EMS629
AAJ,910,AAJ910
AAG,490,AAG490
HFM,020,HFM020
AAG,629,AAG629
BOK,913,BOK913
EBW,314,EBW314
HEX,363,HEX363
CWX,218,CWX218
SNE,776,SNE776
EBW,314,EBW314
BOU,840,BOU840
EOL,409,EOL409
EBW,504,EBW504
AAJ,925,AAJ925
EPW,472,EPW472
HHS,804,HHS804
CGZ,925,CGZ925
AAG,159,AAG159
AAG,186,AAG186
AAJ,886,AAJ886
AAJ,937,AAJ937
FCN,809,FCN809
LGP,714,LGP714
BOF,356,BOF356
AAC,62C,AAC62C
AAJ,828,AAJ828
AAJ,911,AAJ911
AAG,410,AAG410
AAG,005,AAG005
FPH,081,FPH081
EOH,67P,EOH67P
BTT,243,BTT243
AAG,387,AAG387
AAG,666,AAG666
HFL,990,HFL990
AAG,336,AAG336
AAG,554,AAG554
AAG,459,AAG459
BON,73N,BON73N
AAG,129,AAG129
BXX,981,BXX981
BOF,356,BOF356
AAJ,843,AAJ843
AAG,587,AAG587
AAJ,765,AAJ765
SLD,712,SLD712
SKZ,628,SKZ628
ENT,221,ENT221
AAG,145,AAG145
AAG,615,AAG615
BSA,373,BSA373
AAJ,953,AAJ953
SKZ,642,SKZ642
HWW,666,HWW666
HHJ,079,HHJ079
AAG,509,AAG509
EMS,627,EMS627
EOK,369,EOK369
AAJ,912,AAJ912
AAJ,966,AAJ966
BYL,872,BYL872
AAG,169,AAG169
AAC,201,AAC201
AAJ,841,AAJ841
EPX,653,EPX653
AAG,286,AAG286
AAG,459,AAG459
AAG,354,AAG354
AAG,228,AAG228
AAJ,813,AAJ813
FTG,461,FTG461
AAJ,866,AAJ866
AAG,621,AAG621
SLN,619,SLN619
AAG,140,AAG140
SHF,298,SHF298
CWR,706,CWR706
AAJ,840,AAJ840
AAG,048,AAG048
AAG,589,AAG589
BYA,769,BYA769
SKR,491,SKR491
EMS,67X,EMS67X
SKR,523,SKR523
AAG,495,AAG495
AAG,318,AAG318
AAG,554,AAG554
CHT,927,CHT927
AAJ,953,AAJ953
HDT,718,HDT718
AAJ,732,AAJ732
ELY,476,ELY476
AAG,184,AAG184
AAG,341,AAG341
EWD,268,EWD268
AAG,609,AAG609
AAG,192,AAG192
AAG,357,AAG357
HFY,295,HFY295
AAG,554,AAG554
EOC,086,EOC086
AAG,368,AAG368
AAG,530,AAG530
SNR,564,SNR564
FPH,081,FPH081
EOD,229,EOD229
EWP,681,EWP681
CGS,139,CGS139
AAG,502,AAG502
FTG,484,FTG484
AAJ,796,AAJ796
AAA,14B,AAA14B
AAG,320,AAG320
FPH,077,FPH077
HBP,573,HBP573
ELY,44N,ELY44N
AAJ,796,AAJ796
HWW,450,HWW450
AAG,229,AAG229
BYD,356,BYD356
HHO,031,HHO031
AAC,42G,AAC42G
EBW,400,EBW400
FKG,195,FKG195
HDT,707,HDT707
BSA,404,BSA404
LZD,062,LZD062
BYD,356,BYD356
FYW,776,FYW776
SHJ,96L,SHJ96L
BSA,373,BSA373
AAG,260,AAG260
BMN,645,BMN645
AAG,662,AAG662
AAG,410,AAG410
EGS,161,EGS161
HGH,257,HGH257
CGF,372,CGF372
FJE,857,FJE857
AAJ,882,AAJ882
AAG,058,AAG058
FYC,063,FYC063
AAG,331,AAG331
KAK,374,KAK374
AAJ,868,AAJ868
AAG,416,AAG416
AAF,714,AAF714
AAG,038,AAG038
EOL,324,EOL324
AAG,356,AAG356
AAG,517,AAG517
AAG,447,AAG447
HHO,037,HHO037
EBW,26G,EBW26G
AAG,105,AAG105
HWU,372,HWU372
HWU,372,HWU372
AAG,619,AAG619
AAG,260,AAG260
AAJ,690,AAJ690
AAG,550,AAG550
AAG,203,AAG203
AAG,023,AAG023
ERB,763,ERB763
HUX,523,HUX523
FTW,237,FTW237
MAA,750,MAA750
BON,73N,BON73N
FYO,308,FYO308
AAG,536,AAG536
ENF,566,ENF566
EWD,280,EWD280
AAJ,966,AAJ966
AAG,202,AAG202
AAJ,868,AAJ868
CHT,998,CHT998
AAG,259,AAG259
AAG,251,AAG251
AAA,14A,AAA14A
AAG,097,AAG097
FXM,225,FXM225
SLO,664,SLO664
EOB,976,EOB976
HFY,272,HFY272
AAG,483,AAG483
FCN,334,FCN334
AAJ,797,AAJ797
AAG,282,AAG282
AAG,477,AAG477
BYD,325,BYD325
EBW,368,EBW368
BSZ,580,BSZ580
CGS,046,CGS046
AAG,286,AAG286
BUN,513,BUN513
AAG,609,AAG609
FKL,178,FKL178
AAG,542,AAG542
AAJ,801,AAJ801
AAG,005,AAG005
AAJ,796,AAJ796
AAG,336,AAG336
ERB,871,ERB871
LGP,714,LGP714
AAJ,763,AAJ763
SNR,55Y,SNR55Y
SNU,271,SNU271
EGP,203,EGP203
AAG,614,AAG614
AAG,487,AAG487
EPW,472,EPW472
SNU,271,SNU271
AAG,511,AAG511
SKR,515,SKR515
HTX,994,HTX994
AAG,520,AAG520
ERO,996,ERO996
BXX,961,BXX961
EON,259,EON259
BYJ,848,BYJ848
BYT,364,BYT364
EWP,650,EWP650
HWW,177,HWW177
AAG,629,AAG629
AAG,410,AAG410
AAG,470,AAG470
ESM,095,ESM095
AAG,164,AAG164
EGS,119,EGS119
HWU,472,HWU472
AAA,826,AAA826
AAG,260,AAG260
BOF,342,BOF342
AAG,339,AAG339
AAJ,848,AAJ848
FPH,077,FPH077
ENO,870,ENO870
AAJ,666,AAJ666
FKB,325,FKB325
BOU,931,BOU931
FPH,081,FPH081
HDT,718,HDT718
SLD,712,SLD712
EBW,400,EBW400
HUX,523,HUX523
BOF,343,BOF343
ERW,800,ERW800
AAG,568,AAG568
ESM,095,ESM095
FCN,806,FCN806
BON,678,BON678
BMN,422,BMN422
AAG,186,AAG186
AAC,371,AAC371
AAG,260,AAG260
AAG,624,AAG624
BOU,867,BOU867
FLM,781,FLM781
AAB,637,AAB637
AAJ,912,AAJ912
AAJ,988,AAJ988
CGS,046,CGS046
BSA,404,BSA404
AAG,106,AAG106
ESM,095,ESM095
EGS,119,EGS119
FCE,474,FCE474
END,948,END948
FFY,236,FFY236
AAG,244,AAG244
AAG,001,AAG001
AAG,159,AAG159
AAJ,856,AAJ856
FJE,840,FJE840
AAG,320,AAG320
FLM,734,FLM734
HHO,037,HHO037
AAJ,910,AAJ910
AAJ,708,AAJ708
AAG,307,AAG307
FYC,078,FYC078
AAG,568,AAG568
AAJ,966,AAJ966
AAJ,889,AAJ889
AAJ,842,AAJ842
EOL,379,EOL379
AAG,550,AAG550
BMN,645,BMN645
EOH,695,EOH695
AAG,229,AAG229
AAG,338,AAG338
AAG,125,AAG125
END,946,END946
AAJ,707,AAJ707
AAG,272,AAG272
CHS,539,CHS539
AAA,74A,AAA74A
FCN,334,FCN334
EMY,756,EMY756
CGF,401,CGF401
CWZ,258,CWZ258
AAG,105,AAG105
HWU,372,HWU372
AAG,185,AAG185
CFP,864,CFP864
BUN,195,BUN195
AAG,252,AAG252
FYW,776,FYW776
EBW,878,EBW878
BOO,177,BOO177
AAJ,760,AAJ760
EUY,414,EUY414
BMN,573,BMN573
HWU,412,HWU412
AAG,314,AAG314
AAJ,854,AAJ854
HUX,523,HUX523
BOO,177,BOO177
BOK,868,BOK868
AAG,388,AAG388
EBW,862,EBW862
AAG,670,AAG670
AAG,595,AAG595
SHF,370,SHF370
ELY,44N,ELY44N
HBP,511,HBP511
BMN,645,BMN645
BUL,090,BUL090
AAG,609,AAG609
BYA,739,BYA739
SKZ,642,SKZ642
BSA,416,BSA416
AAA,002,AAA002
AAJ,947,AAJ947
HWW,687,HWW687
ENO,799,ENO799
AAJ,813,AAJ813
SKR,491,SKR491
AAG,589,AAG589
HWW,687,HWW687
BSL,108,BSL108
EBW,727,EBW727
EGP,080,EGP080
ENU,464,ENU464
EWD,291,EWD291
AAG,125,AAG125
AAG,267,AAG267
AAJ,983,AAJ983
AAG,197,AAG197
AAC,62Y,AAC62Y
AAG,022,AAG022
AAJ,774,AAJ774
AAA,74A,AAA74A
BSA,396,BSA396
AAJ,734,AAJ734
AAB,731,AAB731
BUL,040,BUL040
EBW,562,EBW562
AAJ,786,AAJ786
AAJ,789,AAJ789
AAJ,830,AAJ830
FTP,523,FTP523
AAG,067,AAG067
SNE,76E,SNE76E
BYA,746,BYA746
AAG,242,AAG242
AAG,689,AAG689
AAG,300,AAG300
AAG,298,AAG298
AAG,500,AAG500
LYR,920,LYR920
BSA,404,BSA404
EWD,268,EWD268
BUL,039,BUL039
CXB,068,CXB068
AAJ,872,AAJ872
AAJ,822,AAJ822
EOL,379,EOL379
HUL,580,HUL580
HHC,212,HHC212
AAG,123,AAG123
AAG,522,AAG522
END,948,END948
SKZ,628,SKZ628
CHT,998,CHT998
EOB,976,EOB976
AAG,113,AAG113
EMU,665,EMU665
EMS,627,EMS627
ENU,435,ENU435
AAA,14A,AAA14A
AAE,701,AAE701
EON,34N,EON34N
AAG,277,AAG277
AAG,354,AAG354
AAG,488,AAG488
CGZ,908,CGZ908
AAG,235,AAG235
AAG,508,AAG508
BUK,936,BUK936
EWP,681,EWP681
AAG,297,AAG297
SNR,55Y,SNR55Y
AAB,22A,AAB22A
BOW,994,BOW994
AAG,624,AAG624
AAG,565,AAG565
AAG,406,AAG406
AAJ,718,AAJ718
HFM,020,HFM020
AAG,264,AAG264
AAJ,806,AAJ806
SKZ,419,SKZ419
EOH,687,EOH687
AAG,062,AAG062
ENZ,757,ENZ757
EON,272,EON272
AAG,041,AAG041
AAE,113,AAE113
EOH,67P,EOH67P
HUX,525,HUX525
AAJ,802,AAJ802
EWP,718,EWP718
HFL,990,HFL990
BOU,931,BOU931
FCN,280,FCN280
LGP,634,LGP634
AAJ,887,AAJ887
AAJ,985,AAJ985
AAG,587,AAG587
HGN,015,HGN015
EGS,122,EGS122
AAG,098,AAG098
BUD,905,BUD905
ERO,996,ERO996
EMS,607,EMS607
EBW,368,EBW368
ENT,222,ENT222
AAA,14B,AAA14B
AAG,522,AAG522
AAG,332,AAG332
BYJ,836,BYJ836
AAG,341,AAG341
HGG,005,HGG005
AAG,192,AAG192
HHO,089,HHO089
BMN,422,BMN422
AAJ,734,AAJ734
AAJ,936,AAJ936
AAG,159,AAG159
FTG,484,FTG484
ESM,135,ESM135
AAG,137,AAG137
BYT,446,BYT446
EWD,280,EWD280
AAG,176,AAG176
HHO,006,HHO006
AAG,105,AAG105
AAJ,806,AAJ806
AAJ,793,AAJ793
FCN,280,FCN280
AAG,260,AAG260
EON,34N,EON34N
BUD,875,BUD875
AAJ,885,AAJ885
AAG,127,AAG127
SLO,693,SLO693
AAG,094,AAG094
AAG,569,AAG569
AAG,234,AAG234
LBJ,446,LBJ446
CGF,372,CGF372
EUN,412,EUN412
AAG,129,AAG129
AAG,416,AAG416
HFM,067,HFM067
BMN,539,BMN539
FPH,077,FPH077
FST,575,FST575
BMN,573,BMN573
SKZ,678,SKZ678
AAG,041,AAG041
AAA,74B,AAA74B
HHC,212,HHC212
AAJ,796,AAJ796
AAJ,783,AAJ783
AAG,545,AAG545
BUL,090,BUL090
LHO,732,LHO732
AAJ,818,AAJ818
HWU,472,HWU472
EUY,423,EUY423
AAG,005,AAG005
ENF,566,ENF566
CHZ,054,CHZ054
SND,320,SND320
AAG,264,AAG264
EOL,329,EOL329
BOF,356,BOF356
AAG,459,AAG459
ENJ,976,ENJ976
BOU,943,BOU943
AAG,279,AAG279
AAG,161,AAG161
ESY,863,ESY863
AAG,203,AAG203
AAJ,912,AAJ912
HUR,171,HUR171
FCN,780,FCN780
HHC,188,HHC188
AAG,494,AAG494
GNN,289,GNN289
AAG,577,AAG577
AAJ,965,AAJ965
AAJ,801,AAJ801
AAG,063,AAG063
BSA,331,BSA331
EGS,273,EGS273
AAG,416,AAG416
CGF,401,CGF401
BYJ,848,BYJ848
BUN,513,BUN513
ERL,679,ERL679
BON,678,BON678
CWZ,451,CWZ451
AAG,608,AAG608
AAG,334,AAG334
AAG,392,AAG392
AAG,515,AAG515
CWR,751,CWR751
AAG,021,AAG021
AAG,455,AAG455
EOP,252,EOP252
BUN,195,BUN195
SKR,452,SKR452
AAG,430,AAG430
AAG,511,AAG511
AAB,42C,AAB42C
AAG,378,AAG378
AAA,74B,AAA74B
FCN,806,FCN806
EBW,566,EBW566
AAJ,705,AAJ705
AAJ,768,AAJ768
FYC,078,FYC078
AAA,84B,AAA84B
SHJ,96L,SHJ96L
SKZ,678,SKZ678
AAJ,810,AAJ810
AAG,179,AAG179
AAJ,714,AAJ714
FTP,555,FTP555
EMS,629,EMS629
AAG,465,AAG465
HEX,363,HEX363
BMN,539,BMN539
ENF,55P,ENF55P
AAG,537,AAG537
AAJ,822,AAJ822
BYA,739,BYA739
AAG,646,AAG646
KSZ,485,KSZ485
AAG,642,AAG642
AAG,459,AAG459
ESY,863,ESY863
AAE,822,AAE822
EOG,124,EOG124
CHS,539,CHS539
FKS,106,FKS106
AAB,711,AAB711
BTT,243,BTT243
AAJ,947,AAJ947
AAG,652,AAG652
EOB,976,EOB976
BOW,994,BOW994
AAG,551,AAG551
AAG,137,AAG137
HWW,450,HWW450
AAG,250,AAG250
BXX,946,BXX946
FTP,523,FTP523
AAA,010,AAA010
HUX,525,HUX525
AAA,14A,AAA14A
ENJ,970,ENJ970
AAJ,907,AAJ907
AAJ,803,AAJ803
AAG,016,AAG016
AAG,207,AAG207
EGP,080,EGP080
BTY,569,BTY569
HDT,707,HDT707
AAG,267,AAG267
FTG,484,FTG484
AAG,268,AAG268
AAG,174,AAG174
EGP,241,EGP241
AAG,515,AAG515
AAJ,887,AAJ887
CFP,864,CFP864
AAJ,840,AAJ840
BYA,746,BYA746
AAG,046,AAG046
SNR,55Y,SNR55Y
LMK,266,LMK266
AAG,508,AAG508
EBW,591,EBW591
AAG,497,AAG497
AAG,340,AAG340
AAJ,860,AAJ860
AAJ,945,AAJ945
AAG,271,AAG271
AAG,408,AAG408
AAJ,852,AAJ852
AAG,257,AAG257
BYJ,793,BYJ793
AAJ,797,AAJ797
AAA,010,AAA010
AAG,097,AAG097
ENZ,75P,ENZ75P
CWR,706,CWR706
AAG,365,AAG365
ENJ,976,ENJ976
AAG,559,AAG559
AAJ,860,AAJ860
HWU,472,HWU472
SKX,161,SKX161
FTY,477,FTY477
BYL,94T,BYL94T
AAG,107,AAG107
AAJ,841,AAJ841
AAG,107,AAG107
AAJ,766,AAJ766
AAG,357,AAG357
CWR,751,CWR751
CWU,222,CWU222
LZD,062,LZD062
AAG,040,AAG040
AAG,530,AAG530
BUD,944,BUD944
AAG,113,AAG113
AAJ,906,AAJ906
EPX,653,EPX653
EBW,428,EBW428
CXL,279,CXL279
CWU,222,CWU222
HFY,272,HFY272
AAG,557,AAG557
AAJ,767,AAJ767
LKX,268,LKX268
AAG,244,AAG244
AAJ,785,AAJ785
AAJ,777,AAJ777
AAG,546,AAG546
AAB,42C,AAB42C
AAG,483,AAG483
AAG,097,AAG097
AAG,508,AAG508
AAG,465,AAG465
AAG,242,AAG242
EGS,122,EGS122
AAG,235,AAG235
AAG,430,AAG430
AAG,244,AAG244
CXB,068,CXB068
AAJ,874,AAJ874
EUN,422,EUN422
FJE,840,FJE840
AAG,279,AAG279
BOK,913,BOK913
FYC,078,FYC078
EBW,727,EBW727
BTT,243,BTT243
EGS,315,EGS315
EMS,639,EMS639
AAG,608,AAG608
BON,73N,BON73N
SLN,715,SLN715
AAG,332,AAG332
KFD,407,KFD407
AAG,203,AAG203
AAJ,750,AAJ750
EBW,316,EBW316
BOF,356,BOF356
AAB,24A,AAB24A
HTX,994,HTX994
HWU,427,HWU427
CXB,027,CXB027
AAG,001,AAG001
AAG,399,AAG399
AAJ,925,AAJ925
AAG,307,AAG307
AAG,447,AAG447
BXX,961,BXX961
HWW,687,HWW687
AAG,293,AAG293
AAE,823,AAE823
AAB,22A,AAB22A
ERB,871,ERB871
EMS,67X,EMS67X
AAJ,936,AAJ936
BOO,177,BOO177
AAG,116,AAG116
CWR,751,CWR751
FCN,618,FCN618
AAG,213,AAG213
FJE,840,FJE840
AAA,003,AAA003
AAG,626,AAG626
FXW,200,FXW200
AAG,125,AAG125
AAG,441,AAG441
HFM,048,HFM048
EWP,681,EWP681
HWW,590,HWW590
AAG,589,AAG589
CGS,046,CGS046
BSZ,597,BSZ597
AAC,201,AAC201
AAG,139,AAG139
BUN,479,BUN479
AAJ,828,AAJ828
AAG,589,AAG589
ENU,517,ENU517
AAG,507,AAG507
AAJ,750,AAJ750
AAG,508,AAG508
AAJ,936,AAJ936
AAG,546,AAG546
EWP,681,EWP681
AAG,242,AAG242
FCN,323,FCN323
LGP,714,LGP714
AAJ,776,AAJ776
HUR,171,HUR171
AAJ,941,AAJ941
BYT,364,BYT364
CGS,046,CGS046
BOK,868,BOK868
ENF,566,ENF566
AAG,272,AAG272
AAJ,767,AAJ767
AAG,520,AAG520
AAB,324,AAB324
AAG,337,AAG337
AAG,035,AAG035
AAG,228,AAG228
AAG,298,AAG298
AAG,168,AAG168
EBW,36G,EBW36G
BUD,875,BUD875
AAG,383,AAG383
EUT,919,EUT919
CXA,986,CXA986
SND,320,SND320
LMK,266,LMK266
AAG,602,AAG602
FTW,243,FTW243
BUO,563,BUO563
BOF,342,BOF342
AAG,488,AAG488
AAG,633,AAG633
AAJ,748,AAJ748
AAA,14A,AAA14A
SNN,261,SNN261
AAG,440,AAG440
ERB,842,ERB842
AAG,545,AAG545
EON,34L,EON34L
SHF,286,SHF286
SNJ,724,SNJ724
HWW,389,HWW389
AAG,508,AAG508
AAJ,804,AAJ804
EMY,717,EMY717
AAJ,872,AAJ872
BXX,961,BXX961
LDT,924,LDT924
BSK,919,BSK919
AAG,470,AAG470
AAG,392,AAG392
GNN,309,GNN309
AAG,527,AAG527
AAG,453,AAG453
AAG,197,AAG197
AAJ,781,AAJ781
BXX,981,BXX981
KSZ,487,KSZ487
AAJ,783,AAJ783
AAG,666,AAG666
BOU,840,BOU840
BMN,644,BMN644
EBW,428,EBW428
BXX,961,BXX961
AAG,564,AAG564
AAG,534,AAG534
AAK,007,AAK007
AAG,277,AAG277
AAJ,701,AAJ701
EOL,329,EOL329
AAJ,873,AAJ873
AAG,313,AAG313
AAJ,778,AAJ778
EMU,709,EMU709
EOB,976,EOB976
AAG,584,AAG584
END,874,END874
AAG,404,AAG404
SNJ,724,SNJ724
GNN,262,GNN262
AAJ,990,AAJ990
AAG,208,AAG208
AAG,535,AAG535
AAG,475,AAG475
BYL,893,BYL893
AAG,161,AAG161
SND,320,SND320
EBW,400,EBW400
BTT,339,BTT339
EON,259,EON259
AAG,224,AAG224
AAG,585,AAG585
BXX,998,BXX998
EMU,665,EMU665
BYL,893,BYL893
SNJ,724,SNJ724
HWW,190,HWW190
AAG,545,AAG545
SKR,491,SKR491
LLU,731,LLU731
ENF,543,ENF543
EBW,44Y,EBW44Y
CGO,188,CGO188
BUE,060,BUE060
HHC,212,HHC212
AAJ,796,AAJ796
AAG,392,AAG392
AAG,652,AAG652
EBW,566,EBW566
BMN,422,BMN422
AAG,176,AAG176
SLR,472,SLR472
HWU,472,HWU472
HHO,006,HHO006
EOL,379,EOL379
AAJ,866,AAJ866
AAG,126,AAG126
EWD,291,EWD291
AAE,113,AAE113
END,874,END874
EOL,409,EOL409
AAJ,953,AAJ953
AAG,656,AAG656
FLM,781,FLM781
PTR,552,PTR552
AAG,339,AAG339
AAG,633,AAG633
ENF,543,ENF543
AAG,482,AAG482
AAG,470,AAG470
FLM,781,FLM781
FCN,797,FCN797
AAJ,707,AAJ707
AAG,319,AAG319
AAG,005,AAG005
AAG,202,AAG202
AAJ,906,AAJ906
AAG,595,AAG595
EOD,229,EOD229
AAG,497,AAG497
FCN,780,FCN780
BUO,563,BUO563
EOL,409,EOL409
AAG,398,AAG398
AAJ,659,AAJ659
ESY,841,ESY841
AAB,03W,AAB03W
AAJ,718,AAJ718
BON,758,BON758
AAJ,718,AAJ718
AAG,447,AAG447
KFD,407,KFD407
AAJ,805,AAJ805
AAB,24A,AAB24A
AAG,447,AAG447
AAG,465,AAG465
AAJ,893,AAJ893
AAG,162,AAG162
AAG,339,AAG339
AAJ,803,AAJ803
AAG,128,AAG128
EGP,241,EGP241
AAJ,827,AAJ827
AAG,617,AAG617
BYD,357,BYD357
BYD,325,BYD325
AAJ,694,AAJ694
HHO,037,HHO037
AAG,310,AAG310
FYZ,635,FYZ635
EBW,700,EBW700
ENU,464,ENU464
AAJ,830,AAJ830
AAG,370,AAG370
SNR,55Y,SNR55Y
BMN,642,BMN642
AAG,228,AAG228
BYJ,836,BYJ836
AAG,066,AAG066
AAJ,750,AAJ750
AAF,714,AAF714
AAG,599,AAG599
LKX,243,LKX243
EOL,379,EOL379
AAG,174,AAG174
BOK,868,BOK868
AAJ,666,AAJ666
HDT,795,HDT795
AAG,040,AAG040
AAG,208,AAG208
EWD,291,EWD291
AAJ,769,AAJ769
AAG,083,AAG083
AAG,126,AAG126
FYE,960,FYE960
SNR,55Y,SNR55Y
SJX,024,SJX024
AAG,022,AAG022
FFY,286,FFY286
AAG,646,AAG646
SNH,924,SNH924
EWF,167,EWF167
FYZ,680,FYZ680
EGP,105,EGP105
AAA,003,AAA003
AAJ,965,AAJ965
AAG,185,AAG185
AAG,537,AAG537
FLM,781,FLM781
SLO,693,SLO693
HWW,177,HWW177
HWW,159,HWW159
CGZ,908,CGZ908
ENU,526,ENU526
FTW,243,FTW243
GNN,289,GNN289
AAG,314,AAG314
FFY,236,FFY236
EON,259,EON259
AAG,619,AAG619
EBW,530,EBW530
EGP,105,EGP105
AAJ,874,AAJ874
BYJ,854,BYJ854
AAB,24A,AAB24A
BSK,919,BSK919
EGS,260,EGS260
SKZ,678,SKZ678
AAJ,948,AAJ948
AAJ,782,AAJ782
HTY,034,HTY034
AAG,353,AAG353
LGP,634,LGP634
AAJ,813,AAJ813
FCN,323,FCN323
KAK,374,KAK374
AAG,508,AAG508
AAG,022,AAG022
HHJ,176,HHJ176
ESY,841,ESY841
AAJ,892,AAJ892
AAG,411,AAG411
AAJ,691,AAJ691
AAG,284,AAG284
AAG,599,AAG599
CTF,219,CTF219
HWW,389,HWW389
BSA,416,BSA416
AAG,314,AAG314
LZD,062,LZD062
AAG,277,AAG277
EBW,562,EBW562
AAG,646,AAG646
FYZ,680,FYZ680
EOL,409,EOL409
EGP,273,EGP273
AAG,507,AAG507
AAG,408,AAG408
SNH,919,SNH919
SNU,271,SNU271
FPH,045,FPH045
AAG,423,AAG423
FPH,081,FPH081
FKY,464,FKY464
AAG,113,AAG113
SJW,998,SJW998
FKL,157,FKL157
AAG,108,AAG108
MAW,280,MAW280
AAJ,803,AAJ803
AAG,490,AAG490
EOD,093,EOD093
AAJ,789,AAJ789
BUO,563,BUO563
AAJ,899,AAJ899
AAG,423,AAG423
HFY,272,HFY272
AAG,520,AAG520
AAG,387,AAG387
FPH,077,FPH077
SNJ,655,SNJ655
AAE,822,AAE822
EBW,530,EBW530
EBW,449,EBW449
AAG,040,AAG040
AAG,546,AAG546
FKL,178,FKL178
BXX,961,BXX961
BXX,961,BXX961
AAJ,684,AAJ684
AAG,031,AAG031
ENU,517,ENU517
BSA,404,BSA404
EMU,708,EMU708
AAG,504,AAG504
LHO,732,LHO732
AAG,629,AAG629
SNH,924,SNH924
HDT,795,HDT795
BOW,998,BOW998
SJW,998,SJW998
FTW,243,FTW243
EUN,413,EUN413
HGM,964,HGM964
HFL,990,HFL990
SNH,866,SNH866
EOD,229,EOD229
BYJ,793,BYJ793
FLM,676,FLM676
KSZ,502,KSZ502
AAG,522,AAG522
AAJ,933,AAJ933
AAG,063,AAG063
SNH,919,SNH919
AAJ,915,AAJ915
AAJ,929,AAJ929
BMN,422,BMN422
EWF,167,EWF167
AAJ,694,AAJ694
AAG,319,AAG319
AAA,001,AAA001
FYZ,680,FYZ680
AAG,537,AAG537
AAG,626,AAG626
AAJ,915,AAJ915
AAG,470,AAG470
EMS,639,EMS639
AAJ,707,AAJ707
CHU,041,CHU041
AAG,565,AAG565
AAG,284,AAG284
AAE,662,AAE662
HDT,707,HDT707
AAG,415,AAG415
SNH,866,SNH866
AAJ,937,AAJ937
BSZ,597,BSZ597
AAG,235,AAG235
SNJ,724,SNJ724
BSA,331,BSA331
ENJ,976,ENJ976
AAJ,900,AAJ900
AAJ,741,AAJ741
FKB,325,FKB325
HBP,573,HBP573
AAG,545,AAG545
AAJ,786,AAJ786
AAJ,659,AAJ659
AAG,339,AAG339
AAG,202,AAG202
CHT,927,CHT927
SLN,619,SLN619
AAG,192,AAG192
AAJ,919,AAJ919
EUN,413,EUN413
AAG,517,AAG517
AAG,559,AAG559
BYA,736,BYA736
HUL,541,HUL541
EMS,627,EMS627
AAB,42Y,AAB42Y
AAJ,810,AAJ810
AAG,697,AAG697
AAJ,704,AAJ704
ENT,857,ENT857
SNE,776,SNE776
AAG,172,AAG172
AAG,504,AAG504
AAG,595,AAG595
AAG,123,AAG123
AAJ,721,AAJ721
EGP,273,EGP273
AAG,082,AAG082
AAJ,910,AAJ910
AAG,145,AAG145
FST,575,FST575
AAG,537,AAG537
AAJ,978,AAJ978
AAJ,771,AAJ771
ENJ,953,ENJ953
SLR,472,SLR472
AAA,007,AAA007
FYO,223,FYO223
AAJ,705,AAJ705
CWU,222,CWU222
HHO,089,HHO089
AAG,417,AAG417
EWD,291,EWD291
AAG,699,AAG699
AAG,392,AAG392
AAG,159,AAG159
AAG,473,AAG473
AAG,577,AAG577
AAJ,860,AAJ860
BSL,108,BSL108
CGZ,905,CGZ905
EOK,369,EOK369
FYZ,680,FYZ680
AAG,425,AAG425
SKZ,678,SKZ678
AAB,42C,AAB42C
AAG,335,AAG335
SKX,161,SKX161
KFD,407,KFD407
EGP,241,EGP241
AAG,589,AAG589
BMN,495,BMN495
EWD,280,EWD280
AAB,42Y,AAB42Y
FLM,676,FLM676
AAG,063,AAG063
AAG,022,AAG022
LHO,732,LHO732
AAG,585,AAG585
AAK,008,AAK008
AAG,398,AAG398
BOO,193,BOO193
BUL,039,BUL039
AAJ,781,AAJ781
AAG,494,AAG494
AAA,11B,AAA11B
AAJ,695,AAJ695
AAJ,937,AAJ937
AAG,021,AAG021
AAG,580,AAG580
EUY,414,EUY414
AAG,107,AAG107
SLR,472,SLR472
HHJ,079,HHJ079
SLJ,208,SLJ208
EWD,291,EWD291
HBP,573,HBP573
BOW,994,BOW994
BUN,513,BUN513
AAJ,666,AAJ666
LHO,732,LHO732
AAG,186,AAG186
AAG,445,AAG445
AAG,137,AAG137
AAG,215,AAG215
FSW,393,FSW393
AAG,186,AAG186
EMS,629,EMS629
AAG,186,AAG186
HHS,763,HHS763
AAG,453,AAG453
AAJ,912,AAJ912
AAG,486,AAG486
FLM,734,FLM734
AAG,192,AAG192
BOF,342,BOF342
AAG,197,AAG197
AAG,652,AAG652
AAJ,786,AAJ786
AAJ,840,AAJ840
SLR,472,SLR472
ERW,752,ERW752
AAG,585,AAG585
EGP,273,EGP273
AAG,494,AAG494
LLU,855,LLU855
AAG,267,AAG267
AAG,577,AAG577
AAJ,775,AAJ775
HHC,201,HHC201
AAJ,737,AAJ737
AAG,445,AAG445
EOP,252,EOP252
FTG,484,FTG484
AAG,383,AAG383
AAB,03W,AAB03W
EGS,190,EGS190
AAG,297,AAG297
EOB,976,EOB976
AAJ,676,AAJ676
AAC,201,AAC201
AAJ,827,AAJ827
AAJ,887,AAJ887
AAG,224,AAG224
AAG,604,AAG604
AAG,475,AAG475
AAJ,780,AAJ780
EGP,162,EGP162
AAG,229,AAG229
AAJ,806,AAJ806
AAJ,694,AAJ694
AAG,666,AAG666
AAG,609,AAG609
AAJ,828,AAJ828
AAG,156,AAG156
BMN,539,BMN539
AAG,195,AAG195
AAG,383,AAG383
AAG,048,AAG048
HGM,964,HGM964
AAC,711,AAC711
AAG,356,AAG356
AAG,140,AAG140
AAG,334,AAG334
EGP,143,EGP143
CXK,993,CXK993
AAG,530,AAG530
AAG,350,AAG350
FKG,195,FKG195
AAG,477,AAG477
AAG,309,AAG309
SNE,776,SNE776
AAG,083,AAG083
AAG,387,AAG387
AAG,272,AAG272
AAC,14B,AAC14B
HBP,511,HBP511
AAG,613,AAG613
ERB,871,ERB871
AAJ,830,AAJ830
AAA,003,AAA003
EOH,687,EOH687
EGS,241,EGS241
AAG,436,AAG436
FCN,378,FCN378
SKZ,678,SKZ678
BOF,343,BOF343
AAG,159,AAG159
AAJ,887,AAJ887
SNR,560,SNR560
ENF,543,ENF543
SNU,271,SNU271
AAG,387,AAG387
LYR,920,LYR920
AAG,613,AAG613
BYA,746,BYA746
AAJ,826,AAJ826
ENJ,970,ENJ970
AAG,195,AAG195
ESY,841,ESY841
ENT,221,ENT221
BYA,746,BYA746
AAJ,807,AAJ807
AAG,586,AAG586
LHO,777,LHO777
AAA,477,AAA477
HDT,795,HDT795
AAC,371,AAC371
AAG,613,AAG613
AAJ,712,AAJ712
AAG,656,AAG656
AAJ,762,AAJ762
AAG,640,AAG640
BUD,875,BUD875
AAG,275,AAG275
EMS,607,EMS607
FTG,484,FTG484
BYJ,810,BYJ810
FPH,045,FPH045
AAJ,954,AAJ954
AAG,465,AAG465
CGO,173,CGO173
BSA,331,BSA331
EWF,081,EWF081
AAG,125,AAG125
CJG,137,CJG137
AAG,662,AAG662
SNJ,724,SNJ724
EUN,413,EUN413
FYC,063,FYC063
AAG,032,AAG032
ENT,857,ENT857
AAG,125,AAG125
AAG,515,AAG515
AAC,371,AAC371
SHJ,96L,SHJ96L
AAG,491,AAG491
AAG,514,AAG514
AAB,22A,AAB22A
BUE,060,BUE060
AAJ,727,AAJ727
HHJ,079,HHJ079
FYC,063,FYC063
BYJ,893,BYJ893
AAG,425,AAG425
EWD,280,EWD280
AAJ,936,AAJ936
AAG,399,AAG399
AAG,028,AAG028
ELY,511,ELY511
BUO,548,BUO548
AAG,483,AAG483
AAG,004,AAG004
SJX,024,SJX024
AAG,568,AAG568
AAJ,690,AAJ690
AAJ,906,AAJ906
SNE,776,SNE776
AAG,129,AAG129
FKL,157,FKL157
EOD,229,EOD229
CHT,927,CHT927
AAJ,843,AAJ843
AAJ,834,AAJ834
AAG,536,AAG536
EBW,530,EBW530
ENZ,781,ENZ781
LMK,266,LMK266
AAG,478,AAG478
HDT,718,HDT718
BMN,745,BMN745
AAG,645,AAG645
HUX,523,HUX523
AAG,609,AAG609
AAG,319,AAG319
EWF,081,EWF081
BOF,342,BOF342
CWZ,238,CWZ238
ENT,871,ENT871
ENF,55P,ENF55P
SKX,16K,SKX16K
EWF,081,EWF081
CJG,137,CJG137
HHO,037,HHO037
EUN,412,EUN412
AAJ,911,AAJ911
FCN,806,FCN806
EGP,143,EGP143
HWW,389,HWW389
AAG,463,AAG463
AAG,128,AAG128
SKR,515,SKR515
LHO,768,LHO768
AAJ,760,AAJ760
FYC,078,FYC078
AAG,404,AAG404
BSA,331,BSA331
SHF,370,SHF370
ENU,435,ENU435
HHS,804,HHS804
FLM,734,FLM734
CXL,279,CXL279
AAG,647,AAG647
AAG,586,AAG586
HUX,525,HUX525
AAG,666,AAG666
EMS,639,EMS639
BUN,508,BUN508
CWZ,238,CWZ238
BYD,384,BYD384
EGS,241,EGS241
ESY,841,ESY841
AAJ,828,AAJ828
SHF,298,SHF298
BSA,452,BSA452
EGS,260,EGS260
HHC,201,HHC201
BYD,32C,BYD32C
AAG,446,AAG446
HBP,615,HBP615
AAG,537,AAG537
CTF,197,CTF197
HHC,201,HHC201
AAJ,841,AAJ841
AAG,412,AAG412
AAG,320,AAG320
AAG,264,AAG264
AAJ,708,AAJ708
AAJ,777,AAJ777
ESY,863,ESY863
SNJ,724,SNJ724
AAJ,779,AAJ779
HWW,177,HWW177
FJE,857,FJE857
AAG,608,AAG608
AAG,027,AAG027
AAG,307,AAG307
AAG,145,AAG145
AAG,279,AAG279
AAG,093,AAG093
AAG,455,AAG455
ENO,799,ENO799
FTG,484,FTG484
AAG,318,AAG318
FFY,286,FFY286
EGP,336,EGP336
CWR,871,CWR871
EON,259,EON259
AAG,215,AAG215
SNN,261,SNN261
CGF,437,CGF437
HUX,523,HUX523
AAJ,919,AAJ919
AAA,14B,AAA14B
FUA,986,FUA986
AAG,207,AAG207
AAG,071,AAG071
EOH,67P,EOH67P
EON,259,EON259
AAG,587,AAG587
FKS,097,FKS097
AAG,203,AAG203
FSW,393,FSW393
AAJ,796,AAJ796
SLN,715,SLN715
EMS,639,EMS639
AAE,823,AAE823
AAJ,887,AAJ887
AAB,22A,AAB22A
AAJ,895,AAJ895
AAG,063,AAG063
AAG,209,AAG209
FLM,781,FLM781
BUN,513,BUN513
AAJ,699,AAJ699
AAG,071,AAG071
EGS,269,EGS269
CGZ,905,CGZ905
FCN,809,FCN809
BOU,867,BOU867
AAJ,800,AAJ800
AAJ,826,AAJ826
AAJ,813,AAJ813
AAJ,787,AAJ787
AAA,087,AAA087
AAG,209,AAG209
AAJ,718,AAJ718
AAG,615,AAG615
FYC,063,FYC063
AAA,74A,AAA74A
BYL,869,BYL869
AAG,315,AAG315
AAG,568,AAG568
FTW,237,FTW237
AAJ,691,AAJ691
AAA,003,AAA003
AAJ,887,AAJ887
AAG,557,AAG557
EGS,241,EGS241
BYT,364,BYT364
AAJ,806,AAJ806
EWP,650,EWP650
BYT,446,BYT446
AAG,046,AAG046
EOD,056,EOD056
EMS,67X,EMS67X
ENZ,781,ENZ781
AAD,741,AAD741
AAJ,676,AAJ676
AAG,488,AAG488
AAG,300,AAG300
ENZ,75T,ENZ75T
AAJ,801,AAJ801
AAG,307,AAG307
AAG,244,AAG244
AAG,116,AAG116
AAJ,684,AAJ684
AAB,637,AAB637
AAJ,892,AAJ892
BUL,090,BUL090
AAG,268,AAG268
BXX,961,BXX961
ENT,222,ENT222
CWZ,264,CWZ264
GNN,309,GNN309
ENF,566,ENF566
CGO,173,CGO173
BYA,736,BYA736
FST,579,FST579
HWU,412,HWU412
AAJ,966,AAJ966
AAG,012,AAG012
HFY,272,HFY272
AAG,425,AAG425
AAG,048,AAG048
SKR,491,SKR491
EUN,471,EUN471
AAG,229,AAG229
EOD,234,EOD234
AAG,314,AAG314
EGS,161,EGS161
AAA,826,AAA826
AAJ,843,AAJ843
EGS,260,EGS260
AAG,586,AAG586
FCN,780,FCN780
SHF,379,SHF379
EMS,607,EMS607
FLM,734,FLM734
AAG,178,AAG178
HUE,971,HUE971
AAG,351,AAG351
CTF,268,CTF268
AAG,559,AAG559
FCN,809,FCN809
AAA,74A,AAA74A
SHF,370,SHF370
AAJ,806,AAJ806
EGS,083,EGS083
AAG,453,AAG453
AAJ,895,AAJ895
BUN,195,BUN195
AAG,209,AAG209
AAG,169,AAG169
BMN,573,BMN573
HGM,937,HGM937
AAG,062,AAG062
AAG,097,AAG097
EMS,607,EMS607
FYC,063,FYC063
BYJ,893,BYJ893
AAG,537,AAG537
END,948,END948
AAJ,754,AAJ754
AAG,491,AAG491
EWP,650,EWP650
BOU,931,BOU931
FKB,325,FKB325
EOL,409,EOL409
AAG,041,AAG041
AAC,371,AAC371
AAG,116,AAG116
AAG,433,AAG433
HUR,142,HUR142
FLM,734,FLM734
ESY,841,ESY841
EPX,797,EPX797
EBW,727,EBW727
HWW,190,HWW190
EMU,709,EMU709
HUE,971,HUE971
AAG,107,AAG107
CGS,139,CGS139
AAG,629,AAG629
FLM,857,FLM857
EBW,26G,EBW26G
SJX,024,SJX024
ESY,841,ESY841
CHF,349,CHF349
LKX,243,LKX243
FYZ,680,FYZ680
ERB,871,ERB871
FLM,734,FLM734
HHO,031,HHO031
AAG,046,AAG046
AAG,499,AAG499
AAB,24A,AAB24A
ERP,097,ERP097
SLK,76F,SLK76F
EOD,056,EOD056
AAG,564,AAG564
FKL,157,FKL157
AAG,174,AAG174
AAK,007,AAK007
SNJ,670,SNJ670
AAG,184,AAG184
AAG,554,AAG554
AAA,84B,AAA84B
AAE,701,AAE701
AAJ,933,AAJ933
EWD,268,EWD268
AAG,375,AAG375
AAG,545,AAG545
SNE,776,SNE776
EOL,378,EOL378
AAG,123,AAG123
ENU,526,ENU526
CGO,120,CGO120
HUL,541,HUL541
HWU,472,HWU472
AAG,437,AAG437
CGF,394,CGF394
HFM,020,HFM020
FLM,781,FLM781
AAG,099,AAG099
AAG,244,AAG244
EOD,056,EOD056
EGP,273,EGP273
SLO,693,SLO693
CHT,927,CHT927
AAG,495,AAG495
AAG,242,AAG242
AAG,272,AAG272
EON,272,EON272
AAJ,868,AAJ868
BOF,343,BOF343
HTY,034,HTY034
AAG,284,AAG284
AAG,314,AAG314
SKR,523,SKR523
AAJ,690,AAJ690
BYL,872,BYL872
HHO,089,HHO089
HWW,666,HWW666
AAG,356,AAG356
AAJ,937,AAJ937
AAJ,800,AAJ800
AAG,368,AAG368
AAG,022,AAG022
EUN,510,EUN510
EUY,414,EUY414
ENT,871,ENT871
FLM,781,FLM781
EUN,471,EUN471
CWR,871,CWR871
AAA,826,AAA826
AAG,357,AAG357
SLO,664,SLO664
BSA,331,BSA331
BXX,961,BXX961
FYO,223,FYO223
AAJ,687,AAJ687
HEX,363,HEX363
LGP,714,LGP714
CWR,751,CWR751
HFY,216,HFY216
AAG,136,AAG136
AAC,201,AAC201
EMU,665,EMU665
BYL,893,BYL893
AAJ,785,AAJ785
EGP,162,EGP162
HHO,089,HHO089
AAJ,771,AAJ771
ENJ,994,ENJ994
SJW,976,SJW976
AAG,082,AAG082
LLU,795,LLU795
AAG,411,AAG411
EWP,650,EWP650
AAG,557,AAG557
AAG,016,AAG016
BSA,416,BSA416
AAG,093,AAG093
BOF,342,BOF342
AAG,351,AAG351
EGS,119,EGS119
AAG,159,AAG159
AAG,536,AAG536
AAJ,830,AAJ830
FCN,806,FCN806
AAG,551,AAG551
AAG,624,AAG624
ELY,44N,ELY44N
AAG,191,AAG191
EPX,797,EPX797
EUT,919,EUT919
FYC,078,FYC078
EOL,329,EOL329
AAG,374,AAG374
AAJ,933,AAJ933
AAG,464,AAG464
SNU,271,SNU271
SNE,762,SNE762
AAG,286,AAG286
SLK,76F,SLK76F
AAG,550,AAG550
AAJ,893,AAJ893
HUE,956,HUE956
FTY,477,FTY477
AAG,430,AAG430
AAG,320,AAG320
AAG,517,AAG517
CWR,706,CWR706
BSA,452,BSA452
BYA,746,BYA746
AAG,087,AAG087
AAJ,981,AAJ981
FTW,237,FTW237
FYE,960,FYE960
AAG,105,AAG105
AAJ,895,AAJ895
BSZ,580,BSZ580
EBW,314,EBW314
HWW,687,HWW687
CGW,74U,CGW74U
HHJ,176,HHJ176
AAJ,953,AAJ953
AAG,390,AAG390
AAG,216,AAG216
BSA,452,BSA452
ENU,464,ENU464
BSZ,597,BSZ597
AAJ,906,AAJ906
EUY,414,EUY414
AAG,374,AAG374
AAJ,953,AAJ953
AAG,406,AAG406
AAK,007,AAK007
AAJ,763,AAJ763
EOL,329,EOL329
CHS,539,CHS539
BUO,563,BUO563
ESM,095,ESM095
AAJ,800,AAJ800
AAG,012,AAG012
EBW,428,EBW428
AAJ,985,AAJ985
AAG,670,AAG670
ENT,857,ENT857
END,874,END874
FYW,776,FYW776
SNU,271,SNU271
BYA,769,BYA769
AAG,515,AAG515
EUY,423,EUY423
ENO,870,ENO870
BUN,508,BUN508
ENJ,976,ENJ976
HWW,687,HWW687
AAG,082,AAG082
AAG,355,AAG355
AAG,272,AAG272
BYA,769,BYA769
AAJ,890,AAJ890
BSL,108,BSL108
EGS,315,EGS315
AAG,546,AAG546
BOU,943,BOU943
AAG,640,AAG640
BOK,913,BOK913
SJX,024,SJX024
SLJ,208,SLJ208
AAJ,942,AAJ942
SKR,403,SKR403
EOK,314,EOK314
AAG,313,AAG313
AAG,694,AAG694
SKZ,628,SKZ628
CGZ,925,CGZ925
FYC,078,FYC078
FST,575,FST575
HTY,034,HTY034
AAJ,763,AAJ763
FLM,781,FLM781
AAG,590,AAG590
BUD,905,BUD905
AAJ,852,AAJ852
BUN,182,BUN182
LBJ,446,LBJ446
AAG,473,AAG473
CGW,74U,CGW74U
CXL,279,CXL279
AAJ,936,AAJ936
CHT,927,CHT927
AAG,520,AAG520
EMY,717,EMY717
BSL,108,BSL108
CGF,372,CGF372
LKX,243,LKX243
BUE,060,BUE060
LLU,731,LLU731
LYR,920,LYR920
AAJ,925,AAJ925
AAG,124,AAG124
BYJ,810,BYJ810
AAJ,907,AAJ907
AAG,135,AAG135
AAG,010,AAG010
AAG,454,AAG454
GNN,262,GNN262
AAG,614,AAG614
AAG,504,AAG504
AAJ,751,AAJ751
FFY,236,FFY236
HHO,006,HHO006
SKZ,678,SKZ678
EUN,413,EUN413
ENZ,757,ENZ757
AAG,365,AAG365
HUL,522,HUL522
AAJ,841,AAJ841
AAJ,941,AAJ941
AAG,341,AAG341
AAG,213,AAG213
SLN,715,SLN715
FXM,225,FXM225
EWP,650,EWP650
EOL,329,EOL329
AAG,423,AAG423
EMS,607,EMS607
HWU,412,HWU412
AAG,228,AAG228
AAJ,708,AAJ708
LDT,924,LDT924
CGF,394,CGF394
AAJ,892,AAJ892
EUT,821,EUT821
CGZ,908,CGZ908
EOK,314,EOK314
AAG,063,AAG063
CXB,068,CXB068
SLJ,208,SLJ208
AAG,520,AAG520
HWU,438,HWU438
AAG,699,AAG699
AAJ,801,AAJ801
AAG,103,AAG103
AAG,140,AAG140
BSA,373,BSA373
AAG,392,AAG392
AAG,486,AAG486
AAG,097,AAG097
HWW,226,HWW226
AAG,105,AAG105
FYZ,635,FYZ635
AAJ,768,AAJ768
HDT,718,HDT718
BOF,356,BOF356
FSW,393,FSW393
AAG,293,AAG293
ELY,44N,ELY44N
AAG,067,AAG067
ENF,566,ENF566
SKR,414,SKR414
EMS,67X,EMS67X
AAG,331,AAG331
EGP,143,EGP143
HEX,363,HEX363
AAJ,760,AAJ760
SNR,564,SNR564
EWD,291,EWD291
EMU,655,EMU655
HWW,475,HWW475
AAJ,769,AAJ769
AAG,559,AAG559
EBW,400,EBW400
AAG,088,AAG088
EBW,449,EBW449
AAG,515,AAG515
AAG,139,AAG139
BXX,998,BXX998
FYE,960,FYE960
EWD,268,EWD268
AAG,378,AAG378
AAG,446,AAG446
HWW,389,HWW389
AAG,038,AAG038
AAJ,990,AAJ990
AAG,102,AAG102
HUR,142,HUR142
AAJ,750,AAJ750
SNH,924,SNH924
EOK,314,EOK314
FPH,045,FPH045
AAG,023,AAG023
HGH,257,HGH257
BSA,452,BSA452
AAB,42Y,AAB42Y
AAG,338,AAG338
AAG,487,AAG487
AAJ,705,AAJ705
AAJ,954,AAJ954
AAJ,734,AAJ734
HUX,523,HUX523
AAJ,774,AAJ774
FLJ,534,FLJ534
AAJ,882,AAJ882
FPH,077,FPH077
AAE,113,AAE113
AAG,546,AAG546
AAG,536,AAG536
HHC,201,HHC201
AAJ,886,AAJ886
CGO,188,CGO188
AAG,240,AAG240
AAG,174,AAG174
HFY,295,HFY295
AAG,252,AAG252
CGF,372,CGF372
AAJ,988,AAJ988
AAG,331,AAG331
AAJ,695,AAJ695
EMU,709,EMU709
BYL,893,BYL893
FYZ,635,FYZ635
AAG,645,AAG645
HHO,089,HHO089
FKG,195,FKG195
EOH,67P,EOH67P
BMN,573,BMN573
HGM,964,HGM964
AAG,635,AAG635
HWU,372,HWU372
BYJ,810,BYJ810
AAJ,990,AAJ990
AAG,157,AAG157
AAG,694,AAG694
AAG,494,AAG494
AAJ,718,AAJ718
AAG,197,AAG197
AAG,105,AAG105
AAA,74A,AAA74A
EGP,203,EGP203
AAG,351,AAG351
AAC,42G,AAC42G
BSA,449,BSA449
HWW,177,HWW177
AAG,408,AAG408
EOC,086,EOC086
AAG,666,AAG666
HWU,427,HWU427
BMN,644,BMN644
FKY,464,FKY464
HWW,389,HWW389
AAJ,750,AAJ750
AAG,511,AAG511
HUE,971,HUE971
AAG,169,AAG169
AAG,554,AAG554
AAG,404,AAG404
AAG,229,AAG229
EUN,413,EUN413
EOL,409,EOL409
AAG,271,AAG271
ERB,763,ERB763
EGS,297,EGS297
AAJ,708,AAJ708
AAG,691,AAG691
EBW,593,EBW593
AAG,613,AAG613
KSZ,502,KSZ502
AAG,184,AAG184
AAG,646,AAG646
AAG,300,AAG300
AAJ,800,AAJ800
AAG,319,AAG319
ENJ,970,ENJ970
EGS,273,EGS273
HDT,718,HDT718
LLU,795,LLU795
AAB,22A,AAB22A
AAG,565,AAG565
EOL,379,EOL379
EGP,162,EGP162
BUO,548,BUO548
AAB,711,AAB711
AAG,228,AAG228
AAG,175,AAG175
SKZ,628,SKZ628
EBW,400,EBW400
AAG,536,AAG536
BYA,736,BYA736
ENU,435,ENU435
AAG,135,AAG135
END,948,END948
EON,272,EON272
FTY,477,FTY477
CWZ,238,CWZ238
BOU,840,BOU840
AAG,454,AAG454
AAK,007,AAK007
AAG,504,AAG504
SKZ,642,SKZ642
EMS,627,EMS627
AAF,714,AAF714
AAJ,954,AAJ954
AAG,504,AAG504
AAG,139,AAG139
BMN,493,BMN493
AAG,599,AAG599
HGN,015,HGN015
AAJ,906,AAJ906
EGS,161,EGS161
BMN,493,BMN493
AAB,637,AAB637
CTF,197,CTF197
EUY,468,EUY468
AAG,637,AAG637
EOL,409,EOL409
FLM,857,FLM857
HDT,795,HDT795
EBW,44Y,EBW44Y
AAG,309,AAG309
AAJ,886,AAJ886
AAJ,936,AAJ936
AAG,145,AAG145
BYJ,810,BYJ810
AAG,228,AAG228
HUR,171,HUR171
BUL,039,BUL039
AAG,365,AAG365
ESY,841,ESY841
BUD,875,BUD875
AAJ,966,AAJ966
AAJ,893,AAJ893
AAG,319,AAG319
AAG,557,AAG557
AAG,351,AAG351
BOK,913,BOK913
AAG,046,AAG046
AAG,455,AAG455
AAJ,694,AAJ694
AAJ,856,AAJ856
AAG,609,AAG609
END,948,END948
EWD,291,EWD291
BOO,177,BOO177
AAJ,783,AAJ783
AAG,647,AAG647
AAG,417,AAG417
AAJ,813,AAJ813
FCN,334,FCN334
CGO,173,CGO173
AAJ,933,AAJ933
AAJ,893,AAJ893
AAG,382,AAG382
FYW,776,FYW776
AAG,191,AAG191
SHF,370,SHF370
AAG,058,AAG058
AAG,297,AAG297
AAG,170,AAG170
BSA,331,BSA331
AAG,367,AAG367
CWX,218,CWX218
AAG,202,AAG202
CWU,222,CWU222
AAG,565,AAG565
AAG,388,AAG388
AAG,128,AAG128
SLK,76F,SLK76F
ELY,518,ELY518
HGM,938,HGM938
AAG,656,AAG656
HGG,005,HGG005
EMU,655,EMU655
HWW,389,HWW389
FTW,237,FTW237
AAG,279,AAG279
ENZ,75T,ENZ75T
SNU,271,SNU271
AAG,307,AAG307
AAG,251,AAG251
AAE,822,AAE822
AAG,071,AAG071
CGS,139,CGS139
FYW,776,FYW776
AAG,542,AAG542
LKX,243,LKX243
CGZ,925,CGZ925
AAG,585,AAG585
ERP,097,ERP097
AAG,316,AAG316
CXB,068,CXB068
EGS,241,EGS241
AAJ,932,AAJ932
BMN,555,BMN555
AAG,225,AAG225
LLU,795,LLU795
AAJ,762,AAJ762
AAG,537,AAG537
AAG,178,AAG178
AAJ,983,AAJ983
AAG,124,AAG124
BON,758,BON758
FTG,484,FTG484
AAJ,925,AAJ925
AAG,453,AAG453
AAB,22A,AAB22A
AAJ,922,AAJ922
AAG,511,AAG511
AAG,063,AAG063
BYD,394,BYD394
GNN,289,GNN289
CXK,868,CXK868
BSL,108,BSL108
EBW,878,EBW878
BSZ,509,BSZ509
CXL,279,CXL279
AAA,11B,AAA11B
AAG,099,AAG099
EMY,756,EMY756
BMN,642,BMN642
AAJ,826,AAJ826
AAG,067,AAG067
AAA,002,AAA002
AAG,564,AAG564
CWZ,451,CWZ451
AAG,106,AAG106
AAG,125,AAG125
FST,927,FST927
SNH,924,SNH924
AAJ,978,AAJ978
AAA,087,AAA087
AAA,14B,AAA14B
AAJ,687,AAJ687
AAG,585,AAG585
FTW,237,FTW237
BMN,539,BMN539
AAJ,708,AAJ708
CXL,279,CXL279
AAG,670,AAG670
AAJ,830,AAJ830
FFY,286,FFY286
LGP,634,LGP634
AAJ,830,AAJ830
ERW,752,ERW752
HFY,272,HFY272
EGS,315,EGS315
HWW,379,HWW379
BMN,644,BMN644
AAG,662,AAG662
AAG,277,AAG277
AAG,012,AAG012
FYC,063,FYC063
AAG,027,AAG027
AAG,279,AAG279
CHS,650,CHS650
AAG,646,AAG646
AAK,007,AAK007
EBW,661,EBW661
CWR,871,CWR871
EOK,369,EOK369
ENZ,757,ENZ757
EBW,523,EBW523
AAJ,865,AAJ865
AAJ,810,AAJ810
CWZ,264,CWZ264
AAG,642,AAG642
AAJ,796,AAJ796
ERB,871,ERB871
EGS,083,EGS083
EGP,273,EGP273
SLD,712,SLD712
SLK,76F,SLK76F
AAJ,707,AAJ707
LYR,920,LYR920
AAG,331,AAG331
AAG,105,AAG105
AAJ,895,AAJ895
AAG,140,AAG140
FKG,16T,FKG16T
AAJ,826,AAJ826
EOH,67P,EOH67P
AAA,003,AAA003
EGP,080,EGP080
FCN,806,FCN806
AAG,454,AAG454
AAG,417,AAG417
SKR,452,SKR452
AAJ,805,AAJ805
EUN,471,EUN471
AAG,542,AAG542
EMS,639,EMS639
AAJ,842,AAJ842
AAG,032,AAG032
AAJ,941,AAJ941
AAG,235,AAG235
AAB,42C,AAB42C
AAG,001,AAG001
EUT,821,EUT821
EMY,756,EMY756
AAG,140,AAG140
AAG,410,AAG410
SKR,476,SKR476
AAG,260,AAG260
AAG,580,AAG580
EMS,629,EMS629
AAG,599,AAG599
AAG,635,AAG635
AAE,564,AAE564
AAG,633,AAG633
AAG,583,AAG583
BXX,961,BXX961
AAJ,842,AAJ842
BYD,356,BYD356
SKX,161,SKX161
AAJ,707,AAJ707
AAJ,933,AAJ933
AAG,572,AAG572
EPX,653,EPX653
BYJ,810,BYJ810
AAG,453,AAG453
CHT,998,CHT998
AAG,271,AAG271
HWW,226,HWW226
AAA,006,AAA006
AAG,228,AAG228
LHO,777,LHO777
AAG,504,AAG504
AAG,410,AAG410
BUL,039,BUL039
AAG,184,AAG184
AAG,172,AAG172
AAG,587,AAG587
AAG,179,AAG179
AAG,209,AAG209
AAG,127,AAG127
AAG,619,AAG619
AAJ,776,AAJ776
BYD,366,BYD366
AAG,197,AAG197
AAG,244,AAG244
AAJ,912,AAJ912
EBW,314,EBW314
AAG,323,AAG323
AAG,097,AAG097
AAB,637,AAB637
AAG,240,AAG240
SNH,919,SNH919
AAG,339,AAG339
HFY,295,HFY295
ENU,383,ENU383
CWR,871,CWR871
AAJ,707,AAJ707
AAG,314,AAG314
AAJ,890,AAJ890
CXA,986,CXA986
AAG,423,AAG423
EOC,074,EOC074
AAG,002,AAG002
AAG,559,AAG559
AAG,488,AAG488
END,948,END948
FPH,077,FPH077
AAJ,714,AAJ714
CGR,981,CGR981
BON,758,BON758
AAJ,797,AAJ797
AAJ,666,AAJ666
AAG,170,AAG170
ENU,464,ENU464
ENT,222,ENT222
AAG,433,AAG433
AAG,338,AAG338
AAG,224,AAG224
AAC,62C,AAC62C
BON,758,BON758
AAG,617,AAG617
FTW,243,FTW243
AAG,323,AAG323
LGP,634,LGP634
EUN,414,EUN414
BON,758,BON758
AAJ,965,AAJ965
AAJ,840,AAJ840
SHF,370,SHF370
AAA,477,AAA477
FYZ,570,FYZ570
AAG,097,AAG097
AAG,156,AAG156
END,874,END874
AAG,242,AAG242
AAG,102,AAG102
SHF,286,SHF286
EGP,080,EGP080
CWZ,451,CWZ451
AAG,252,AAG252
AAG,267,AAG267
ENF,543,ENF543
AAG,495,AAG495
CXK,993,CXK993
BSA,373,BSA373
AAG,368,AAG368
KAK,374,KAK374
EMY,717,EMY717
LLU,795,LLU795
BUK,936,BUK936
AAA,010,AAA010
AAG,250,AAG250
AAG,445,AAG445
BYT,446,BYT446
SNR,560,SNR560
AAJ,801,AAJ801
BON,758,BON758
SLD,712,SLD712
EMY,756,EMY756
ERP,213,ERP213
LDT,924,LDT924
BON,73N,BON73N
AAJ,919,AAJ919
HWW,159,HWW159
BON,678,BON678
BSZ,509,BSZ509
BSZ,509,BSZ509
EOH,687,EOH687
CGS,046,CGS046
BSL,108,BSL108
BOU,840,BOU840
FKS,106,FKS106
AAG,492,AAG492
EOL,324,EOL324
CGR,981,CGR981
BYT,364,BYT364
LKX,201,LKX201
HWW,389,HWW389
BYD,384,BYD384
AAJ,988,AAJ988
AAG,604,AAG604
EON,272,EON272
AAG,488,AAG488
EGS,269,EGS269
FTP,555,FTP555
HWW,687,HWW687
AAG,179,AAG179
HHC,201,HHC201
CXB,027,CXB027
AAG,035,AAG035
ENF,584,ENF584
AAA,477,AAA477
FTK,033,FTK033
AAJ,872,AAJ872
AAG,127,AAG127
SJW,976,SJW976
FTG,461,FTG461
BYD,357,BYD357
CGW,791,CGW791
MAW,280,MAW280
SKX,161,SKX161
AAJ,732,AAJ732
AAG,447,AAG447
BSA,416,BSA416
AAA,087,AAA087
SLN,65H,SLN65H
BYL,893,BYL893
LYR,920,LYR920
EUN,471,EUN471
EUN,414,EUN414
CHU,041,CHU041
BSZ,597,BSZ597
FKG,195,FKG195
AAG,374,AAG374
BMN,422,BMN422
AAG,207,AAG207
BYA,769,BYA769
AAG,124,AAG124
AAA,827,AAA827
AAJ,712,AAJ712
BXX,961,BXX961
EBW,26G,EBW26G
AAG,549,AAG549
HEX,363,HEX363
LHO,768,LHO768
AAJ,771,AAJ771
AAJ,822,AAJ822
AAA,827,AAA827
EBW,36G,EBW36G
AAG,632,AAG632
AAG,502,AAG502
LLU,795,LLU795
HWU,412,HWU412
AAG,057,AAG057
AAG,319,AAG319
CTF,219,CTF219
AAG,312,AAG312
AAC,711,AAC711
AAG,470,AAG470
FYE,960,FYE960
AAG,670,AAG670
AAG,464,AAG464
BYJ,854,BYJ854
SKR,515,SKR515
AAB,22A,AAB22A
CXA,986,CXA986
HBP,511,HBP511
AAJ,868,AAJ868
SKZ,419,SKZ419
FXM,225,FXM225
AAG,694,AAG694
AAG,225,AAG225
BUE,060,BUE060
AAG,031,AAG031
FPH,045,FPH045
AAG,126,AAG126
BTT,243,BTT243
ERP,059,ERP059
SNR,560,SNR560
AAG,509,AAG509
HUR,171,HUR171
AAJ,801,AAJ801
BMN,745,BMN745
AAG,617,AAG617
HHO,089,HHO089
AAG,579,AAG579
AAG,086,AAG086
AAJ,659,AAJ659
AAG,502,AAG502
BMN,539,BMN539
HWW,590,HWW590
HFY,295,HFY295
BXX,961,BXX961
HWU,412,HWU412
HFY,262,HFY262
AAJ,886,AAJ886
AAA,827,AAA827
EOG,124,EOG124
AAJ,936,AAJ936
ERP,059,ERP059
AAG,619,AAG619
AAE,701,AAE701
AAJ,966,AAJ966
HUX,523,HUX523
SJX,024,SJX024
AAG,124,AAG124
AAG,554,AAG554
EUN,510,EUN510
ELY,476,ELY476
ENT,221,ENT221
AAJ,771,AAJ771
AAJ,905,AAJ905
AAJ,854,AAJ854
EOL,307,EOL307
AAC,62C,AAC62C
FKB,325,FKB325
FFY,286,FFY286
AAJ,687,AAJ687
HWU,438,HWU438
BMN,745,BMN745
CGO,188,CGO188
CGZ,905,CGZ905
EGS,269,EGS269
LDT,924,LDT924
AAB,42Z,AAB42Z
LKX,268,LKX268
FPH,081,FPH081
CGZ,925,CGZ925
HWW,590,HWW590
AAG,242,AAG242
AAG,310,AAG310
FSW,393,FSW393
FJE,857,FJE857
AAJ,890,AAJ890
AAG,554,AAG554
AAG,633,AAG633
CXB,068,CXB068
SHF,379,SHF379
AAJ,973,AAJ973
AAG,689,AAG689
AAG,559,AAG559
AAA,003,AAA003
BMN,745,BMN745
AAJ,741,AAJ741
AAJ,885,AAJ885
EMY,717,EMY717
AAG,161,AAG161
SKZ,678,SKZ678
EWD,268,EWD268
SKR,476,SKR476
AAG,617,AAG617
EBW,26G,EBW26G
HHO,031,HHO031
AAG,486,AAG486
FYZ,570,FYZ570
AAG,251,AAG251
GNN,309,GNN309
FTP,555,FTP555
AAA,827,AAA827
AAJ,707,AAJ707
END,946,END946
BOU,840,BOU840
HUX,525,HUX525
AAG,511,AAG511
AAJ,978,AAJ978
AAG,559,AAG559
AAG,463,AAG463
ESM,135,ESM135
AAG,235,AAG235
EOH,687,EOH687
AAG,186,AAG186
AAJ,892,AAJ892
EUY,468,EUY468
EUN,422,EUN422
AAG,277,AAG277
EBW,26G,EBW26G
AAG,067,AAG067
EOL,409,EOL409
CHT,927,CHT927
AAG,565,AAG565
AAG,596,AAG596
AAG,105,AAG105
CWZ,264,CWZ264
SLD,712,SLD712
AAG,058,AAG058
HHO,089,HHO089
CGF,437,CGF437
HHO,031,HHO031
EGP,143,EGP143
BUD,916,BUD916
EUY,414,EUY414
AAG,242,AAG242
AAG,001,AAG001
BON,73N,BON73N
HFY,262,HFY262
AAG,507,AAG507
SNR,560,SNR560
AAG,435,AAG435
HUX,525,HUX525
KSZ,502,KSZ502
EMU,655,EMU655
AAJ,779,AAJ779
AAJ,691,AAJ691
EUY,423,EUY423
AAJ,929,AAJ929
EMS,629,EMS629
EPW,472,EPW472
ESM,135,ESM135
EMU,655,EMU655
AAJ,933,AAJ933
AAJ,922,AAJ922
AAJ,912,AAJ912
FLM,734,FLM734
EBW,368,EBW368
HUL,522,HUL522
AAG,445,AAG445
AAG,185,AAG185
CGS,139,CGS139
AAG,490,AAG490
CWZ,258,CWZ258
AAG,474,AAG474
HFY,216,HFY216
AAG,511,AAG511
BOU,943,BOU943
HGM,938,HGM938
HFY,295,HFY295
AAJ,779,AAJ779
HUL,552,HUL552
AAJ,703,AAJ703
AAJ,965,AAJ965
EMU,665,EMU665
AAK,007,AAK007
AAG,490,AAG490
CGF,394,CGF394
AAG,170,AAG170
AAJ,942,AAJ942
BSA,404,BSA404
SHF,295,SHF295
BOU,943,BOU943
AAG,001,AAG001
ERB,842,ERB842
FLM,781,FLM781
AAB,24A,AAB24A
AAJ,793,AAJ793
EBW,593,EBW593
BYL,869,BYL869
FPH,045,FPH045
AAG,370,AAG370
AAB,83X,AAB83X
BMN,422,BMN422
ENF,543,ENF543
AAG,086,AAG086
AAG,224,AAG224
AAG,272,AAG272
AAB,494,AAB494
AAA,14B,AAA14B
AAJ,703,AAJ703
AAJ,932,AAJ932
AAG,178,AAG178
ENT,871,ENT871
EBW,862,EBW862
AAG,313,AAG313
AAB,42C,AAB42C
SKR,523,SKR523
AAG,360,AAG360
AAG,441,AAG441
EUY,423,EUY423
AAG,596,AAG596
BYD,394,BYD394
AAG,087,AAG087
AAG,346,AAG346
EOH,67P,EOH67P
SND,320,SND320
BYJ,848,BYJ848
AAG,272,AAG272
AAG,324,AAG324
LHO,777,LHO777
EGP,080,EGP080
AAG,406,AAG406
BSZ,597,BSZ597
CGW,74U,CGW74U
FTY,477,FTY477
AAG,093,AAG093
FTW,243,FTW243
SJW,976,SJW976
SKX,16K,SKX16K
AAG,234,AAG234
AAK,008,AAK008
AAA,011,AAA011
ENF,55P,ENF55P
AAJ,804,AAJ804
FYO,308,FYO308
AAG,440,AAG440
EBW,449,EBW449
AAJ,989,AAJ989
BSK,919,BSK919
EOD,234,EOD234
AAJ,842,AAJ842
AAJ,695,AAJ695
BXX,946,BXX946
FTK,033,FTK033
ERW,752,ERW752
AAJ,712,AAJ712
SKR,414,SKR414
AAJ,854,AAJ854
CWX,218,CWX218
AAG,022,AAG022
BXX,961,BXX961
AAG,455,AAG455
LGP,714,LGP714
AAG,032,AAG032
AAG,185,AAG185
HWU,412,HWU412
EBW,878,EBW878
BOU,840,BOU840
AAG,477,AAG477
SKZ,419,SKZ419
ELY,511,ELY511
FLM,781,FLM781
AAG,621,AAG621
AAG,353,AAG353
AAG,028,AAG028
ENZ,75P,ENZ75P
KSZ,502,KSZ502
FCN,780,FCN780
BOW,998,BOW998
AAG,127,AAG127
EPX,653,EPX653
SKX,16K,SKX16K
AAB,494,AAB494
HHO,089,HHO089
CGF,394,CGF394
AAB,711,AAB711
AAG,286,AAG286
AAG,646,AAG646
BTY,599,BTY599
AAA,827,AAA827
AAJ,919,AAJ919
AAG,346,AAG346
CXK,993,CXK993
AAG,488,AAG488
AAJ,775,AAJ775
AAG,480,AAG480
EMS,627,EMS627
ENO,801,ENO801
AAJ,946,AAJ946
AAJ,854,AAJ854
EUN,550,EUN550
FKS,106,FKS106
EPX,797,EPX797
ENU,517,ENU517
AAJ,822,AAJ822
BYD,366,BYD366
EON,34L,EON34L
EOD,056,EOD056
BYL,869,BYL869
ENF,566,ENF566
CGZ,905,CGZ905
AAA,11B,AAA11B
AAJ,721,AAJ721
BOW,998,BOW998
HHO,037,HHO037
AAG,041,AAG041
HWW,475,HWW475
AAG,174,AAG174
AAG,483,AAG483
AAJ,910,AAJ910
FKL,178,FKL178
AAC,62Y,AAC62Y
AAE,701,AAE701
FFY,286,FFY286
SLN,619,SLN619
AAG,087,AAG087
AAJ,905,AAJ905
EBW,36G,EBW36G
BUL,080,BUL080
EBW,314,EBW314
AAG,437,AAG437
BMN,644,BMN644
AAG,116,AAG116
BUE,060,BUE060
FYC,078,FYC078
ENJ,953,ENJ953
AAG,453,AAG453
ENO,801,ENO801
SLN,65H,SLN65H
BYJ,84B,BYJ84B
SLN,619,SLN619
AAC,371,AAC371
AAG,433,AAG433
HWW,379,HWW379
AAG,480,AAG480
ERB,842,ERB842
BMN,539,BMN539
FYO,223,FYO223
AAG,093,AAG093
AAJ,695,AAJ695
AAJ,826,AAJ826
GNN,262,GNN262
EOL,409,EOL409
AAC,42G,AAC42G
ESM,135,ESM135
HUX,525,HUX525
AAG,161,AAG161
AAJ,687,AAJ687
AAG,263,AAG263
EOD,234,EOD234
BOO,177,BOO177
AAA,002,AAA002
AAG,494,AAG494
AAJ,781,AAJ781
HWW,379,HWW379
MAW,280,MAW280
AAJ,990,AAJ990
AAG,599,AAG599
AAG,406,AAG406
AAG,537,AAG537
AAG,093,AAG093
EBW,700,EBW700
AAG,310,AAG310
AAG,030,AAG030
AAG,455,AAG455
EGS,318,EGS318
AAG,388,AAG388
EOK,34N,EOK34N
HBP,615,HBP615
BSZ,509,BSZ509
BYA,769,BYA769
EBW,523,EBW523
EGS,273,EGS273
AAJ,813,AAJ813
AAG,504,AAG504
HFY,272,HFY272
AAB,494,AAB494
FTK,033,FTK033
BUD,916,BUD916
AAG,178,AAG178
BOU,931,BOU931
HDT,795,HDT795
BUL,040,BUL040
ENO,801,ENO801
EBW,878,EBW878
AAG,319,AAG319
EGS,269,EGS269
AAJ,718,AAJ718
AAG,383,AAG383
AAG,477,AAG477
BMN,745,BMN745
AAG,572,AAG572
AAG,216,AAG216
AAJ,766,AAJ766
EBW,449,EBW449
AAG,229,AAG229
AAJ,890,AAJ890
SLJ,208,SLJ208
EWP,681,EWP681
BXX,961,BXX961
SKZ,628,SKZ628
AAG,023,AAG023
ELY,44N,ELY44N
AAG,028,AAG028
SJW,998,SJW998
AAG,136,AAG136
BXX,961,BXX961
AAG,564,AAG564
BTY,569,BTY569
SKR,476,SKR476
AAG,202,AAG202
FPH,077,FPH077
AAJ,978,AAJ978
AAG,235,AAG235
EOK,314,EOK314
AAJ,780,AAJ780
FYZ,570,FYZ570
AAJ,805,AAJ805
AAJ,737,AAJ737
HGM,964,HGM964
AAG,354,AAG354
AAJ,813,AAJ813
AAA,002,AAA002
BSA,373,BSA373
AAG,164,AAG164
AAJ,910,AAJ910
AAG,528,AAG528
AAG,551,AAG551
EBW,504,EBW504
SKR,414,SKR414
FCN,809,FCN809
SHF,295,SHF295
EBW,449,EBW449
AAG,454,AAG454
BXX,946,BXX946
LLU,731,LLU731
EBW,862,EBW862
AAG,441,AAG441
AAJ,748,AAJ748
AAG,030,AAG030
AAG,499,AAG499
CGW,74G,CGW74G
HUE,956,HUE956
AAG,277,AAG277
AAG,062,AAG062
AAJ,892,AAJ892
AAG,062,AAG062
AAJ,687,AAJ687
FCN,334,FCN334
ENO,799,ENO799
ENJ,970,ENJ970
ENT,221,ENT221
AAA,84B,AAA84B
BUN,513,BUN513
AAG,332,AAG332
HUL,552,HUL552
ELY,476,ELY476
AAG,106,AAG106
AAJ,818,AAJ818
EBW,562,EBW562
GNN,289,GNN289
AAE,662,AAE662
HFM,032,HFM032
ENO,883,ENO883
FTW,243,FTW243
LYR,920,LYR920
AAG,139,AAG139
AAG,157,AAG157
AAE,113,AAE113
AAG,388,AAG388
AAG,528,AAG528
AAG,568,AAG568
AAG,589,AAG589
AAG,235,AAG235
AAG,339,AAG339
HGH,257,HGH257
EBW,36G,EBW36G
HWU,438,HWU438
AAJ,830,AAJ830
LHO,777,LHO777
AAG,174,AAG174
FYO,308,FYO308
AAG,048,AAG048
FKG,195,FKG195
BOK,868,BOK868
BYD,366,BYD366
AAG,647,AAG647
AAJ,783,AAJ783
AAJ,806,AAJ806
CHU,041,CHU041
AAG,156,AAG156
AAG,411,AAG411
AAE,564,AAE564
BSZ,597,BSZ597
AAG,447,AAG447
AAG,554,AAG554
AAG,615,AAG615
FKS,106,FKS106
SKZ,419,SKZ419
AAJ,906,AAJ906
FCN,323,FCN323
KSZ,485,KSZ485
EMU,709,EMU709
BMN,495,BMN495
AAJ,741,AAJ741
AAJ,899,AAJ899
AAG,356,AAG356
CWZ,451,CWZ451
BYJ,893,BYJ893
FSW,393,FSW393
AAG,172,AAG172
BUN,195,BUN195
AAG,517,AAG517
BON,678,BON678
CGZ,905,CGZ905
LHO,768,LHO768
AAJ,801,AAJ801
HHO,037,HHO037
AAG,005,AAG005
AAG,652,AAG652
AAG,108,AAG108
AAJ,954,AAJ954
AAA,11B,AAA11B
AAJ,915,AAJ915
AAG,152,AAG152
AAJ,691,AAJ691
BTY,599,BTY599
AAG,370,AAG370
AAG,626,AAG626
SNH,866,SNH866
AAJ,793,AAJ793
HFM,048,HFM048
AAJ,697,AAJ697
HHS,804,HHS804
AAJ,885,AAJ885
BYL,893,BYL893
EBW,661,EBW661
AAJ,780,AAJ780
FJE,857,FJE857
AAG,280,AAG280
AAB,324,AAB324
FXM,225,FXM225
AAG,545,AAG545
SNH,919,SNH919
EPX,653,EPX653
ENO,883,ENO883
AAJ,818,AAJ818
AAJ,750,AAJ750
AAG,145,AAG145
LMK,266,LMK266
ENT,221,ENT221
AAJ,947,AAJ947
AAG,551,AAG551
AAJ,741,AAJ741
AAG,184,AAG184
AAG,330,AAG330
ENO,799,ENO799
HDT,718,HDT718
AAG,137,AAG137
AAG,430,AAG430
AAJ,848,AAJ848
AAG,293,AAG293
EOL,378,EOL378
BMN,493,BMN493
AAJ,900,AAJ900
LMK,266,LMK266
BMN,422,BMN422
CFP,864,CFP864
HUR,171,HUR171
SHF,370,SHF370
ENZ,781,ENZ781
SNH,866,SNH866
AAJ,810,AAJ810
HUL,541,HUL541
AAG,547,AAG547
FFY,236,FFY236
BSA,373,BSA373
AAJ,911,AAJ911
AAG,170,AAG170
FTJ,925,FTJ925
AAG,537,AAG537
AAG,313,AAG313
AAG,225,AAG225
AAJ,947,AAJ947
EMS,67X,EMS67X
FCN,280,FCN280
AAG,032,AAG032
AAJ,778,AAJ778
SJW,998,SJW998
EGP,203,EGP203
AAJ,712,AAJ712
AAG,300,AAG300
FCE,474,FCE474
CWU,222,CWU222
AAJ,965,AAJ965
FLM,734,FLM734
AAG,040,AAG040
AAG,186,AAG186
AAG,155,AAG155
EMU,665,EMU665
EOD,056,EOD056
BYD,394,BYD394
EMU,708,EMU708
SLJ,208,SLJ208
AAG,515,AAG515
AAJ,890,AAJ890
BSA,449,BSA449
BMN,745,BMN745
KSZ,502,KSZ502
AAE,113,AAE113
AAG,032,AAG032
FYO,223,FYO223
CTF,213,CTF213
ENU,383,ENU383
EOG,124,EOG124
AAG,099,AAG099
AAG,497,AAG497
AAG,374,AAG374
AAG,010,AAG010
AAG,425,AAG425
AAJ,762,AAJ762
AAG,152,AAG152
SNH,919,SNH919
AAG,086,AAG086
CGF,394,CGF394
LKX,268,LKX268
BUL,086,BUL086
EOH,687,EOH687
AAG,699,AAG699
HEX,363,HEX363
SNN,261,SNN261
AAJ,754,AAJ754
HUR,171,HUR171
AAG,125,AAG125
ESM,135,ESM135
CHZ,042,CHZ042
EPX,653,EPX653
AAJ,774,AAJ774
CJG,137,CJG137
AAG,404,AAG404
AAG,587,AAG587
LHO,777,LHO777
HFL,990,HFL990
BUN,479,BUN479
CXL,279,CXL279
AAG,617,AAG617
CGF,401,CGF401
AAB,24A,AAB24A
AAJ,882,AAJ882
AAJ,906,AAJ906
FKS,106,FKS106
BON,73N,BON73N
AAJ,834,AAJ834
BSA,373,BSA373
AAG,284,AAG284
AAG,135,AAG135
CGO,120,CGO120
ENO,799,ENO799
CGO,188,CGO188
AAG,583,AAG583
EOL,409,EOL409
FTJ,925,FTJ925
BTT,243,BTT243
AAJ,860,AAJ860
AAG,267,AAG267
SLN,619,SLN619
SNJ,655,SNJ655
SHF,298,SHF298
AAG,354,AAG354
AAG,411,AAG411
AAG,175,AAG175
AAG,320,AAG320
EGS,161,EGS161
EUT,919,EUT919
AAJ,937,AAJ937
AAG,263,AAG263
AAG,264,AAG264
MAW,280,MAW280
AAJ,917,AAJ917
ERO,996,ERO996
AAJ,718,AAJ718
AAG,271,AAG271
BUN,182,BUN182
CGW,74G,CGW74G
AAJ,732,AAJ732
AAG,666,AAG666
AAJ,860,AAJ860
LKX,268,LKX268
AAJ,802,AAJ802
AAJ,765,AAJ765
ESM,135,ESM135
HUR,171,HUR171
EGP,273,EGP273
AAG,441,AAG441
AAJ,873,AAJ873
AAA,827,AAA827
EGS,119,EGS119
GNN,309,GNN309
SNR,55E,SNR55E
SLO,693,SLO693
AAG,368,AAG368
AAG,067,AAG067
ENU,383,ENU383
AAG,477,AAG477
AAG,357,AAG357
BYJ,836,BYJ836
AAG,446,AAG446
BOK,868,BOK868
AAE,822,AAE822
AAE,564,AAE564
AAG,126,AAG126
AAJ,830,AAJ830
AAG,425,AAG425
AAA,74A,AAA74A
AAJ,946,AAJ946
AAE,662,AAE662
AAG,280,AAG280
AAG,083,AAG083
AAG,229,AAG229
AAG,135,AAG135
BOF,356,BOF356
AAG,350,AAG350
AAG,447,AAG447
AAJ,782,AAJ782
AAG,604,AAG604
AAA,477,AAA477
CFP,864,CFP864
AAG,417,AAG417
AAG,140,AAG140
LMB,600,LMB600
CHT,927,CHT927
HFM,048,HFM048
EOL,409,EOL409
AAA,477,AAA477
AAG,500,AAG500
AAG,339,AAG339
BTY,577,BTY577
EGS,297,EGS297
AAJ,779,AAJ779
HWW,666,HWW666
AAG,374,AAG374
EBW,316,EBW316
AAG,031,AAG031
AAJ,818,AAJ818
KSZ,485,KSZ485
AAA,74A,AAA74A
EGS,161,EGS161
AAG,416,AAG416
HWW,590,HWW590
