price_value,price_currency,price
656,XOF,656 XOF
429,KGS,429 KGS
772,MMK,772 MMK
346,BOB,346 BOB
855,JPY,855 JPY
361,GGP,361 GGP
203,KPW,203 KPW
514,RUB,514 RUB
797,CUC,797 CUC
302,DOP,302 DOP
690,BAM,690 BAM
859,VEF,859 VEF
938,BTN,938 BTN
430,HKD,430 HKD
818,LSL,818 LSL
379,SYP,379 SYP
417,CZK,417 CZK
628,BMD,628 BMD
221,GYD,221 GYD
631,RUB,631 RUB
728,MNT,728 MNT
948,MGA,948 MGA
323,IDR,323 IDR
454,XDR,454 XDR
932,TND,932 TND
709,CUP,709 CUP
311,USD,311 USD
919,CNY,919 CNY
791,HTG,791 HTG
213,NGN,213 NGN
719,TJS,719 TJS
436,GMD,436 GMD
770,SRD,770 SRD
21,ETB,21 ETB
47,NGN,47 NGN
328,XCD,328 XCD
273,CVE,273 CVE
40,BDT,40 BDT
950,GYD,950 GYD
318,JEP,318 JEP
9,TMT,9 TMT
43,LAK,43 LAK
475,WST,475 WST
93,KGS,93 KGS
61,LYD,61 LYD
515,NIO,515 NIO
716,NGN,716 NGN
681,SGD,681 SGD
127,GGP,127 GGP
934,JMD,934 JMD
878,AFN,878 AFN
739,SAR,739 SAR
751,MNT,751 MNT
258,KGS,258 KGS
696,XCD,696 XCD
915,RUB,915 RUB
847,SRD,847 SRD
884,UYU,884 UYU
730,KMF,730 KMF
792,NIO,792 NIO
961,BRL,961 BRL
747,NPR,747 NPR
373,MOP,373 MOP
406,HTG,406 HTG
251,NAD,251 NAD
11,TJS,11 TJS
118,CUP,118 CUP
448,MOP,448 MOP
547,ALL,547 ALL
156,FJD,156 FJD
514,PHP,514 PHP
732,ETB,732 ETB
951,KHR,951 KHR
283,BIF,283 BIF
752,GYD,752 GYD
502,INR,502 INR
602,MRO,602 MRO
592,BTN,592 BTN
581,GHS,581 GHS
492,WST,492 WST
212,PEN,212 PEN
375,JPY,375 JPY
588,TRY,588 TRY
315,NZD,315 NZD
582,PHP,582 PHP
111,UYU,111 UYU
359,PEN,359 PEN
460,ZWD,460 ZWD
390,SRD,390 SRD
403,KWD,403 KWD
130,BGN,130 BGN
835,AUD,835 AUD
203,KWD,203 KWD
390,VND,390 VND
756,VEF,756 VEF
229,GIP,229 GIP
43,MMK,43 MMK
869,INR,869 INR
506,LKR,506 LKR
774,NAD,774 NAD
581,LRD,581 LRD
318,XOF,318 XOF
110,MAD,110 MAD
255,XOF,255 XOF
5,AFN,5 AFN
328,MYR,328 MYR
215,MNT,215 MNT
522,LAK,522 LAK
837,ZMW,837 ZMW
246,GGP,246 GGP
862,AMD,862 AMD
549,IDR,549 IDR
776,CVE,776 CVE
546,HKD,546 HKD
703,LKR,703 LKR
607,HTG,607 HTG
490,KGS,490 KGS
387,ZAR,387 ZAR
479,SEK,479 SEK
379,NPR,379 NPR
608,GGP,608 GGP
246,FKP,246 FKP
295,EGP,295 EGP
56,LRD,56 LRD
66,MZN,66 MZN
395,MYR,395 MYR
815,GHS,815 GHS
547,NIO,547 NIO
700,LTL,700 LTL
265,CLP,265 CLP
684,JEP,684 JEP
681,ERN,681 ERN
953,SZL,953 SZL
155,NIS,155 NIS
589,YER,589 YER
48,JMD,48 JMD
45,SVC,45 SVC
907,EGP,907 EGP
558,DKK,558 DKK
105,KMF,105 KMF
686,ETB,686 ETB
54,CVE,54 CVE
990,MOP,990 MOP
77,LRD,77 LRD
562,AMD,562 AMD
429,BND,429 BND
700,IDR,700 IDR
805,LAK,805 LAK
355,SGD,355 SGD
678,ARS,678 ARS
368,AUD,368 AUD
411,EUR,411 EUR
787,MYR,787 MYR
558,PHP,558 PHP
717,NOK,717 NOK
958,SEK,958 SEK
871,MYR,871 MYR
178,JMD,178 JMD
405,SAR,405 SAR
231,MZN,231 MZN
200,SDG,200 SDG
759,JOD,759 JOD
863,TZS,863 TZS
670,LTL,670 LTL
777,GMD,777 GMD
429,UYU,429 UYU
605,SPL,605 SPL
7,CVE,7 CVE
48,MDL,48 MDL
990,NPR,990 NPR
68,NOK,68 NOK
456,CUC,456 CUC
146,MMK,146 MMK
271,TND,271 TND
515,RUB,515 RUB
698,GMD,698 GMD
153,XAF,153 XAF
266,ANG,266 ANG
336,TTD,336 TTD
586,PLN,586 PLN
359,VND,359 VND
111,LTL,111 LTL
119,HTG,119 HTG
247,LRD,247 LRD
837,BGN,837 BGN
440,KZT,440 KZT
430,IQD,430 IQD
787,RSD,787 RSD
165,GTQ,165 GTQ
820,BBD,820 BBD
674,TZS,674 TZS
238,BGN,238 BGN
894,IMP,894 IMP
39,JEP,39 JEP
607,ZMW,607 ZMW
253,RSD,253 RSD
81,LKR,81 LKR
699,TJS,699 TJS
966,HNL,966 HNL
674,JEP,674 JEP
959,ANG,959 ANG
6,LYD,6 LYD
553,MDL,553 MDL
336,ARS,336 ARS
366,BGN,366 BGN
253,JPY,253 JPY
89,BMD,89 BMD
921,VEF,921 VEF
382,MNT,382 MNT
234,OMR,234 OMR
698,RSD,698 RSD
921,AWG,921 AWG
611,DOP,611 DOP
91,SRD,91 SRD
779,HUF,779 HUF
938,MGA,938 MGA
750,AUD,750 AUD
688,BHD,688 BHD
939,NZD,939 NZD
396,DKK,396 DKK
606,SCR,606 SCR
708,IRR,708 IRR
160,IDR,160 IDR
223,MGA,223 MGA
494,BYR,494 BYR
473,BAM,473 BAM
371,ZAR,371 ZAR
63,CZK,63 CZK
903,TOP,903 TOP
163,GNF,163 GNF
24,MYR,24 MYR
86,VUV,86 VUV
569,TJS,569 TJS
376,MXN,376 MXN
985,KHR,985 KHR
264,CDF,264 CDF
278,AWG,278 AWG
772,RSD,772 RSD
854,MGA,854 MGA
440,AMD,440 AMD
965,UAH,965 UAH
987,BYR,987 BYR
786,MUR,786 MUR
56,NIS,56 NIS
275,LRD,275 LRD
896,FJD,896 FJD
365,XDR,365 XDR
592,LSL,592 LSL
101,BYR,101 BYR
747,RUB,747 RUB
161,CLP,161 CLP
80,MUR,80 MUR
270,VEF,270 VEF
497,FJD,497 FJD
523,THB,523 THB
431,MWK,431 MWK
500,SLL,500 SLL
236,MWK,236 MWK
574,ERN,574 ERN
82,TMT,82 TMT
732,XPF,732 XPF
465,STD,465 STD
621,MNT,621 MNT
200,IRR,200 IRR
861,TJS,861 TJS
268,XPF,268 XPF
530,JOD,530 JOD
424,SHP,424 SHP
261,CZK,261 CZK
318,GGP,318 GGP
688,XOF,688 XOF
745,UAH,745 UAH
374,BWP,374 BWP
619,UGX,619 UGX
476,DZD,476 DZD
916,MGA,916 MGA
903,TRY,903 TRY
423,SPL,423 SPL
122,LTL,122 LTL
36,MXN,36 MXN
599,IDR,599 IDR
507,MZN,507 MZN
756,SZL,756 SZL
615,PLN,615 PLN
175,TND,175 TND
483,ETB,483 ETB
383,CVE,383 CVE
756,PEN,756 PEN
705,SYP,705 SYP
77,PLN,77 PLN
109,EGP,109 EGP
171,ZAR,171 ZAR
366,ARS,366 ARS
360,TZS,360 TZS
93,AWG,93 AWG
397,SZL,397 SZL
324,CHF,324 CHF
736,LYD,736 LYD
285,MDL,285 MDL
218,BND,218 BND
420,LKR,420 LKR
263,COP,263 COP
968,MKD,968 MKD
163,STD,163 STD
341,PGK,341 PGK
941,CAD,941 CAD
826,ISK,826 ISK
922,KRW,922 KRW
583,XPF,583 XPF
880,IQD,880 IQD
500,SGD,500 SGD
625,CNY,625 CNY
235,AFN,235 AFN
907,ZAR,907 ZAR
623,GYD,623 GYD
310,UGX,310 UGX
827,SPL,827 SPL
380,BYR,380 BYR
512,OMR,512 OMR
908,MXN,908 MXN
407,HTG,407 HTG
957,KPW,957 KPW
437,PLN,437 PLN
97,NZD,97 NZD
286,COP,286 COP
115,JPY,115 JPY
49,XDR,49 XDR
860,GNF,860 GNF
316,BDT,316 BDT
116,SYP,116 SYP
875,KHR,875 KHR
602,BZD,602 BZD
384,GYD,384 GYD
716,GNF,716 GNF
325,NIO,325 NIO
966,LTL,966 LTL
501,KMF,501 KMF
511,PHP,511 PHP
18,TTD,18 TTD
522,BOB,522 BOB
266,AUD,266 AUD
222,ILS,222 ILS
54,XOF,54 XOF
433,MGA,433 MGA
944,SOS,944 SOS
679,NOK,679 NOK
297,UYU,297 UYU
983,TMT,983 TMT
692,SVC,692 SVC
187,AED,187 AED
487,GYD,487 GYD
293,LKR,293 LKR
527,AWG,527 AWG
847,CAD,847 CAD
374,GNF,374 GNF
20,NOK,20 NOK
992,BND,992 BND
976,MRO,976 MRO
491,IQD,491 IQD
595,BYR,595 BYR
230,WST,230 WST
742,PLN,742 PLN
80,ZMW,80 ZMW
742,COP,742 COP
14,NIO,14 NIO
254,VEF,254 VEF
132,EUR,132 EUR
585,MGA,585 MGA
486,JOD,486 JOD
675,EGP,675 EGP
935,SGD,935 SGD
741,SCR,741 SCR
990,PAB,990 PAB
160,ZAR,160 ZAR
126,AFN,126 AFN
397,LAK,397 LAK
250,TWD,250 TWD
980,CUC,980 CUC
676,EUR,676 EUR
342,DJF,342 DJF
703,SBD,703 SBD
666,CNY,666 CNY
589,GGP,589 GGP
153,PLN,153 PLN
3,HRK,3 HRK
889,BHD,889 BHD
544,NGN,544 NGN
664,UGX,664 UGX
898,BAM,898 BAM
642,AWG,642 AWG
698,PYG,698 PYG
644,PLN,644 PLN
884,HKD,884 HKD
893,MMK,893 MMK
460,BRL,460 BRL
583,ZMW,583 ZMW
932,MXN,932 MXN
340,CNY,340 CNY
553,BND,553 BND
467,PEN,467 PEN
51,PHP,51 PHP
897,HKD,897 HKD
363,BIF,363 BIF
71,CDF,71 CDF
289,NGN,289 NGN
579,NIO,579 NIO
923,LYD,923 LYD
378,HNL,378 HNL
369,XOF,369 XOF
577,RON,577 RON
153,BND,153 BND
924,DZD,924 DZD
895,SOS,895 SOS
318,CDF,318 CDF
648,GMD,648 GMD
10,PAB,10 PAB
643,CVE,643 CVE
533,MDL,533 MDL
984,MWK,984 MWK
556,PLN,556 PLN
984,SRD,984 SRD
355,NIO,355 NIO
160,BRL,160 BRL
754,PKR,754 PKR
212,SGD,212 SGD
721,VEF,721 VEF
865,AWG,865 AWG
62,BZD,62 BZD
240,DKK,240 DKK
378,LRD,378 LRD
810,ANG,810 ANG
785,VND,785 VND
203,ILS,203 ILS
953,YER,953 YER
373,STD,373 STD
258,LKR,258 LKR
655,HUF,655 HUF
905,FKP,905 FKP
977,RSD,977 RSD
742,LRD,742 LRD
883,SHP,883 SHP
47,BZD,47 BZD
960,NOK,960 NOK
81,KRW,81 KRW
960,SOS,960 SOS
967,ETB,967 ETB
460,KWD,460 KWD
473,HUF,473 HUF
868,MDL,868 MDL
253,BDT,253 BDT
492,ARS,492 ARS
788,MWK,788 MWK
804,UAH,804 UAH
380,CVE,380 CVE
140,RON,140 RON
558,KGS,558 KGS
825,AOA,825 AOA
397,TZS,397 TZS
470,TND,470 TND
554,XAF,554 XAF
269,CNY,269 CNY
944,BRL,944 BRL
584,YER,584 YER
843,CDF,843 CDF
350,MGA,350 MGA
620,FJD,620 FJD
368,PGK,368 PGK
938,XPF,938 XPF
367,GGP,367 GGP
622,XPF,622 XPF
89,BYR,89 BYR
316,FKP,316 FKP
583,SGD,583 SGD
781,SPL,781 SPL
356,DOP,356 DOP
270,BWP,270 BWP
241,BSD,241 BSD
96,RSD,96 RSD
467,KWD,467 KWD
306,VND,306 VND
240,VUV,240 VUV
479,QAR,479 QAR
831,UZS,831 UZS
198,CUC,198 CUC
903,CVE,903 CVE
442,CVE,442 CVE
486,UZS,486 UZS
129,RON,129 RON
33,LBP,33 LBP
729,NAD,729 NAD
203,JEP,203 JEP
236,BBD,236 BBD
768,HKD,768 HKD
915,RUB,915 RUB
794,BIF,794 BIF
434,BDT,434 BDT
31,HKD,31 HKD
285,DOP,285 DOP
614,DKK,614 DKK
951,SRD,951 SRD
421,VEF,421 VEF
900,QAR,900 QAR
578,CZK,578 CZK
704,HUF,704 HUF
683,YER,683 YER
418,PYG,418 PYG
881,WST,881 WST
631,MMK,631 MMK
382,SBD,382 SBD
923,AFN,923 AFN
262,ALL,262 ALL
192,TND,192 TND
738,JPY,738 JPY
948,SRD,948 SRD
386,PAB,386 PAB
19,GTQ,19 GTQ
535,FJD,535 FJD
840,HTG,840 HTG
1,IRR,1 IRR
951,MZN,951 MZN
95,SEK,95 SEK
370,VUV,370 VUV
119,XDR,119 XDR
279,BZD,279 BZD
259,XDR,259 XDR
39,KWD,39 KWD
750,JEP,750 JEP
262,HNL,262 HNL
819,FKP,819 FKP
823,IQD,823 IQD
361,USD,361 USD
11,NZD,11 NZD
14,CLP,14 CLP
441,EGP,441 EGP
154,SHP,154 SHP
795,TVD,795 TVD
721,MAD,721 MAD
689,SRD,689 SRD
908,DZD,908 DZD
825,IMP,825 IMP
512,KGS,512 KGS
697,BDT,697 BDT
992,GBP,992 GBP
790,YER,790 YER
405,MRO,405 MRO
509,DOP,509 DOP
207,TJS,207 TJS
955,GEL,955 GEL
262,JMD,262 JMD
189,ZAR,189 ZAR
165,MOP,165 MOP
332,BHD,332 BHD
847,HKD,847 HKD
15,SLL,15 SLL
484,CRC,484 CRC
831,IRR,831 IRR
691,KYD,691 KYD
763,RSD,763 RSD
334,IQD,334 IQD
974,FKP,974 FKP
935,BDT,935 BDT
783,PKR,783 PKR
196,XPF,196 XPF
369,CNY,369 CNY
641,KYD,641 KYD
302,BGN,302 BGN
733,KMF,733 KMF
602,MZN,602 MZN
628,ILS,628 ILS
985,SDG,985 SDG
931,NZD,931 NZD
993,XOF,993 XOF
93,XPF,93 XPF
258,NIO,258 NIO
149,CUP,149 CUP
115,STD,115 STD
490,THB,490 THB
409,GHS,409 GHS
678,ISK,678 ISK
226,CUP,226 CUP
420,BRL,420 BRL
720,BZD,720 BZD
83,WST,83 WST
463,SLL,463 SLL
866,LBP,866 LBP
779,RUB,779 RUB
940,DZD,940 DZD
447,INR,447 INR
435,KYD,435 KYD
233,ISK,233 ISK
380,AED,380 AED
660,TWD,660 TWD
288,MDL,288 MDL
201,SRD,201 SRD
562,LBP,562 LBP
179,AUD,179 AUD
326,BTN,326 BTN
629,PYG,629 PYG
502,PKR,502 PKR
6,NOK,6 NOK
976,CAD,976 CAD
577,RSD,577 RSD
838,JOD,838 JOD
664,AWG,664 AWG
776,CHF,776 CHF
817,BZD,817 BZD
439,TTD,439 TTD
922,MNT,922 MNT
85,SLL,85 SLL
845,RUB,845 RUB
517,MOP,517 MOP
431,RON,431 RON
469,ZWD,469 ZWD
154,HKD,154 HKD
497,LKR,497 LKR
546,BHD,546 BHD
266,LBP,266 LBP
582,INR,582 INR
424,SEK,424 SEK
741,BDT,741 BDT
417,JOD,417 JOD
418,JEP,418 JEP
894,SHP,894 SHP
785,XOF,785 XOF
944,GBP,944 GBP
240,KRW,240 KRW
241,ANG,241 ANG
797,MAD,797 MAD
127,BAM,127 BAM
277,CDF,277 CDF
396,HUF,396 HUF
753,KWD,753 KWD
257,NIS,257 NIS
181,USD,181 USD
507,JMD,507 JMD
841,MWK,841 MWK
999,UYU,999 UYU
292,MWK,292 MWK
447,NGN,447 NGN
78,AZN,78 AZN
812,CUP,812 CUP
43,RSD,43 RSD
328,SZL,328 SZL
429,OMR,429 OMR
298,IQD,298 IQD
313,BSD,313 BSD
840,BOB,840 BOB
107,SYP,107 SYP
72,OMR,72 OMR
7,AFN,7 AFN
889,SCR,889 SCR
934,ZAR,934 ZAR
78,GTQ,78 GTQ
790,SYP,790 SYP
684,CRC,684 CRC
571,KGS,571 KGS
359,XDR,359 XDR
445,NPR,445 NPR
801,QAR,801 QAR
724,PAB,724 PAB
848,RON,848 RON
790,NGN,790 NGN
505,CVE,505 CVE
658,VND,658 VND
79,HKD,79 HKD
583,KPW,583 KPW
832,DZD,832 DZD
202,BSD,202 BSD
706,BHD,706 BHD
550,IQD,550 IQD
219,INR,219 INR
673,GIP,673 GIP
84,BSD,84 BSD
358,BIF,358 BIF
39,ISK,39 ISK
598,MYR,598 MYR
607,MUR,607 MUR
127,BBD,127 BBD
658,USD,658 USD
237,RSD,237 RSD
789,STD,789 STD
347,LRD,347 LRD
533,WST,533 WST
203,BAM,203 BAM
5,AOA,5 AOA
172,HRK,172 HRK
339,BAM,339 BAM
352,BDT,352 BDT
20,LAK,20 LAK
199,BGN,199 BGN
334,AZN,334 AZN
679,THB,679 THB
166,AZN,166 AZN
629,MWK,629 MWK
244,BMD,244 BMD
592,SGD,592 SGD
157,TTD,157 TTD
822,RUB,822 RUB
103,LYD,103 LYD
13,USD,13 USD
98,CAD,98 CAD
844,RON,844 RON
224,CAD,224 CAD
424,IDR,424 IDR
431,CVE,431 CVE
30,GIP,30 GIP
856,MRO,856 MRO
421,TND,421 TND
945,HKD,945 HKD
992,CAD,992 CAD
330,OMR,330 OMR
533,IDR,533 IDR
47,MNT,47 MNT
226,PAB,226 PAB
666,MDL,666 MDL
506,KWD,506 KWD
656,PKR,656 PKR
899,MAD,899 MAD
44,CLP,44 CLP
699,BBD,699 BBD
886,MAD,886 MAD
790,TVD,790 TVD
996,UZS,996 UZS
891,UAH,891 UAH
918,LBP,918 LBP
48,MUR,48 MUR
240,BDT,240 BDT
398,TMT,398 TMT
683,LSL,683 LSL
135,MRO,135 MRO
351,KES,351 KES
124,XCD,124 XCD
297,ERN,297 ERN
83,SVC,83 SVC
865,GGP,865 GGP
881,KES,881 KES
318,MMK,318 MMK
795,NGN,795 NGN
127,KYD,127 KYD
605,TND,605 TND
671,CUC,671 CUC
856,GGP,856 GGP
700,EUR,700 EUR
442,VND,442 VND
43,TVD,43 TVD
599,SPL,599 SPL
380,SAR,380 SAR
644,KWD,644 KWD
863,KPW,863 KPW
213,NZD,213 NZD
390,SEK,390 SEK
440,THB,440 THB
430,NIO,430 NIO
133,PAB,133 PAB
305,NAD,305 NAD
257,THB,257 THB
868,HTG,868 HTG
904,MDL,904 MDL
361,SPL,361 SPL
821,ETB,821 ETB
70,BHD,70 BHD
304,ANG,304 ANG
385,STD,385 STD
255,KZT,255 KZT
320,PLN,320 PLN
446,XOF,446 XOF
95,GEL,95 GEL
959,CUP,959 CUP
219,SAR,219 SAR
324,ILS,324 ILS
974,NZD,974 NZD
398,AFN,398 AFN
187,BZD,187 BZD
208,KZT,208 KZT
520,XOF,520 XOF
619,LAK,619 LAK
514,SEK,514 SEK
801,CZK,801 CZK
45,MRO,45 MRO
120,NPR,120 NPR
476,RON,476 RON
185,XDR,185 XDR
951,ARS,951 ARS
585,THB,585 THB
147,GTQ,147 GTQ
276,LRD,276 LRD
298,GHS,298 GHS
203,JEP,203 JEP
360,BND,360 BND
91,AOA,91 AOA
383,KRW,383 KRW
73,FJD,73 FJD
436,KHR,436 KHR
934,NIS,934 NIS
409,RWF,409 RWF
431,INR,431 INR
540,XOF,540 XOF
416,XOF,416 XOF
886,ILS,886 ILS
183,GBP,183 GBP
845,XDR,845 XDR
24,ARS,24 ARS
753,NGN,753 NGN
759,TND,759 TND
629,RUB,629 RUB
144,KRW,144 KRW
917,TOP,917 TOP
850,BAM,850 BAM
841,GBP,841 GBP
115,CNY,115 CNY
467,MGA,467 MGA
323,MWK,323 MWK
762,MVR,762 MVR
60,CHF,60 CHF
341,LBP,341 LBP
430,BZD,430 BZD
439,PLN,439 PLN
273,MVR,273 MVR
142,XCD,142 XCD
690,IMP,690 IMP
257,SCR,257 SCR
948,KYD,948 KYD
158,GGP,158 GGP
342,PAB,342 PAB
596,GGP,596 GGP
594,LRD,594 LRD
355,ISK,355 ISK
962,LKR,962 LKR
884,BAM,884 BAM
658,SCR,658 SCR
970,DOP,970 DOP
108,IRR,108 IRR
697,VEF,697 VEF
580,ZMW,580 ZMW
851,BZD,851 BZD
474,HNL,474 HNL
957,SRD,957 SRD
506,CAD,506 CAD
72,SRD,72 SRD
624,SHP,624 SHP
805,HUF,805 HUF
930,CRC,930 CRC
923,MMK,923 MMK
195,QAR,195 QAR
963,MYR,963 MYR
531,XPF,531 XPF
430,HUF,430 HUF
566,MYR,566 MYR
116,ZMW,116 ZMW
853,XDR,853 XDR
611,ZMW,611 ZMW
14,TRY,14 TRY
814,XCD,814 XCD
247,NOK,247 NOK
686,SLL,686 SLL
141,KMF,141 KMF
481,SEK,481 SEK
737,BHD,737 BHD
341,MNT,341 MNT
44,ETB,44 ETB
92,KZT,92 KZT
396,BYR,396 BYR
382,DOP,382 DOP
714,ZMW,714 ZMW
40,SYP,40 SYP
317,PAB,317 PAB
931,GNF,931 GNF
761,BGN,761 BGN
906,SBD,906 SBD
862,KMF,862 KMF
74,TJS,74 TJS
1000,SCR,1000 SCR
843,MOP,843 MOP
648,TND,648 TND
1000,UZS,1000 UZS
312,VEF,312 VEF
764,RUB,764 RUB
254,UYU,254 UYU
447,PEN,447 PEN
797,CLP,797 CLP
901,ERN,901 ERN
344,PAB,344 PAB
498,STD,498 STD
890,SZL,890 SZL
627,SPL,627 SPL
878,NOK,878 NOK
509,JOD,509 JOD
416,SZL,416 SZL
202,CUC,202 CUC
439,INR,439 INR
106,BZD,106 BZD
115,AMD,115 AMD
460,CUC,460 CUC
808,MYR,808 MYR
182,TOP,182 TOP
639,MYR,639 MYR
391,VUV,391 VUV
481,PHP,481 PHP
37,FKP,37 FKP
335,MAD,335 MAD
988,CAD,988 CAD
233,PYG,233 PYG
50,NGN,50 NGN
9,TOP,9 TOP
538,NOK,538 NOK
826,XDR,826 XDR
288,BGN,288 BGN
902,MZN,902 MZN
70,ARS,70 ARS
732,AMD,732 AMD
173,STD,173 STD
306,MNT,306 MNT
153,DZD,153 DZD
141,LKR,141 LKR
862,GHS,862 GHS
567,SCR,567 SCR
452,PLN,452 PLN
249,THB,249 THB
907,MUR,907 MUR
221,AZN,221 AZN
381,UGX,381 UGX
570,SZL,570 SZL
165,CZK,165 CZK
268,KYD,268 KYD
455,XPF,455 XPF
83,BTN,83 BTN
557,SYP,557 SYP
150,XPF,150 XPF
751,IDR,751 IDR
494,CRC,494 CRC
785,LSL,785 LSL
943,UZS,943 UZS
326,NPR,326 NPR
107,AED,107 AED
417,GGP,417 GGP
77,JOD,77 JOD
117,XAF,117 XAF
228,TZS,228 TZS
587,GNF,587 GNF
862,SGD,862 SGD
979,CRC,979 CRC
616,KES,616 KES
187,MVR,187 MVR
547,TZS,547 TZS
861,BGN,861 BGN
374,USD,374 USD
699,STD,699 STD
609,KZT,609 KZT
101,NIS,101 NIS
832,DKK,832 DKK
290,MXN,290 MXN
611,LBP,611 LBP
196,GTQ,196 GTQ
907,UYU,907 UYU
372,TOP,372 TOP
563,BRL,563 BRL
537,IDR,537 IDR
389,UGX,389 UGX
270,KRW,270 KRW
224,PAB,224 PAB
401,VUV,401 VUV
409,MUR,409 MUR
181,LAK,181 LAK
65,GIP,65 GIP
63,LYD,63 LYD
611,DKK,611 DKK
753,THB,753 THB
165,GBP,165 GBP
527,XDR,527 XDR
317,SDG,317 SDG
903,KPW,903 KPW
861,GTQ,861 GTQ
917,DZD,917 DZD
58,MGA,58 MGA
896,GGP,896 GGP
265,JOD,265 JOD
878,EGP,878 EGP
145,MOP,145 MOP
38,JOD,38 JOD
865,CDF,865 CDF
392,MUR,392 MUR
924,USD,924 USD
403,TMT,403 TMT
395,GNF,395 GNF
65,SPL,65 SPL
163,GEL,163 GEL
171,TJS,171 TJS
836,SAR,836 SAR
384,PKR,384 PKR
502,SOS,502 SOS
373,WST,373 WST
693,SYP,693 SYP
252,KGS,252 KGS
457,SVC,457 SVC
983,GBP,983 GBP
515,SHP,515 SHP
526,MOP,526 MOP
407,PYG,407 PYG
330,IQD,330 IQD
8,JPY,8 JPY
485,DKK,485 DKK
894,KZT,894 KZT
355,ARS,355 ARS
440,DJF,440 DJF
843,XPF,843 XPF
18,BTN,18 BTN
325,NGN,325 NGN
527,TRY,527 TRY
552,LAK,552 LAK
757,FJD,757 FJD
930,BBD,930 BBD
368,BGN,368 BGN
856,XDR,856 XDR
470,ARS,470 ARS
685,LRD,685 LRD
156,XPF,156 XPF
339,STD,339 STD
818,GGP,818 GGP
496,NIO,496 NIO
351,ETB,351 ETB
996,MWK,996 MWK
174,GMD,174 GMD
203,SOS,203 SOS
694,SOS,694 SOS
93,TND,93 TND
405,BGN,405 BGN
732,RWF,732 RWF
773,NPR,773 NPR
111,SGD,111 SGD
728,ERN,728 ERN
455,BSD,455 BSD
270,KES,270 KES
87,BDT,87 BDT
707,TVD,707 TVD
988,SEK,988 SEK
501,BAM,501 BAM
355,NIS,355 NIS
303,BAM,303 BAM
499,TWD,499 TWD
155,MNT,155 MNT
928,CLP,928 CLP
73,BHD,73 BHD
418,AMD,418 AMD
481,TVD,481 TVD
859,MOP,859 MOP
858,BRL,858 BRL
84,MUR,84 MUR
428,SBD,428 SBD
259,BSD,259 BSD
490,BDT,490 BDT
714,SDG,714 SDG
330,OMR,330 OMR
829,KGS,829 KGS
665,CZK,665 CZK
125,BIF,125 BIF
539,RUB,539 RUB
344,PAB,344 PAB
878,TWD,878 TWD
831,FJD,831 FJD
786,BDT,786 BDT
899,SPL,899 SPL
318,BSD,318 BSD
935,UGX,935 UGX
944,SDG,944 SDG
769,USD,769 USD
618,CZK,618 CZK
313,AZN,313 AZN
883,BGN,883 BGN
371,SOS,371 SOS
911,PGK,911 PGK
191,KYD,191 KYD
588,ZMW,588 ZMW
923,SOS,923 SOS
672,VUV,672 VUV
181,VND,181 VND
811,KES,811 KES
295,PEN,295 PEN
377,BRL,377 BRL
161,HNL,161 HNL
857,KHR,857 KHR
519,TRY,519 TRY
439,PLN,439 PLN
202,XOF,202 XOF
776,CUP,776 CUP
590,PEN,590 PEN
511,AZN,511 AZN
423,SGD,423 SGD
859,TVD,859 TVD
208,INR,208 INR
532,TWD,532 TWD
246,FJD,246 FJD
248,KYD,248 KYD
923,PHP,923 PHP
604,MOP,604 MOP
415,JEP,415 JEP
935,GNF,935 GNF
666,NAD,666 NAD
778,ANG,778 ANG
943,BDT,943 BDT
679,SPL,679 SPL
35,KGS,35 KGS
576,BSD,576 BSD
884,NGN,884 NGN
466,LAK,466 LAK
815,SVC,815 SVC
659,USD,659 USD
402,AOA,402 AOA
657,MVR,657 MVR
532,MYR,532 MYR
322,KZT,322 KZT
384,IMP,384 IMP
531,ISK,531 ISK
968,UGX,968 UGX
272,LTL,272 LTL
129,CHF,129 CHF
855,EGP,855 EGP
982,MOP,982 MOP
554,KZT,554 KZT
574,XOF,574 XOF
401,VUV,401 VUV
880,SGD,880 SGD
967,SLL,967 SLL
401,BGN,401 BGN
965,GHS,965 GHS
131,TRY,131 TRY
477,AMD,477 AMD
8,TMT,8 TMT
934,SEK,934 SEK
100,GBP,100 GBP
778,AUD,778 AUD
623,PHP,623 PHP
867,ERN,867 ERN
462,ALL,462 ALL
264,VUV,264 VUV
26,RSD,26 RSD
355,BYR,355 BYR
399,GBP,399 GBP
696,XPF,696 XPF
913,ISK,913 ISK
862,BBD,862 BBD
381,BAM,381 BAM
803,ZMW,803 ZMW
95,SRD,95 SRD
796,LYD,796 LYD
432,IRR,432 IRR
565,NAD,565 NAD
823,FJD,823 FJD
356,LKR,356 LKR
336,HRK,336 HRK
772,SEK,772 SEK
491,KGS,491 KGS
107,KPW,107 KPW
712,AZN,712 AZN
652,GTQ,652 GTQ
537,ZWD,537 ZWD
887,BGN,887 BGN
345,KHR,345 KHR
640,WST,640 WST
260,TRY,260 TRY
432,SBD,432 SBD
662,SLL,662 SLL
755,BWP,755 BWP
386,SBD,386 SBD
638,MMK,638 MMK
66,USD,66 USD
800,ARS,800 ARS
104,ZAR,104 ZAR
413,DKK,413 DKK
979,MDL,979 MDL
204,GMD,204 GMD
93,GHS,93 GHS
853,GIP,853 GIP
286,LBP,286 LBP
221,XOF,221 XOF
632,SGD,632 SGD
233,PYG,233 PYG
217,CNY,217 CNY
730,XPF,730 XPF
212,ZAR,212 ZAR
565,NGN,565 NGN
118,FJD,118 FJD
652,SZL,652 SZL
350,BRL,350 BRL
484,BDT,484 BDT
937,MOP,937 MOP
576,CHF,576 CHF
222,MOP,222 MOP
317,ILS,317 ILS
923,TRY,923 TRY
787,TND,787 TND
913,MRO,913 MRO
917,MUR,917 MUR
609,CNY,609 CNY
451,COP,451 COP
967,KWD,967 KWD
4,AWG,4 AWG
899,UGX,899 UGX
612,NZD,612 NZD
794,MZN,794 MZN
985,TJS,985 TJS
653,CVE,653 CVE
424,QAR,424 QAR
98,KGS,98 KGS
924,MGA,924 MGA
814,AMD,814 AMD
411,BOB,411 BOB
219,SHP,219 SHP
80,SHP,80 SHP
421,BGN,421 BGN
742,SEK,742 SEK
732,INR,732 INR
784,ERN,784 ERN
544,ETB,544 ETB
423,LRD,423 LRD
527,TJS,527 TJS
498,LAK,498 LAK
355,KRW,355 KRW
690,EGP,690 EGP
427,GBP,427 GBP
970,SCR,970 SCR
994,TRY,994 TRY
502,RON,502 RON
117,USD,117 USD
294,LKR,294 LKR
308,VEF,308 VEF
361,MKD,361 MKD
970,SGD,970 SGD
764,BMD,764 BMD
979,ZWD,979 ZWD
812,SZL,812 SZL
218,BTN,218 BTN
895,BSD,895 BSD
551,ISK,551 ISK
350,CZK,350 CZK
194,MYR,194 MYR
1,KPW,1 KPW
89,UAH,89 UAH
803,TOP,803 TOP
789,HUF,789 HUF
158,TJS,158 TJS
206,NIS,206 NIS
357,GHS,357 GHS
584,SLL,584 SLL
294,OMR,294 OMR
845,LAK,845 LAK
175,SZL,175 SZL
423,CHF,423 CHF
683,SOS,683 SOS
466,NIS,466 NIS
810,MGA,810 MGA
193,LAK,193 LAK
705,CLP,705 CLP
701,BWP,701 BWP
407,VEF,407 VEF
12,NPR,12 NPR
771,EGP,771 EGP
550,SRD,550 SRD
109,HKD,109 HKD
977,NIO,977 NIO
570,MGA,570 MGA
51,KZT,51 KZT
811,SYP,811 SYP
495,CVE,495 CVE
442,SVC,442 SVC
961,XAF,961 XAF
248,XCD,248 XCD
605,RON,605 RON
736,NGN,736 NGN
550,CNY,550 CNY
423,DJF,423 DJF
185,COP,185 COP
352,JEP,352 JEP
924,KGS,924 KGS
966,RON,966 RON
406,SHP,406 SHP
525,VEF,525 VEF
4,JPY,4 JPY
222,SPL,222 SPL
498,MAD,498 MAD
327,AMD,327 AMD
552,RON,552 RON
306,CLP,306 CLP
548,WST,548 WST
682,TRY,682 TRY
199,UAH,199 UAH
9,ERN,9 ERN
657,KRW,657 KRW
28,UZS,28 UZS
22,AUD,22 AUD
43,LRD,43 LRD
311,STD,311 STD
97,NZD,97 NZD
481,DZD,481 DZD
669,LAK,669 LAK
463,BSD,463 BSD
786,NIS,786 NIS
567,XDR,567 XDR
284,LBP,284 LBP
638,SEK,638 SEK
120,GIP,120 GIP
969,XDR,969 XDR
231,ILS,231 ILS
333,LKR,333 LKR
150,KYD,150 KYD
680,YER,680 YER
521,BOB,521 BOB
950,BWP,950 BWP
740,MGA,740 MGA
353,BSD,353 BSD
23,EUR,23 EUR
57,USD,57 USD
531,ZAR,531 ZAR
313,BZD,313 BZD
362,TJS,362 TJS
885,MWK,885 MWK
214,ERN,214 ERN
305,PGK,305 PGK
555,ZMW,555 ZMW
798,JOD,798 JOD
436,JPY,436 JPY
271,CZK,271 CZK
95,HNL,95 HNL
749,BMD,749 BMD
424,SVC,424 SVC
807,ARS,807 ARS
124,BTN,124 BTN
245,BWP,245 BWP
112,MDL,112 MDL
845,BZD,845 BZD
157,MGA,157 MGA
304,MMK,304 MMK
205,XOF,205 XOF
210,BHD,210 BHD
651,TWD,651 TWD
393,DKK,393 DKK
531,BGN,531 BGN
322,ILS,322 ILS
209,ZMW,209 ZMW
337,BBD,337 BBD
332,DZD,332 DZD
359,BMD,359 BMD
987,MWK,987 MWK
351,BZD,351 BZD
428,CVE,428 CVE
895,AWG,895 AWG
9,UGX,9 UGX
793,AUD,793 AUD
782,ISK,782 ISK
765,VEF,765 VEF
830,GMD,830 GMD
302,NIO,302 NIO
26,SCR,26 SCR
14,SZL,14 SZL
943,PKR,943 PKR
579,GBP,579 GBP
131,NIS,131 NIS
99,MAD,99 MAD
890,ZMW,890 ZMW
799,VUV,799 VUV
877,GMD,877 GMD
949,MUR,949 MUR
794,BND,794 BND
276,DJF,276 DJF
896,KHR,896 KHR
959,AZN,959 AZN
10,COP,10 COP
712,MGA,712 MGA
667,MWK,667 MWK
891,CUP,891 CUP
538,LRD,538 LRD
792,DZD,792 DZD
70,CVE,70 CVE
523,IDR,523 IDR
109,BDT,109 BDT
686,UAH,686 UAH
895,LRD,895 LRD
110,GMD,110 GMD
430,TRY,430 TRY
561,IMP,561 IMP
905,SGD,905 SGD
91,JMD,91 JMD
954,SLL,954 SLL
807,ZMW,807 ZMW
621,RON,621 RON
183,AWG,183 AWG
256,ISK,256 ISK
616,MMK,616 MMK
901,UYU,901 UYU
313,AFN,313 AFN
137,MAD,137 MAD
35,AFN,35 AFN
669,JPY,669 JPY
944,GGP,944 GGP
547,GMD,547 GMD
480,EUR,480 EUR
390,BRL,390 BRL
584,MKD,584 MKD
124,BZD,124 BZD
548,KHR,548 KHR
503,GMD,503 GMD
983,MWK,983 MWK
532,XPF,532 XPF
214,CZK,214 CZK
733,MWK,733 MWK
592,IDR,592 IDR
653,ANG,653 ANG
176,GMD,176 GMD
716,MNT,716 MNT
383,NIS,383 NIS
920,TTD,920 TTD
181,CRC,181 CRC
324,WST,324 WST
804,USD,804 USD
108,MOP,108 MOP
644,BMD,644 BMD
941,UGX,941 UGX
685,VUV,685 VUV
89,ZMW,89 ZMW
486,RON,486 RON
364,CRC,364 CRC
252,JPY,252 JPY
978,BOB,978 BOB
466,ZMW,466 ZMW
59,JMD,59 JMD
560,JPY,560 JPY
766,BZD,766 BZD
896,LYD,896 LYD
812,RSD,812 RSD
966,MNT,966 MNT
508,KRW,508 KRW
398,OMR,398 OMR
656,CAD,656 CAD
835,XDR,835 XDR
482,AZN,482 AZN
171,CLP,171 CLP
194,SAR,194 SAR
277,NIO,277 NIO
518,BWP,518 BWP
838,BOB,838 BOB
157,OMR,157 OMR
115,VND,115 VND
675,CUP,675 CUP
464,KZT,464 KZT
571,XDR,571 XDR
313,IRR,313 IRR
71,MWK,71 MWK
575,GYD,575 GYD
463,TZS,463 TZS
831,GGP,831 GGP
197,EGP,197 EGP
244,XDR,244 XDR
109,BND,109 BND
70,XCD,70 XCD
11,USD,11 USD
650,CUP,650 CUP
81,SGD,81 SGD
30,TOP,30 TOP
616,BBD,616 BBD
525,SAR,525 SAR
410,PAB,410 PAB
404,BYR,404 BYR
409,VND,409 VND
592,KMF,592 KMF
826,RUB,826 RUB
521,MUR,521 MUR
327,KYD,327 KYD
201,TTD,201 TTD
99,TRY,99 TRY
665,MZN,665 MZN
310,NAD,310 NAD
866,INR,866 INR
343,BDT,343 BDT
196,TTD,196 TTD
525,KRW,525 KRW
205,PKR,205 PKR
40,UYU,40 UYU
629,ANG,629 ANG
783,SAR,783 SAR
395,NPR,395 NPR
452,ILS,452 ILS
310,NOK,310 NOK
697,XCD,697 XCD
656,BMD,656 BMD
156,GEL,156 GEL
392,HTG,392 HTG
504,STD,504 STD
421,FJD,421 FJD
662,RWF,662 RWF
196,BZD,196 BZD
609,KHR,609 KHR
413,NOK,413 NOK
134,MKD,134 MKD
97,MRO,97 MRO
868,KHR,868 KHR
113,NIS,113 NIS
960,MUR,960 MUR
100,PHP,100 PHP
954,COP,954 COP
656,TND,656 TND
223,LTL,223 LTL
682,PAB,682 PAB
464,PEN,464 PEN
946,GMD,946 GMD
609,BWP,609 BWP
57,AWG,57 AWG
55,ETB,55 ETB
684,CHF,684 CHF
247,JEP,247 JEP
887,TWD,887 TWD
937,PAB,937 PAB
829,INR,829 INR
693,QAR,693 QAR
825,HRK,825 HRK
170,DZD,170 DZD
958,VUV,958 VUV
560,MWK,560 MWK
327,MGA,327 MGA
949,MYR,949 MYR
95,AWG,95 AWG
742,CUP,742 CUP
87,BTN,87 BTN
604,HUF,604 HUF
706,KGS,706 KGS
244,JOD,244 JOD
550,BDT,550 BDT
233,IDR,233 IDR
276,AUD,276 AUD
875,MYR,875 MYR
170,UYU,170 UYU
314,NOK,314 NOK
361,DOP,361 DOP
299,VEF,299 VEF
514,SBD,514 SBD
112,CLP,112 CLP
297,SZL,297 SZL
221,SLL,221 SLL
263,TMT,263 TMT
565,VEF,565 VEF
971,ANG,971 ANG
543,SCR,543 SCR
135,MVR,135 MVR
865,MUR,865 MUR
478,SBD,478 SBD
486,SGD,486 SGD
94,YER,94 YER
544,STD,544 STD
542,CUP,542 CUP
386,SDG,386 SDG
35,PLN,35 PLN
88,OMR,88 OMR
899,AFN,899 AFN
349,JMD,349 JMD
664,ETB,664 ETB
63,MWK,63 MWK
712,ERN,712 ERN
37,ISK,37 ISK
889,MUR,889 MUR
978,SLL,978 SLL
626,VUV,626 VUV
2,KGS,2 KGS
18,YER,18 YER
919,BRL,919 BRL
832,ILS,832 ILS
58,BIF,58 BIF
943,BZD,943 BZD
430,DZD,430 DZD
109,MDL,109 MDL
527,KES,527 KES
22,FJD,22 FJD
767,TMT,767 TMT
343,XOF,343 XOF
276,THB,276 THB
115,NAD,115 NAD
952,SBD,952 SBD
992,NIO,992 NIO
858,RON,858 RON
557,GGP,557 GGP
258,GMD,258 GMD
133,MGA,133 MGA
155,RSD,155 RSD
519,INR,519 INR
63,PLN,63 PLN
771,IMP,771 IMP
120,SRD,120 SRD
703,IQD,703 IQD
669,MDL,669 MDL
547,SYP,547 SYP
416,CUP,416 CUP
45,BAM,45 BAM
880,IRR,880 IRR
83,BHD,83 BHD
963,PKR,963 PKR
632,MKD,632 MKD
921,BZD,921 BZD
19,KGS,19 KGS
116,HRK,116 HRK
974,DKK,974 DKK
210,RWF,210 RWF
483,SCR,483 SCR
988,TOP,988 TOP
879,VND,879 VND
825,MAD,825 MAD
222,NIS,222 NIS
400,AFN,400 AFN
505,GHS,505 GHS
96,XDR,96 XDR
463,BMD,463 BMD
860,DKK,860 DKK
994,LBP,994 LBP
429,VEF,429 VEF
849,RSD,849 RSD
24,AMD,24 AMD
902,JPY,902 JPY
820,ISK,820 ISK
123,SBD,123 SBD
534,LTL,534 LTL
630,INR,630 INR
293,VUV,293 VUV
165,FJD,165 FJD
439,GBP,439 GBP
809,BSD,809 BSD
8,DZD,8 DZD
794,GBP,794 GBP
284,SPL,284 SPL
131,LSL,131 LSL
521,MDL,521 MDL
848,MRO,848 MRO
322,DOP,322 DOP
757,BWP,757 BWP
67,TND,67 TND
556,SVC,556 SVC
125,DKK,125 DKK
42,XOF,42 XOF
21,MZN,21 MZN
443,SGD,443 SGD
829,BHD,829 BHD
835,SBD,835 SBD
617,BBD,617 BBD
325,HRK,325 HRK
110,ALL,110 ALL
495,TND,495 TND
736,GIP,736 GIP
349,HTG,349 HTG
992,UGX,992 UGX
735,BIF,735 BIF
890,LBP,890 LBP
835,RWF,835 RWF
807,BWP,807 BWP
255,DJF,255 DJF
90,VEF,90 VEF
576,IMP,576 IMP
878,TMT,878 TMT
532,CLP,532 CLP
342,JMD,342 JMD
368,TVD,368 TVD
17,TWD,17 TWD
65,BGN,65 BGN
405,MNT,405 MNT
957,SOS,957 SOS
678,KGS,678 KGS
398,UZS,398 UZS
993,CAD,993 CAD
293,JPY,293 JPY
807,XAF,807 XAF
600,BOB,600 BOB
52,HKD,52 HKD
237,XAF,237 XAF
845,KWD,845 KWD
492,UZS,492 UZS
876,KHR,876 KHR
602,LSL,602 LSL
708,SPL,708 SPL
189,BOB,189 BOB
707,DKK,707 DKK
115,TOP,115 TOP
821,XOF,821 XOF
658,GGP,658 GGP
151,LSL,151 LSL
842,BAM,842 BAM
159,KES,159 KES
391,HTG,391 HTG
121,LRD,121 LRD
667,XCD,667 XCD
585,TND,585 TND
689,TTD,689 TTD
189,BHD,189 BHD
156,GIP,156 GIP
688,MDL,688 MDL
474,BRL,474 BRL
849,NPR,849 NPR
429,NPR,429 NPR
499,TWD,499 TWD
960,MNT,960 MNT
607,JEP,607 JEP
365,MOP,365 MOP
694,ALL,694 ALL
478,GHS,478 GHS
833,QAR,833 QAR
502,KES,502 KES
637,KRW,637 KRW
854,WST,854 WST
634,XPF,634 XPF
778,SBD,778 SBD
769,BHD,769 BHD
52,CVE,52 CVE
344,XCD,344 XCD
501,AED,501 AED
923,GNF,923 GNF
697,MYR,697 MYR
413,CRC,413 CRC
398,IMP,398 IMP
590,CHF,590 CHF
462,OMR,462 OMR
459,BBD,459 BBD
609,SYP,609 SYP
635,MYR,635 MYR
635,SDG,635 SDG
649,NPR,649 NPR
468,LAK,468 LAK
157,ZAR,157 ZAR
758,IMP,758 IMP
529,ILS,529 ILS
292,GEL,292 GEL
533,GTQ,533 GTQ
989,IDR,989 IDR
882,RSD,882 RSD
506,TJS,506 TJS
198,BSD,198 BSD
691,ETB,691 ETB
170,OMR,170 OMR
33,TJS,33 TJS
596,XPF,596 XPF
820,BYR,820 BYR
631,WST,631 WST
453,ETB,453 ETB
844,KES,844 KES
421,XPF,421 XPF
33,IDR,33 IDR
230,ZWD,230 ZWD
444,BGN,444 BGN
719,KES,719 KES
938,RUB,938 RUB
257,BND,257 BND
430,AOA,430 AOA
678,STD,678 STD
591,IDR,591 IDR
1,CRC,1 CRC
943,GMD,943 GMD
152,MUR,152 MUR
787,PEN,787 PEN
731,MOP,731 MOP
1,LAK,1 LAK
103,CRC,103 CRC
672,TJS,672 TJS
454,JMD,454 JMD
148,BTN,148 BTN
200,PLN,200 PLN
446,GBP,446 GBP
871,HTG,871 HTG
738,RON,738 RON
449,BZD,449 BZD
203,GYD,203 GYD
61,SAR,61 SAR
933,XDR,933 XDR
610,AUD,610 AUD
67,GBP,67 GBP
967,AMD,967 AMD
157,DJF,157 DJF
681,ZAR,681 ZAR
292,THB,292 THB
819,STD,819 STD
696,MWK,696 MWK
959,CLP,959 CLP
637,CHF,637 CHF
855,GTQ,855 GTQ
542,AMD,542 AMD
564,BAM,564 BAM
802,RON,802 RON
633,TJS,633 TJS
88,AUD,88 AUD
254,ERN,254 ERN
752,BZD,752 BZD
835,OMR,835 OMR
388,BOB,388 BOB
537,KZT,537 KZT
715,HTG,715 HTG
369,LAK,369 LAK
700,BSD,700 BSD
879,MXN,879 MXN
276,NIS,276 NIS
724,KWD,724 KWD
993,BND,993 BND
150,QAR,150 QAR
925,TZS,925 TZS
630,CNY,630 CNY
675,ANG,675 ANG
528,LSL,528 LSL
713,YER,713 YER
737,GYD,737 GYD
364,MMK,364 MMK
178,ALL,178 ALL
752,KWD,752 KWD
346,VUV,346 VUV
987,ALL,987 ALL
317,NAD,317 NAD
859,ILS,859 ILS
852,USD,852 USD
381,TOP,381 TOP
770,TVD,770 TVD
807,IRR,807 IRR
305,IMP,305 IMP
63,HRK,63 HRK
613,KRW,613 KRW
128,MZN,128 MZN
779,ALL,779 ALL
701,ILS,701 ILS
998,CUC,998 CUC
348,XCD,348 XCD
475,ETB,475 ETB
693,CLP,693 CLP
358,MKD,358 MKD
945,XPF,945 XPF
765,INR,765 INR
37,DKK,37 DKK
203,TJS,203 TJS
302,SEK,302 SEK
625,RON,625 RON
685,CUC,685 CUC
4,MOP,4 MOP
794,SVC,794 SVC
243,UYU,243 UYU
204,CRC,204 CRC
339,TND,339 TND
217,BRL,217 BRL
731,BDT,731 BDT
739,NAD,739 NAD
29,LBP,29 LBP
814,SGD,814 SGD
248,HUF,248 HUF
463,MYR,463 MYR
286,NAD,286 NAD
454,QAR,454 QAR
301,MMK,301 MMK
96,BSD,96 BSD
619,UYU,619 UYU
436,ALL,436 ALL
840,GYD,840 GYD
188,PKR,188 PKR
68,THB,68 THB
406,SYP,406 SYP
213,GNF,213 GNF
142,TWD,142 TWD
554,CVE,554 CVE
499,HTG,499 HTG
726,GBP,726 GBP
446,SZL,446 SZL
19,PKR,19 PKR
516,ERN,516 ERN
288,NOK,288 NOK
607,CDF,607 CDF
412,AZN,412 AZN
694,NAD,694 NAD
694,CRC,694 CRC
187,MWK,187 MWK
239,CRC,239 CRC
167,SCR,167 SCR
725,BYR,725 BYR
653,LBP,653 LBP
60,ZAR,60 ZAR
425,KES,425 KES
699,YER,699 YER
884,BDT,884 BDT
261,EGP,261 EGP
892,MWK,892 MWK
417,BSD,417 BSD
778,BTN,778 BTN
350,MVR,350 MVR
526,BHD,526 BHD
863,MRO,863 MRO
961,SHP,961 SHP
160,EUR,160 EUR
921,XPF,921 XPF
429,TJS,429 TJS
409,ARS,409 ARS
78,PKR,78 PKR
178,RSD,178 RSD
916,MAD,916 MAD
910,RUB,910 RUB
553,HTG,553 HTG
873,XPF,873 XPF
97,CDF,97 CDF
312,ZMW,312 ZMW
32,SGD,32 SGD
430,LYD,430 LYD
803,ERN,803 ERN
914,PGK,914 PGK
897,NZD,897 NZD
272,JEP,272 JEP
534,JPY,534 JPY
171,IQD,171 IQD
311,BTN,311 BTN
691,AOA,691 AOA
19,LAK,19 LAK
796,BOB,796 BOB
885,NIO,885 NIO
619,AOA,619 AOA
174,SZL,174 SZL
627,GEL,627 GEL
400,CUC,400 CUC
202,MNT,202 MNT
929,SAR,929 SAR
513,CAD,513 CAD
945,BND,945 BND
562,MZN,562 MZN
693,ZWD,693 ZWD
266,LKR,266 LKR
6,SOS,6 SOS
313,PGK,313 PGK
288,KMF,288 KMF
136,NIO,136 NIO
37,AFN,37 AFN
138,MKD,138 MKD
23,TMT,23 TMT
136,CLP,136 CLP
738,RON,738 RON
358,IRR,358 IRR
79,IMP,79 IMP
809,SPL,809 SPL
303,CNY,303 CNY
32,DJF,32 DJF
587,TMT,587 TMT
725,BIF,725 BIF
966,ANG,966 ANG
572,RON,572 RON
353,MYR,353 MYR
933,MWK,933 MWK
879,MKD,879 MKD
275,CNY,275 CNY
125,BND,125 BND
986,PHP,986 PHP
810,MMK,810 MMK
128,BND,128 BND
534,JOD,534 JOD
285,TZS,285 TZS
397,STD,397 STD
79,INR,79 INR
443,CZK,443 CZK
550,NOK,550 NOK
152,AFN,152 AFN
845,MMK,845 MMK
30,DZD,30 DZD
895,LTL,895 LTL
648,CUC,648 CUC
425,MMK,425 MMK
767,IMP,767 IMP
71,FJD,71 FJD
768,JMD,768 JMD
456,UYU,456 UYU
184,GBP,184 GBP
791,GNF,791 GNF
835,AMD,835 AMD
63,MOP,63 MOP
556,INR,556 INR
95,SEK,95 SEK
606,BMD,606 BMD
35,HRK,35 HRK
651,BYR,651 BYR
85,MDL,85 MDL
893,ISK,893 ISK
417,MNT,417 MNT
377,MXN,377 MXN
83,VEF,83 VEF
702,LRD,702 LRD
727,MWK,727 MWK
648,BIF,648 BIF
400,CAD,400 CAD
356,DOP,356 DOP
373,MRO,373 MRO
981,PHP,981 PHP
526,GBP,526 GBP
133,CRC,133 CRC
955,CAD,955 CAD
749,NPR,749 NPR
972,YER,972 YER
886,KWD,886 KWD
149,VEF,149 VEF
532,CLP,532 CLP
292,NZD,292 NZD
582,PLN,582 PLN
181,JOD,181 JOD
392,ISK,392 ISK
933,KPW,933 KPW
622,CUP,622 CUP
892,CNY,892 CNY
410,SRD,410 SRD
350,UGX,350 UGX
302,MAD,302 MAD
996,RON,996 RON
709,NAD,709 NAD
761,PKR,761 PKR
698,MDL,698 MDL
732,MOP,732 MOP
862,TRY,862 TRY
982,BGN,982 BGN
300,KPW,300 KPW
225,KGS,225 KGS
330,VEF,330 VEF
510,BAM,510 BAM
208,MNT,208 MNT
529,DKK,529 DKK
371,FKP,371 FKP
857,CAD,857 CAD
506,GEL,506 GEL
755,GBP,755 GBP
388,MRO,388 MRO
910,JEP,910 JEP
978,HTG,978 HTG
62,VEF,62 VEF
113,CVE,113 CVE
242,VUV,242 VUV
531,RSD,531 RSD
197,GYD,197 GYD
813,MOP,813 MOP
100,MZN,100 MZN
65,QAR,65 QAR
425,SEK,425 SEK
157,CNY,157 CNY
773,PKR,773 PKR
754,SZL,754 SZL
170,MGA,170 MGA
62,PYG,62 PYG
431,MUR,431 MUR
816,LAK,816 LAK
615,JPY,615 JPY
685,DJF,685 DJF
164,QAR,164 QAR
577,MWK,577 MWK
700,ALL,700 ALL
529,CUC,529 CUC
623,SYP,623 SYP
237,MNT,237 MNT
484,DZD,484 DZD
652,BMD,652 BMD
726,ERN,726 ERN
405,SGD,405 SGD
803,USD,803 USD
634,TJS,634 TJS
549,USD,549 USD
626,IRR,626 IRR
155,AED,155 AED
7,EUR,7 EUR
332,UZS,332 UZS
610,CUC,610 CUC
529,UGX,529 UGX
102,GIP,102 GIP
976,IMP,976 IMP
182,CUC,182 CUC
876,BDT,876 BDT
96,PYG,96 PYG
358,UZS,358 UZS
426,ILS,426 ILS
192,RON,192 RON
607,JPY,607 JPY
928,DKK,928 DKK
507,JOD,507 JOD
186,DZD,186 DZD
738,KWD,738 KWD
337,BND,337 BND
456,DKK,456 DKK
838,CUP,838 CUP
756,SYP,756 SYP
637,SOS,637 SOS
922,INR,922 INR
434,EGP,434 EGP
886,HTG,886 HTG
330,MUR,330 MUR
541,NGN,541 NGN
679,PHP,679 PHP
507,CUP,507 CUP
250,AOA,250 AOA
259,AED,259 AED
452,SZL,452 SZL
135,BTN,135 BTN
24,BND,24 BND
294,NPR,294 NPR
9,GEL,9 GEL
605,BOB,605 BOB
930,NIS,930 NIS
293,GEL,293 GEL
390,ZMW,390 ZMW
656,BMD,656 BMD
611,PHP,611 PHP
868,CLP,868 CLP
511,ETB,511 ETB
502,LYD,502 LYD
969,DZD,969 DZD
249,OMR,249 OMR
968,BIF,968 BIF
654,TWD,654 TWD
445,JOD,445 JOD
986,MAD,986 MAD
745,PAB,745 PAB
985,MWK,985 MWK
737,SPL,737 SPL
857,CHF,857 CHF
789,HUF,789 HUF
666,ZAR,666 ZAR
10,MUR,10 MUR
493,XAF,493 XAF
949,JMD,949 JMD
567,AZN,567 AZN
687,HTG,687 HTG
141,NIS,141 NIS
765,STD,765 STD
699,COP,699 COP
983,XCD,983 XCD
955,MZN,955 MZN
223,RWF,223 RWF
815,DJF,815 DJF
489,AMD,489 AMD
538,MWK,538 MWK
71,XAF,71 XAF
668,TND,668 TND
761,AWG,761 AWG
138,NZD,138 NZD
892,KZT,892 KZT
571,SEK,571 SEK
538,BSD,538 BSD
160,VUV,160 VUV
581,CZK,581 CZK
581,XPF,581 XPF
186,SCR,186 SCR
798,PKR,798 PKR
648,LSL,648 LSL
97,HRK,97 HRK
681,IDR,681 IDR
461,HNL,461 HNL
646,MYR,646 MYR
132,ILS,132 ILS
549,HTG,549 HTG
140,TMT,140 TMT
689,VUV,689 VUV
628,GYD,628 GYD
211,MKD,211 MKD
837,PEN,837 PEN
489,SDG,489 SDG
64,AOA,64 AOA
30,KZT,30 KZT
463,HRK,463 HRK
817,MVR,817 MVR
178,LRD,178 LRD
517,KMF,517 KMF
781,SCR,781 SCR
449,BWP,449 BWP
117,BBD,117 BBD
683,KMF,683 KMF
401,ERN,401 ERN
953,COP,953 COP
634,NIO,634 NIO
21,COP,21 COP
883,STD,883 STD
77,XOF,77 XOF
556,NGN,556 NGN
481,ILS,481 ILS
347,IDR,347 IDR
256,LSL,256 LSL
133,ZAR,133 ZAR
875,SYP,875 SYP
351,EGP,351 EGP
953,CVE,953 CVE
232,SZL,232 SZL
85,DJF,85 DJF
960,IRR,960 IRR
671,SVC,671 SVC
231,HRK,231 HRK
58,BZD,58 BZD
612,STD,612 STD
282,NAD,282 NAD
658,ZWD,658 ZWD
45,CZK,45 CZK
371,AZN,371 AZN
805,JOD,805 JOD
35,BAM,35 BAM
83,BIF,83 BIF
99,ERN,99 ERN
923,MXN,923 MXN
694,PEN,694 PEN
386,TND,386 TND
1,XPF,1 XPF
386,AFN,386 AFN
545,KMF,545 KMF
590,IRR,590 IRR
208,INR,208 INR
497,ZWD,497 ZWD
191,AFN,191 AFN
171,BIF,171 BIF
304,RWF,304 RWF
719,STD,719 STD
647,BZD,647 BZD
650,BGN,650 BGN
49,NPR,49 NPR
618,KHR,618 KHR
571,CNY,571 CNY
946,COP,946 COP
974,SVC,974 SVC
673,XCD,673 XCD
448,CRC,448 CRC
470,LKR,470 LKR
245,JMD,245 JMD
750,BMD,750 BMD
973,TOP,973 TOP
166,KMF,166 KMF
296,KZT,296 KZT
794,MKD,794 MKD
388,AOA,388 AOA
100,SLL,100 SLL
269,PLN,269 PLN
504,HUF,504 HUF
934,DZD,934 DZD
996,ERN,996 ERN
138,VUV,138 VUV
633,RON,633 RON
636,BRL,636 BRL
105,GTQ,105 GTQ
165,CVE,165 CVE
86,TVD,86 TVD
919,IQD,919 IQD
647,OMR,647 OMR
333,GYD,333 GYD
260,GMD,260 GMD
706,PGK,706 PGK
908,NGN,908 NGN
221,BTN,221 BTN
980,CNY,980 CNY
457,HTG,457 HTG
551,GHS,551 GHS
594,BTN,594 BTN
621,NZD,621 NZD
751,NOK,751 NOK
445,MDL,445 MDL
608,PEN,608 PEN
972,BGN,972 BGN
570,SOS,570 SOS
908,PEN,908 PEN
26,AWG,26 AWG
39,MNT,39 MNT
584,CVE,584 CVE
140,BGN,140 BGN
536,MXN,536 MXN
936,LYD,936 LYD
13,ALL,13 ALL
978,MAD,978 MAD
677,IQD,677 IQD
579,BZD,579 BZD
682,ALL,682 ALL
172,BTN,172 BTN
900,TTD,900 TTD
859,PHP,859 PHP
549,RON,549 RON
84,LSL,84 LSL
351,AZN,351 AZN
277,GNF,277 GNF
67,KYD,67 KYD
705,PYG,705 PYG
251,CLP,251 CLP
299,TMT,299 TMT
112,LAK,112 LAK
411,BRL,411 BRL
983,ANG,983 ANG
256,SZL,256 SZL
748,PYG,748 PYG
639,THB,639 THB
383,DOP,383 DOP
594,VUV,594 VUV
731,KES,731 KES
594,SZL,594 SZL
912,NAD,912 NAD
630,BHD,630 BHD
733,NIO,733 NIO
173,GYD,173 GYD
397,KYD,397 KYD
987,GGP,987 GGP
395,GBP,395 GBP
255,ETB,255 ETB
535,XOF,535 XOF
154,TRY,154 TRY
901,BTN,901 BTN
378,BZD,378 BZD
407,XOF,407 XOF
827,TJS,827 TJS
285,MVR,285 MVR
146,XOF,146 XOF
117,LSL,117 LSL
922,XDR,922 XDR
339,EGP,339 EGP
862,UYU,862 UYU
211,GMD,211 GMD
447,AMD,447 AMD
840,AOA,840 AOA
355,CNY,355 CNY
806,BTN,806 BTN
851,LRD,851 LRD
114,EUR,114 EUR
187,LYD,187 LYD
760,EGP,760 EGP
790,BWP,790 BWP
206,LTL,206 LTL
98,NPR,98 NPR
547,CAD,547 CAD
47,EUR,47 EUR
996,JMD,996 JMD
582,BWP,582 BWP
697,HNL,697 HNL
628,RSD,628 RSD
244,LSL,244 LSL
860,XOF,860 XOF
675,PLN,675 PLN
471,JEP,471 JEP
273,GYD,273 GYD
789,SVC,789 SVC
233,TRY,233 TRY
41,LYD,41 LYD
667,JOD,667 JOD
1,BAM,1 BAM
996,NOK,996 NOK
591,GTQ,591 GTQ
388,TWD,388 TWD
960,DKK,960 DKK
652,MYR,652 MYR
747,THB,747 THB
508,SYP,508 SYP
785,PHP,785 PHP
375,QAR,375 QAR
773,UZS,773 UZS
970,IRR,970 IRR
82,GIP,82 GIP
10,MRO,10 MRO
918,SLL,918 SLL
606,SLL,606 SLL
160,UZS,160 UZS
328,BSD,328 BSD
453,FJD,453 FJD
533,AUD,533 AUD
572,MGA,572 MGA
233,LKR,233 LKR
271,SZL,271 SZL
304,JMD,304 JMD
127,BSD,127 BSD
335,GIP,335 GIP
868,SGD,868 SGD
932,AFN,932 AFN
953,BOB,953 BOB
589,LKR,589 LKR
341,JOD,341 JOD
260,THB,260 THB
533,EGP,533 EGP
446,THB,446 THB
126,KGS,126 KGS
536,GEL,536 GEL
768,KRW,768 KRW
876,ETB,876 ETB
59,BND,59 BND
530,UGX,530 UGX
62,HNL,62 HNL
708,PAB,708 PAB
721,ZAR,721 ZAR
14,ERN,14 ERN
634,ANG,634 ANG
898,THB,898 THB
8,BBD,8 BBD
527,KRW,527 KRW
877,BRL,877 BRL
170,DOP,170 DOP
38,RWF,38 RWF
85,BAM,85 BAM
189,PKR,189 PKR
733,ETB,733 ETB
920,SZL,920 SZL
656,RSD,656 RSD
824,HTG,824 HTG
248,KRW,248 KRW
724,TZS,724 TZS
352,SVC,352 SVC
566,AWG,566 AWG
233,EGP,233 EGP
692,SVC,692 SVC
693,KYD,693 KYD
232,CUP,232 CUP
172,SDG,172 SDG
415,NPR,415 NPR
355,AFN,355 AFN
792,FJD,792 FJD
972,CHF,972 CHF
158,NZD,158 NZD
174,NAD,174 NAD
542,UYU,542 UYU
928,AUD,928 AUD
878,GIP,878 GIP
791,GHS,791 GHS
304,YER,304 YER
215,TZS,215 TZS
587,COP,587 COP
188,EGP,188 EGP
248,PGK,248 PGK
738,MGA,738 MGA
66,ALL,66 ALL
426,BIF,426 BIF
545,BBD,545 BBD
535,MZN,535 MZN
367,KWD,367 KWD
142,PYG,142 PYG
192,KWD,192 KWD
259,BAM,259 BAM
502,KWD,502 KWD
427,LSL,427 LSL
450,SHP,450 SHP
679,SVC,679 SVC
438,TJS,438 TJS
287,UAH,287 UAH
461,VND,461 VND
259,NIO,259 NIO
653,XPF,653 XPF
743,HTG,743 HTG
837,CZK,837 CZK
603,MUR,603 MUR
223,MAD,223 MAD
248,AOA,248 AOA
997,PEN,997 PEN
670,ISK,670 ISK
260,SBD,260 SBD
934,CHF,934 CHF
593,LTL,593 LTL
545,PYG,545 PYG
110,BRL,110 BRL
114,MOP,114 MOP
976,KWD,976 KWD
822,SCR,822 SCR
870,INR,870 INR
785,HKD,785 HKD
245,LBP,245 LBP
198,SCR,198 SCR
410,KMF,410 KMF
568,MUR,568 MUR
650,PAB,650 PAB
691,CNY,691 CNY
363,NIO,363 NIO
264,CAD,264 CAD
115,KGS,115 KGS
458,FKP,458 FKP
413,CRC,413 CRC
683,EGP,683 EGP
183,NIS,183 NIS
86,TRY,86 TRY
698,AMD,698 AMD
23,UYU,23 UYU
438,TMT,438 TMT
599,PEN,599 PEN
53,BWP,53 BWP
754,SAR,754 SAR
132,GIP,132 GIP
761,CUC,761 CUC
247,TRY,247 TRY
416,ERN,416 ERN
590,LTL,590 LTL
105,PAB,105 PAB
715,LAK,715 LAK
848,DJF,848 DJF
482,LBP,482 LBP
875,AUD,875 AUD
558,CDF,558 CDF
780,AED,780 AED
963,AUD,963 AUD
263,LRD,263 LRD
980,SGD,980 SGD
347,SHP,347 SHP
2,SEK,2 SEK
797,TZS,797 TZS
898,SOS,898 SOS
542,SAR,542 SAR
480,MNT,480 MNT
775,CUP,775 CUP
54,TVD,54 TVD
136,TVD,136 TVD
618,HUF,618 HUF
346,BYR,346 BYR
76,GGP,76 GGP
664,KZT,664 KZT
593,LKR,593 LKR
281,JMD,281 JMD
368,SDG,368 SDG
306,GEL,306 GEL
898,CDF,898 CDF
712,MAD,712 MAD
293,LTL,293 LTL
698,PYG,698 PYG
394,NAD,394 NAD
764,BBD,764 BBD
684,KHR,684 KHR
933,JMD,933 JMD
947,CHF,947 CHF
372,EGP,372 EGP
605,BHD,605 BHD
570,ILS,570 ILS
47,CUP,47 CUP
339,ZAR,339 ZAR
875,NIS,875 NIS
945,VEF,945 VEF
800,LTL,800 LTL
868,BSD,868 BSD
348,GGP,348 GGP
224,WST,224 WST
447,TWD,447 TWD
803,KZT,803 KZT
687,IQD,687 IQD
419,MWK,419 MWK
345,KWD,345 KWD
194,UZS,194 UZS
661,VUV,661 VUV
412,RSD,412 RSD
981,CDF,981 CDF
397,VUV,397 VUV
129,AED,129 AED
278,CUC,278 CUC
348,ILS,348 ILS
859,BAM,859 BAM
935,UGX,935 UGX
75,DKK,75 DKK
463,IQD,463 IQD
146,MDL,146 MDL
990,KRW,990 KRW
570,CLP,570 CLP
185,ETB,185 ETB
156,SEK,156 SEK
720,GNF,720 GNF
554,CUP,554 CUP
961,AMD,961 AMD
9,CUC,9 CUC
151,KWD,151 KWD
44,UAH,44 UAH
16,USD,16 USD
252,GBP,252 GBP
159,IMP,159 IMP
612,MMK,612 MMK
56,JMD,56 JMD
15,MAD,15 MAD
362,CZK,362 CZK
826,BYR,826 BYR
623,KES,623 KES
92,SLL,92 SLL
26,SDG,26 SDG
971,BBD,971 BBD
107,TWD,107 TWD
781,TMT,781 TMT
297,SBD,297 SBD
145,MXN,145 MXN
555,SLL,555 SLL
790,RUB,790 RUB
802,VND,802 VND
705,PYG,705 PYG
800,KWD,800 KWD
233,SVC,233 SVC
523,FJD,523 FJD
785,FJD,785 FJD
422,WST,422 WST
169,IDR,169 IDR
125,IMP,125 IMP
458,HUF,458 HUF
783,KRW,783 KRW
708,MRO,708 MRO
57,BSD,57 BSD
620,NOK,620 NOK
953,GMD,953 GMD
309,GGP,309 GGP
633,BZD,633 BZD
575,GGP,575 GGP
524,SEK,524 SEK
84,ZAR,84 ZAR
769,ILS,769 ILS
451,USD,451 USD
780,XCD,780 XCD
529,SEK,529 SEK
811,LKR,811 LKR
56,MNT,56 MNT
14,CHF,14 CHF
612,SEK,612 SEK
172,EGP,172 EGP
279,LSL,279 LSL
609,BMD,609 BMD
288,AZN,288 AZN
953,MZN,953 MZN
369,SDG,369 SDG
718,MYR,718 MYR
724,CZK,724 CZK
992,WST,992 WST
988,SPL,988 SPL
278,RSD,278 RSD
72,TRY,72 TRY
749,ERN,749 ERN
804,AFN,804 AFN
403,STD,403 STD
841,SRD,841 SRD
89,MXN,89 MXN
94,MRO,94 MRO
278,ZWD,278 ZWD
752,BDT,752 BDT
836,KMF,836 KMF
688,LKR,688 LKR
198,VND,198 VND
689,AWG,689 AWG
147,MUR,147 MUR
914,KMF,914 KMF
499,TMT,499 TMT
76,BGN,76 BGN
914,IMP,914 IMP
839,IQD,839 IQD
325,MNT,325 MNT
725,GGP,725 GGP
2,LAK,2 LAK
167,INR,167 INR
971,KMF,971 KMF
586,GGP,586 GGP
216,DKK,216 DKK
344,TMT,344 TMT
213,PHP,213 PHP
329,BDT,329 BDT
555,BYR,555 BYR
448,TOP,448 TOP
136,HKD,136 HKD
985,BMD,985 BMD
26,JMD,26 JMD
433,CUP,433 CUP
925,HNL,925 HNL
145,AMD,145 AMD
687,USD,687 USD
896,YER,896 YER
475,YER,475 YER
977,SZL,977 SZL
502,KWD,502 KWD
982,CLP,982 CLP
417,MNT,417 MNT
150,MRO,150 MRO
697,AMD,697 AMD
498,KZT,498 KZT
976,NZD,976 NZD
17,GBP,17 GBP
939,MOP,939 MOP
562,TRY,562 TRY
945,MVR,945 MVR
378,NIO,378 NIO
260,ZWD,260 ZWD
998,MNT,998 MNT
571,SZL,571 SZL
947,XCD,947 XCD
109,BHD,109 BHD
216,MXN,216 MXN
223,JEP,223 JEP
131,SRD,131 SRD
542,TZS,542 TZS
634,NOK,634 NOK
937,AZN,937 AZN
887,NAD,887 NAD
700,SLL,700 SLL
307,CVE,307 CVE
365,BGN,365 BGN
202,GEL,202 GEL
340,XCD,340 XCD
174,CHF,174 CHF
176,IRR,176 IRR
41,NPR,41 NPR
957,BZD,957 BZD
106,TND,106 TND
875,BDT,875 BDT
470,TMT,470 TMT
660,BSD,660 BSD
87,UGX,87 UGX
514,TMT,514 TMT
355,TND,355 TND
545,VND,545 VND
531,OMR,531 OMR
699,KPW,699 KPW
487,MXN,487 MXN
874,VEF,874 VEF
854,EGP,854 EGP
636,STD,636 STD
482,XCD,482 XCD
793,LYD,793 LYD
336,MAD,336 MAD
161,IDR,161 IDR
476,MDL,476 MDL
142,SGD,142 SGD
272,MYR,272 MYR
121,TJS,121 TJS
86,KZT,86 KZT
691,ARS,691 ARS
839,HUF,839 HUF
797,GHS,797 GHS
363,VEF,363 VEF
665,LTL,665 LTL
53,LAK,53 LAK
674,SCR,674 SCR
704,XDR,704 XDR
824,GIP,824 GIP
429,UZS,429 UZS
711,VEF,711 VEF
206,DJF,206 DJF
842,NIS,842 NIS
478,NAD,478 NAD
292,GBP,292 GBP
935,BAM,935 BAM
314,IMP,314 IMP
66,CDF,66 CDF
272,MAD,272 MAD
532,MZN,532 MZN
196,CNY,196 CNY
731,LBP,731 LBP
976,BRL,976 BRL
751,TTD,751 TTD
894,PGK,894 PGK
754,BGN,754 BGN
892,NPR,892 NPR
761,BOB,761 BOB
205,BRL,205 BRL
592,GIP,592 GIP
327,TTD,327 TTD
426,SEK,426 SEK
51,PHP,51 PHP
479,BBD,479 BBD
585,ZWD,585 ZWD
870,SRD,870 SRD
858,GMD,858 GMD
446,KGS,446 KGS
491,HTG,491 HTG
445,ARS,445 ARS
325,LAK,325 LAK
454,EUR,454 EUR
840,TND,840 TND
798,ILS,798 ILS
584,BSD,584 BSD
926,NGN,926 NGN
830,NIO,830 NIO
736,HRK,736 HRK
937,CNY,937 CNY
956,KPW,956 KPW
292,LAK,292 LAK
863,DKK,863 DKK
230,MGA,230 MGA
53,AZN,53 AZN
296,XAF,296 XAF
420,DOP,420 DOP
67,MYR,67 MYR
32,AZN,32 AZN
308,MOP,308 MOP
514,MXN,514 MXN
551,ERN,551 ERN
685,HKD,685 HKD
230,ZWD,230 ZWD
953,AUD,953 AUD
443,HKD,443 HKD
695,HKD,695 HKD
702,BTN,702 BTN
284,ARS,284 ARS
322,JOD,322 JOD
823,RSD,823 RSD
172,FKP,172 FKP
468,NGN,468 NGN
510,MAD,510 MAD
165,BND,165 BND
587,SPL,587 SPL
455,PGK,455 PGK
886,KES,886 KES
119,AUD,119 AUD
155,AZN,155 AZN
988,PHP,988 PHP
316,UGX,316 UGX
68,TOP,68 TOP
596,UGX,596 UGX
797,ZWD,797 ZWD
153,BND,153 BND
971,ERN,971 ERN
744,BOB,744 BOB
239,BYR,239 BYR
650,KES,650 KES
887,KZT,887 KZT
903,TRY,903 TRY
369,RWF,369 RWF
191,COP,191 COP
263,WST,263 WST
224,LAK,224 LAK
931,TRY,931 TRY
740,INR,740 INR
383,RSD,383 RSD
254,TRY,254 TRY
519,KZT,519 KZT
558,MOP,558 MOP
877,NGN,877 NGN
878,UGX,878 UGX
855,LYD,855 LYD
604,TJS,604 TJS
953,SVC,953 SVC
138,JOD,138 JOD
421,MRO,421 MRO
724,AZN,724 AZN
805,KWD,805 KWD
927,JPY,927 JPY
811,NOK,811 NOK
137,TZS,137 TZS
68,LSL,68 LSL
472,KES,472 KES
225,AWG,225 AWG
683,TJS,683 TJS
738,PGK,738 PGK
1,ERN,1 ERN
361,SCR,361 SCR
709,KZT,709 KZT
377,TMT,377 TMT
255,HUF,255 HUF
911,IQD,911 IQD
513,MYR,513 MYR
123,CNY,123 CNY
190,NZD,190 NZD
421,AUD,421 AUD
321,XCD,321 XCD
385,FKP,385 FKP
336,TVD,336 TVD
829,AUD,829 AUD
268,ARS,268 ARS
80,RUB,80 RUB
779,MYR,779 MYR
554,MNT,554 MNT
827,NAD,827 NAD
136,KES,136 KES
538,JEP,538 JEP
720,UZS,720 UZS
473,AWG,473 AWG
478,BGN,478 BGN
136,ANG,136 ANG
946,PGK,946 PGK
574,BYR,574 BYR
790,IMP,790 IMP
477,DKK,477 DKK
548,IQD,548 IQD
225,TRY,225 TRY
7,HRK,7 HRK
558,BGN,558 BGN
484,ILS,484 ILS
589,TRY,589 TRY
180,STD,180 STD
841,OMR,841 OMR
503,LSL,503 LSL
963,NPR,963 NPR
6,KWD,6 KWD
502,SVC,502 SVC
733,KES,733 KES
304,CRC,304 CRC
102,MXN,102 MXN
980,BOB,980 BOB
789,BAM,789 BAM
261,TJS,261 TJS
298,UAH,298 UAH
726,ARS,726 ARS
717,SPL,717 SPL
320,DKK,320 DKK
913,ANG,913 ANG
131,LYD,131 LYD
290,BMD,290 BMD
978,COP,978 COP
465,SOS,465 SOS
279,TMT,279 TMT
279,HNL,279 HNL
960,DJF,960 DJF
186,JMD,186 JMD
25,THB,25 THB
2,KHR,2 KHR
53,COP,53 COP
609,NAD,609 NAD
138,SAR,138 SAR
112,TND,112 TND
164,NPR,164 NPR
323,RSD,323 RSD
324,PAB,324 PAB
987,BND,987 BND
350,TOP,350 TOP
442,CDF,442 CDF
787,SVC,787 SVC
406,MUR,406 MUR
862,KGS,862 KGS
731,CAD,731 CAD
414,BDT,414 BDT
201,TJS,201 TJS
636,STD,636 STD
563,CUC,563 CUC
509,KZT,509 KZT
995,GEL,995 GEL
888,AMD,888 AMD
976,EGP,976 EGP
916,XAF,916 XAF
570,RON,570 RON
331,KGS,331 KGS
325,ZWD,325 ZWD
81,ZAR,81 ZAR
144,TVD,144 TVD
76,CDF,76 CDF
937,ISK,937 ISK
261,HRK,261 HRK
767,LBP,767 LBP
997,TRY,997 TRY
966,UZS,966 UZS
300,FKP,300 FKP
497,KPW,497 KPW
155,PYG,155 PYG
357,MWK,357 MWK
77,LAK,77 LAK
91,CUC,91 CUC
759,ANG,759 ANG
745,KRW,745 KRW
579,KRW,579 KRW
89,SAR,89 SAR
400,ANG,400 ANG
485,CZK,485 CZK
807,SYP,807 SYP
512,PAB,512 PAB
185,UYU,185 UYU
722,GNF,722 GNF
938,MVR,938 MVR
379,TRY,379 TRY
510,RWF,510 RWF
55,BSD,55 BSD
820,RON,820 RON
806,BYR,806 BYR
60,TJS,60 TJS
928,XCD,928 XCD
796,RWF,796 RWF
609,FKP,609 FKP
125,YER,125 YER
996,GIP,996 GIP
901,YER,901 YER
193,TZS,193 TZS
736,VEF,736 VEF
344,SLL,344 SLL
280,ZMW,280 ZMW
375,SLL,375 SLL
679,ETB,679 ETB
297,PHP,297 PHP
435,ARS,435 ARS
8,KRW,8 KRW
463,BHD,463 BHD
868,NIS,868 NIS
784,KES,784 KES
39,PEN,39 PEN
675,ILS,675 ILS
162,SGD,162 SGD
647,XAF,647 XAF
163,TMT,163 TMT
571,CHF,571 CHF
314,NAD,314 NAD
222,ERN,222 ERN
433,KGS,433 KGS
716,DZD,716 DZD
28,VUV,28 VUV
36,MOP,36 MOP
572,SLL,572 SLL
829,BHD,829 BHD
323,SHP,323 SHP
274,XDR,274 XDR
243,BDT,243 BDT
223,AUD,223 AUD
930,SAR,930 SAR
612,KHR,612 KHR
354,BSD,354 BSD
585,LSL,585 LSL
48,BOB,48 BOB
382,RON,382 RON
518,HTG,518 HTG
516,AED,516 AED
690,GMD,690 GMD
77,KWD,77 KWD
430,CZK,430 CZK
131,IDR,131 IDR
540,HNL,540 HNL
730,ERN,730 ERN
321,IRR,321 IRR
321,CRC,321 CRC
232,PGK,232 PGK
908,LTL,908 LTL
718,CRC,718 CRC
457,DOP,457 DOP
861,STD,861 STD
823,GHS,823 GHS
578,SVC,578 SVC
903,MGA,903 MGA
777,ZMW,777 ZMW
195,RSD,195 RSD
598,XDR,598 XDR
247,BIF,247 BIF
933,GIP,933 GIP
492,CNY,492 CNY
92,LYD,92 LYD
19,XOF,19 XOF
236,UZS,236 UZS
411,MWK,411 MWK
201,CHF,201 CHF
303,MOP,303 MOP
226,RSD,226 RSD
768,PLN,768 PLN
799,RON,799 RON
816,ZAR,816 ZAR
792,DKK,792 DKK
673,SCR,673 SCR
833,RWF,833 RWF
287,IQD,287 IQD
48,KGS,48 KGS
999,SYP,999 SYP
807,BGN,807 BGN
554,OMR,554 OMR
839,KYD,839 KYD
645,EGP,645 EGP
759,SOS,759 SOS
344,LKR,344 LKR
380,TVD,380 TVD
392,BAM,392 BAM
173,KHR,173 KHR
227,GNF,227 GNF
845,CHF,845 CHF
570,MWK,570 MWK
760,COP,760 COP
714,SZL,714 SZL
268,AWG,268 AWG
537,MYR,537 MYR
222,MZN,222 MZN
188,IDR,188 IDR
550,LRD,550 LRD
344,BRL,344 BRL
677,ZAR,677 ZAR
222,EGP,222 EGP
58,TJS,58 TJS
834,GNF,834 GNF
675,AUD,675 AUD
316,FJD,316 FJD
218,ZMW,218 ZMW
889,AMD,889 AMD
631,JEP,631 JEP
715,SYP,715 SYP
366,SCR,366 SCR
874,AMD,874 AMD
576,BND,576 BND
515,JMD,515 JMD
719,KZT,719 KZT
9,BIF,9 BIF
877,SEK,877 SEK
220,KGS,220 KGS
614,LRD,614 LRD
566,LBP,566 LBP
842,JPY,842 JPY
806,BGN,806 BGN
270,GNF,270 GNF
975,SCR,975 SCR
299,UAH,299 UAH
110,EUR,110 EUR
253,GHS,253 GHS
904,PHP,904 PHP
761,BTN,761 BTN
639,SBD,639 SBD
249,HRK,249 HRK
144,IDR,144 IDR
74,DOP,74 DOP
730,BND,730 BND
645,PGK,645 PGK
125,PGK,125 PGK
108,BMD,108 BMD
820,GMD,820 GMD
42,TJS,42 TJS
904,BGN,904 BGN
986,KMF,986 KMF
694,SZL,694 SZL
448,TJS,448 TJS
556,MUR,556 MUR
595,KZT,595 KZT
317,KRW,317 KRW
654,INR,654 INR
942,TZS,942 TZS
484,AUD,484 AUD
225,XCD,225 XCD
37,BAM,37 BAM
695,SAR,695 SAR
45,GMD,45 GMD
159,NOK,159 NOK
682,ISK,682 ISK
823,AED,823 AED
117,PAB,117 PAB
471,GNF,471 GNF
582,KPW,582 KPW
98,KPW,98 KPW
465,CRC,465 CRC
410,BYR,410 BYR
369,LYD,369 LYD
168,PEN,168 PEN
616,BOB,616 BOB
129,RWF,129 RWF
994,NAD,994 NAD
545,PHP,545 PHP
862,BZD,862 BZD
634,DJF,634 DJF
175,PHP,175 PHP
959,SVC,959 SVC
633,MAD,633 MAD
149,SOS,149 SOS
878,MGA,878 MGA
456,VND,456 VND
919,DJF,919 DJF
279,KWD,279 KWD
647,BWP,647 BWP
639,GTQ,639 GTQ
75,ARS,75 ARS
365,TVD,365 TVD
366,ETB,366 ETB
376,STD,376 STD
363,PHP,363 PHP
250,BSD,250 BSD
269,DKK,269 DKK
116,EUR,116 EUR
615,TJS,615 TJS
985,SYP,985 SYP
199,BYR,199 BYR
382,GEL,382 GEL
746,LKR,746 LKR
100,PYG,100 PYG
973,SRD,973 SRD
372,YER,372 YER
549,SHP,549 SHP
521,KES,521 KES
550,SPL,550 SPL
536,VEF,536 VEF
928,SVC,928 SVC
887,NAD,887 NAD
541,MYR,541 MYR
199,GIP,199 GIP
61,TWD,61 TWD
502,GGP,502 GGP
551,PGK,551 PGK
336,RWF,336 RWF
788,PLN,788 PLN
973,XCD,973 XCD
82,BMD,82 BMD
401,SLL,401 SLL
127,SYP,127 SYP
851,PLN,851 PLN
27,DZD,27 DZD
536,IMP,536 IMP
374,MYR,374 MYR
892,GIP,892 GIP
168,AWG,168 AWG
342,XAF,342 XAF
952,RUB,952 RUB
900,MNT,900 MNT
515,JMD,515 JMD
553,LAK,553 LAK
553,LRD,553 LRD
619,BDT,619 BDT
398,AFN,398 AFN
818,BZD,818 BZD
811,BYR,811 BYR
681,BGN,681 BGN
116,AOA,116 AOA
703,SDG,703 SDG
271,BRL,271 BRL
806,SDG,806 SDG
695,DKK,695 DKK
661,AFN,661 AFN
945,DZD,945 DZD
412,SCR,412 SCR
23,HRK,23 HRK
955,EUR,955 EUR
605,GEL,605 GEL
824,IQD,824 IQD
905,BOB,905 BOB
947,ALL,947 ALL
305,MVR,305 MVR
942,BYR,942 BYR
303,USD,303 USD
564,EGP,564 EGP
8,SCR,8 SCR
690,PGK,690 PGK
379,AWG,379 AWG
87,BBD,87 BBD
814,HUF,814 HUF
340,ERN,340 ERN
851,WST,851 WST
10,CDF,10 CDF
301,AOA,301 AOA
173,XDR,173 XDR
81,IMP,81 IMP
90,TND,90 TND
498,MMK,498 MMK
335,UYU,335 UYU
973,BAM,973 BAM
954,CNY,954 CNY
669,BHD,669 BHD
893,MRO,893 MRO
850,STD,850 STD
592,MNT,592 MNT
559,TWD,559 TWD
301,XCD,301 XCD
126,GYD,126 GYD
748,KYD,748 KYD
233,KRW,233 KRW
266,MOP,266 MOP
84,SLL,84 SLL
491,FKP,491 FKP
784,THB,784 THB
54,SAR,54 SAR
33,BHD,33 BHD
672,MOP,672 MOP
8,BND,8 BND
629,PYG,629 PYG
663,INR,663 INR
842,BTN,842 BTN
597,FJD,597 FJD
377,GTQ,377 GTQ
454,IMP,454 IMP
653,HTG,653 HTG
946,MVR,946 MVR
129,CAD,129 CAD
443,PAB,443 PAB
868,ILS,868 ILS
899,MRO,899 MRO
292,MYR,292 MYR
896,TTD,896 TTD
211,KPW,211 KPW
26,RWF,26 RWF
623,HRK,623 HRK
319,DZD,319 DZD
124,PAB,124 PAB
26,SOS,26 SOS
658,XAF,658 XAF
593,XOF,593 XOF
451,RWF,451 RWF
104,NIS,104 NIS
195,ALL,195 ALL
127,CUP,127 CUP
413,MDL,413 MDL
624,KRW,624 KRW
265,SOS,265 SOS
469,BND,469 BND
266,PGK,266 PGK
971,CDF,971 CDF
347,SGD,347 SGD
730,ISK,730 ISK
545,VUV,545 VUV
548,SOS,548 SOS
161,NIO,161 NIO
966,HTG,966 HTG
615,MXN,615 MXN
521,CNY,521 CNY
935,BRL,935 BRL
451,ARS,451 ARS
733,TVD,733 TVD
156,MNT,156 MNT
415,THB,415 THB
373,PAB,373 PAB
956,BWP,956 BWP
732,DJF,732 DJF
858,LKR,858 LKR
822,HNL,822 HNL
812,JEP,812 JEP
311,VEF,311 VEF
895,BGN,895 BGN
174,USD,174 USD
507,MKD,507 MKD
287,CAD,287 CAD
328,SGD,328 SGD
310,BIF,310 BIF
14,HUF,14 HUF
13,CLP,13 CLP
934,SPL,934 SPL
479,IQD,479 IQD
868,SGD,868 SGD
699,TJS,699 TJS
951,UYU,951 UYU
443,KRW,443 KRW
920,VND,920 VND
292,KGS,292 KGS
441,GHS,441 GHS
652,GYD,652 GYD
705,GMD,705 GMD
150,TZS,150 TZS
296,AWG,296 AWG
475,FJD,475 FJD
320,TRY,320 TRY
491,CAD,491 CAD
252,DZD,252 DZD
214,SRD,214 SRD
609,MWK,609 MWK
592,JMD,592 JMD
248,MUR,248 MUR
7,BWP,7 BWP
361,GGP,361 GGP
280,NPR,280 NPR
72,JMD,72 JMD
890,MVR,890 MVR
904,SGD,904 SGD
372,LBP,372 LBP
598,BRL,598 BRL
752,PGK,752 PGK
290,RSD,290 RSD
560,BZD,560 BZD
728,MWK,728 MWK
640,CAD,640 CAD
700,SPL,700 SPL
21,KMF,21 KMF
355,GHS,355 GHS
64,AMD,64 AMD
369,MUR,369 MUR
682,BIF,682 BIF
883,COP,883 COP
692,SEK,692 SEK
512,LKR,512 LKR
504,XCD,504 XCD
216,WST,216 WST
457,NGN,457 NGN
167,SCR,167 SCR
675,PHP,675 PHP
822,MOP,822 MOP
451,IDR,451 IDR
911,MGA,911 MGA
129,FKP,129 FKP
75,AFN,75 AFN
956,GGP,956 GGP
113,LRD,113 LRD
466,NIS,466 NIS
377,TND,377 TND
780,CVE,780 CVE
985,GNF,985 GNF
96,CAD,96 CAD
689,NIS,689 NIS
205,IQD,205 IQD
236,FJD,236 FJD
48,BGN,48 BGN
257,LAK,257 LAK
498,IMP,498 IMP
613,MRO,613 MRO
722,ANG,722 ANG
470,PHP,470 PHP
751,MYR,751 MYR
493,XAF,493 XAF
959,KES,959 KES
887,TTD,887 TTD
69,JEP,69 JEP
449,MUR,449 MUR
732,HUF,732 HUF
100,GIP,100 GIP
36,BND,36 BND
675,TJS,675 TJS
396,ARS,396 ARS
131,NGN,131 NGN
909,TZS,909 TZS
278,PYG,278 PYG
755,MXN,755 MXN
564,KES,564 KES
549,RON,549 RON
52,TVD,52 TVD
718,SAR,718 SAR
822,UAH,822 UAH
707,HRK,707 HRK
817,GMD,817 GMD
511,SDG,511 SDG
254,AMD,254 AMD
848,TMT,848 TMT
860,BIF,860 BIF
195,HNL,195 HNL
503,BND,503 BND
237,RON,237 RON
417,MVR,417 MVR
139,DJF,139 DJF
802,AED,802 AED
108,IQD,108 IQD
741,OMR,741 OMR
877,MXN,877 MXN
800,CVE,800 CVE
302,UGX,302 UGX
384,JPY,384 JPY
67,MRO,67 MRO
898,QAR,898 QAR
622,IRR,622 IRR
78,ZAR,78 ZAR
858,MYR,858 MYR
861,CRC,861 CRC
893,IQD,893 IQD
83,JEP,83 JEP
609,EGP,609 EGP
699,NIO,699 NIO
245,USD,245 USD
620,TZS,620 TZS
100,IRR,100 IRR
375,PGK,375 PGK
985,YER,985 YER
207,EGP,207 EGP
737,BND,737 BND
439,MMK,439 MMK
641,KPW,641 KPW
269,TVD,269 TVD
350,IQD,350 IQD
729,UZS,729 UZS
542,JPY,542 JPY
387,IDR,387 IDR
967,LKR,967 LKR
562,CRC,562 CRC
812,NAD,812 NAD
766,MRO,766 MRO
750,ISK,750 ISK
346,BOB,346 BOB
229,USD,229 USD
852,STD,852 STD
149,MZN,149 MZN
848,INR,848 INR
548,NPR,548 NPR
219,KGS,219 KGS
801,MVR,801 MVR
521,CHF,521 CHF
49,RUB,49 RUB
904,HNL,904 HNL
367,TJS,367 TJS
343,GNF,343 GNF
197,MYR,197 MYR
788,NPR,788 NPR
869,MGA,869 MGA
497,SBD,497 SBD
131,KHR,131 KHR
327,GBP,327 GBP
298,TRY,298 TRY
108,MXN,108 MXN
828,ALL,828 ALL
865,SDG,865 SDG
899,AUD,899 AUD
682,ISK,682 ISK
312,BOB,312 BOB
984,PAB,984 PAB
575,SYP,575 SYP
844,SAR,844 SAR
725,SPL,725 SPL
220,SAR,220 SAR
119,AFN,119 AFN
412,BSD,412 BSD
680,VEF,680 VEF
961,NOK,961 NOK
885,NIS,885 NIS
49,CVE,49 CVE
826,BZD,826 BZD
437,CDF,437 CDF
745,HTG,745 HTG
827,MNT,827 MNT
870,DJF,870 DJF
624,IMP,624 IMP
761,DZD,761 DZD
457,RON,457 RON
84,ZAR,84 ZAR
485,SAR,485 SAR
156,CHF,156 CHF
270,PHP,270 PHP
52,LYD,52 LYD
453,SOS,453 SOS
95,MMK,95 MMK
287,BYR,287 BYR
57,TRY,57 TRY
562,VUV,562 VUV
665,MRO,665 MRO
317,NOK,317 NOK
583,CUP,583 CUP
887,OMR,887 OMR
802,JEP,802 JEP
146,RWF,146 RWF
455,ISK,455 ISK
457,KPW,457 KPW
802,HUF,802 HUF
43,ZMW,43 ZMW
568,NIO,568 NIO
387,GGP,387 GGP
554,AFN,554 AFN
334,KMF,334 KMF
225,LKR,225 LKR
202,BSD,202 BSD
695,AUD,695 AUD
357,HKD,357 HKD
109,KWD,109 KWD
305,GGP,305 GGP
435,TJS,435 TJS
237,SLL,237 SLL
366,EUR,366 EUR
806,BMD,806 BMD
782,WST,782 WST
182,SYP,182 SYP
114,MZN,114 MZN
652,CNY,652 CNY
174,OMR,174 OMR
935,VEF,935 VEF
53,ISK,53 ISK
11,XPF,11 XPF
871,INR,871 INR
241,AMD,241 AMD
631,WST,631 WST
979,WST,979 WST
718,MXN,718 MXN
79,MZN,79 MZN
97,USD,97 USD
125,IRR,125 IRR
508,DOP,508 DOP
534,MAD,534 MAD
673,CZK,673 CZK
530,ARS,530 ARS
297,FKP,297 FKP
112,GEL,112 GEL
471,UYU,471 UYU
749,IRR,749 IRR
192,IMP,192 IMP
388,QAR,388 QAR
135,MVR,135 MVR
852,SRD,852 SRD
403,ERN,403 ERN
557,KPW,557 KPW
478,XPF,478 XPF
175,TMT,175 TMT
656,IQD,656 IQD
62,HUF,62 HUF
445,SRD,445 SRD
129,BYR,129 BYR
672,MRO,672 MRO
785,JOD,785 JOD
208,MRO,208 MRO
907,PHP,907 PHP
666,ANG,666 ANG
634,THB,634 THB
514,AOA,514 AOA
301,MVR,301 MVR
21,TRY,21 TRY
900,JMD,900 JMD
491,XDR,491 XDR
780,IMP,780 IMP
286,ZMW,286 ZMW
908,BMD,908 BMD
560,MRO,560 MRO
888,NIO,888 NIO
500,NIS,500 NIS
558,ILS,558 ILS
242,VND,242 VND
352,BTN,352 BTN
406,ALL,406 ALL
290,IQD,290 IQD
659,ALL,659 ALL
43,UAH,43 UAH
766,KRW,766 KRW
567,SCR,567 SCR
993,AMD,993 AMD
663,LBP,663 LBP
224,BZD,224 BZD
346,BWP,346 BWP
484,HTG,484 HTG
710,TZS,710 TZS
394,VND,394 VND
983,JEP,983 JEP
966,FJD,966 FJD
224,BHD,224 BHD
100,TND,100 TND
20,CDF,20 CDF
412,HNL,412 HNL
128,BOB,128 BOB
112,BHD,112 BHD
702,LTL,702 LTL
544,CLP,544 CLP
469,SRD,469 SRD
967,TND,967 TND
990,AED,990 AED
90,MYR,90 MYR
95,SHP,95 SHP
494,RUB,494 RUB
692,IRR,692 IRR
937,QAR,937 QAR
269,UGX,269 UGX
779,BMD,779 BMD
709,SBD,709 SBD
99,ILS,99 ILS
231,TOP,231 TOP
12,PKR,12 PKR
343,TOP,343 TOP
347,MMK,347 MMK
94,MAD,94 MAD
764,NIO,764 NIO
675,GBP,675 GBP
289,RON,289 RON
114,KHR,114 KHR
117,MDL,117 MDL
150,LTL,150 LTL
572,SBD,572 SBD
178,NAD,178 NAD
890,SCR,890 SCR
581,EUR,581 EUR
793,IQD,793 IQD
273,MUR,273 MUR
277,RWF,277 RWF
61,UAH,61 UAH
861,SHP,861 SHP
637,STD,637 STD
314,ARS,314 ARS
480,VND,480 VND
603,SZL,603 SZL
226,GIP,226 GIP
367,KZT,367 KZT
796,NPR,796 NPR
153,EUR,153 EUR
9,BYR,9 BYR
366,KYD,366 KYD
874,CAD,874 CAD
439,ETB,439 ETB
368,MGA,368 MGA
155,HRK,155 HRK
126,MUR,126 MUR
201,NAD,201 NAD
208,XCD,208 XCD
569,COP,569 COP
190,JPY,190 JPY
67,BRL,67 BRL
822,LYD,822 LYD
948,GIP,948 GIP
491,WST,491 WST
145,KES,145 KES
30,BGN,30 BGN
699,HRK,699 HRK
216,CLP,216 CLP
537,MRO,537 MRO
833,TRY,833 TRY
579,IMP,579 IMP
868,BRL,868 BRL
908,MMK,908 MMK
69,GNF,69 GNF
502,LTL,502 LTL
625,CRC,625 CRC
678,UGX,678 UGX
438,AMD,438 AMD
143,MMK,143 MMK
933,MWK,933 MWK
111,SVC,111 SVC
52,MOP,52 MOP
566,TMT,566 TMT
324,HNL,324 HNL
113,DJF,113 DJF
990,EUR,990 EUR
702,UYU,702 UYU
329,ZMW,329 ZMW
3,AZN,3 AZN
701,HRK,701 HRK
978,AMD,978 AMD
371,JPY,371 JPY
489,SHP,489 SHP
929,CVE,929 CVE
992,CAD,992 CAD
671,ISK,671 ISK
666,CLP,666 CLP
122,NGN,122 NGN
334,SDG,334 SDG
809,GTQ,809 GTQ
670,JOD,670 JOD
459,USD,459 USD
692,VND,692 VND
778,KMF,778 KMF
274,TTD,274 TTD
506,BMD,506 BMD
627,GMD,627 GMD
68,CNY,68 CNY
41,TMT,41 TMT
221,TMT,221 TMT
533,CAD,533 CAD
981,GNF,981 GNF
392,LYD,392 LYD
593,TZS,593 TZS
984,IQD,984 IQD
419,FJD,419 FJD
115,ZMW,115 ZMW
955,LRD,955 LRD
350,XOF,350 XOF
79,EGP,79 EGP
943,ERN,943 ERN
78,VEF,78 VEF
229,YER,229 YER
407,THB,407 THB
237,NIO,237 NIO
395,BGN,395 BGN
650,SDG,650 SDG
515,ERN,515 ERN
345,MDL,345 MDL
252,TOP,252 TOP
998,BRL,998 BRL
631,QAR,631 QAR
437,NAD,437 NAD
107,BMD,107 BMD
902,BYR,902 BYR
571,CHF,571 CHF
602,BMD,602 BMD
573,HKD,573 HKD
183,GHS,183 GHS
75,MOP,75 MOP
792,HTG,792 HTG
774,UAH,774 UAH
298,KPW,298 KPW
447,TRY,447 TRY
289,IDR,289 IDR
886,KZT,886 KZT
589,GHS,589 GHS
195,CNY,195 CNY
33,KYD,33 KYD
451,EUR,451 EUR
439,KZT,439 KZT
420,QAR,420 QAR
906,CVE,906 CVE
637,AMD,637 AMD
403,GNF,403 GNF
949,JOD,949 JOD
194,MRO,194 MRO
582,AFN,582 AFN
665,GBP,665 GBP
794,KZT,794 KZT
315,BBD,315 BBD
656,SPL,656 SPL
944,TOP,944 TOP
839,UGX,839 UGX
385,TMT,385 TMT
903,MYR,903 MYR
337,SBD,337 SBD
286,VUV,286 VUV
256,SDG,256 SDG
54,NPR,54 NPR
443,NAD,443 NAD
550,MDL,550 MDL
912,AZN,912 AZN
257,JOD,257 JOD
126,TMT,126 TMT
754,OMR,754 OMR
227,VUV,227 VUV
449,DOP,449 DOP
278,ARS,278 ARS
195,FJD,195 FJD
2,MYR,2 MYR
878,EGP,878 EGP
277,COP,277 COP
810,MKD,810 MKD
260,ZMW,260 ZMW
468,LTL,468 LTL
612,KMF,612 KMF
314,SDG,314 SDG
990,CLP,990 CLP
225,VUV,225 VUV
847,UZS,847 UZS
906,AED,906 AED
783,BMD,783 BMD
556,DKK,556 DKK
77,RWF,77 RWF
645,BYR,645 BYR
468,SGD,468 SGD
284,JOD,284 JOD
935,PEN,935 PEN
576,KHR,576 KHR
773,DJF,773 DJF
687,PGK,687 PGK
621,LTL,621 LTL
533,BMD,533 BMD
252,DJF,252 DJF
65,TMT,65 TMT
496,DOP,496 DOP
154,TTD,154 TTD
701,BRL,701 BRL
595,AFN,595 AFN
234,ZAR,234 ZAR
95,SBD,95 SBD
409,FJD,409 FJD
436,XOF,436 XOF
997,TJS,997 TJS
43,IRR,43 IRR
618,XOF,618 XOF
95,BHD,95 BHD
393,BTN,393 BTN
648,TJS,648 TJS
260,CUC,260 CUC
594,AED,594 AED
490,ZWD,490 ZWD
12,XOF,12 XOF
203,STD,203 STD
397,TJS,397 TJS
508,IMP,508 IMP
981,KES,981 KES
549,AWG,549 AWG
928,MVR,928 MVR
475,LAK,475 LAK
101,KES,101 KES
357,YER,357 YER
194,JOD,194 JOD
985,JOD,985 JOD
86,LBP,86 LBP
105,STD,105 STD
251,ANG,251 ANG
136,MDL,136 MDL
561,GGP,561 GGP
157,BOB,157 BOB
704,CLP,704 CLP
789,KMF,789 KMF
684,MYR,684 MYR
870,EUR,870 EUR
73,LKR,73 LKR
90,GHS,90 GHS
589,MZN,589 MZN
239,KYD,239 KYD
887,BYR,887 BYR
546,GGP,546 GGP
410,PAB,410 PAB
779,DKK,779 DKK
446,NIO,446 NIO
926,ALL,926 ALL
234,ZWD,234 ZWD
731,GGP,731 GGP
182,IDR,182 IDR
583,FJD,583 FJD
386,GGP,386 GGP
142,GTQ,142 GTQ
874,WST,874 WST
905,SEK,905 SEK
955,AWG,955 AWG
101,SAR,101 SAR
92,UYU,92 UYU
985,SBD,985 SBD
410,NZD,410 NZD
90,XCD,90 XCD
38,CHF,38 CHF
753,STD,753 STD
728,CRC,728 CRC
451,NGN,451 NGN
902,BAM,902 BAM
206,MWK,206 MWK
935,KGS,935 KGS
353,TOP,353 TOP
661,HRK,661 HRK
956,HNL,956 HNL
987,WST,987 WST
757,ANG,757 ANG
434,RWF,434 RWF
447,TVD,447 TVD
434,BBD,434 BBD
175,TRY,175 TRY
173,DKK,173 DKK
586,DJF,586 DJF
267,VUV,267 VUV
667,AED,667 AED
336,BAM,336 BAM
978,RWF,978 RWF
66,SZL,66 SZL
79,DJF,79 DJF
310,MOP,310 MOP
807,BSD,807 BSD
896,EGP,896 EGP
61,DJF,61 DJF
317,AZN,317 AZN
600,GGP,600 GGP
400,GMD,400 GMD
585,SZL,585 SZL
9,AOA,9 AOA
518,JPY,518 JPY
987,CZK,987 CZK
914,TJS,914 TJS
460,NAD,460 NAD
57,MWK,57 MWK
613,BDT,613 BDT
243,TRY,243 TRY
234,PGK,234 PGK
456,MRO,456 MRO
824,VND,824 VND
916,CLP,916 CLP
512,KZT,512 KZT
42,LKR,42 LKR
225,FKP,225 FKP
480,CZK,480 CZK
954,TND,954 TND
98,MRO,98 MRO
842,ILS,842 ILS
859,TRY,859 TRY
339,NZD,339 NZD
677,CLP,677 CLP
926,SOS,926 SOS
899,DOP,899 DOP
955,LYD,955 LYD
945,BAM,945 BAM
55,SVC,55 SVC
57,KHR,57 KHR
290,MXN,290 MXN
363,RSD,363 RSD
781,KMF,781 KMF
153,CVE,153 CVE
856,MGA,856 MGA
560,RSD,560 RSD
415,ZMW,415 ZMW
658,OMR,658 OMR
210,LSL,210 LSL
288,QAR,288 QAR
114,XDR,114 XDR
352,HRK,352 HRK
48,AMD,48 AMD
705,FJD,705 FJD
510,ZWD,510 ZWD
140,CAD,140 CAD
754,LAK,754 LAK
165,ERN,165 ERN
252,MDL,252 MDL
587,VEF,587 VEF
933,PHP,933 PHP
255,INR,255 INR
140,MZN,140 MZN
745,RON,745 RON
125,GMD,125 GMD
772,EUR,772 EUR
200,XCD,200 XCD
398,XOF,398 XOF
892,GEL,892 GEL
217,RWF,217 RWF
68,LTL,68 LTL
491,CVE,491 CVE
555,MWK,555 MWK
559,EUR,559 EUR
39,XDR,39 XDR
960,CUC,960 CUC
267,YER,267 YER
886,SPL,886 SPL
582,MWK,582 MWK
92,KYD,92 KYD
469,BAM,469 BAM
590,MRO,590 MRO
377,BZD,377 BZD
738,VUV,738 VUV
260,HNL,260 HNL
789,DOP,789 DOP
934,GYD,934 GYD
93,GNF,93 GNF
437,ZMW,437 ZMW
37,NAD,37 NAD
56,TND,56 TND
920,JPY,920 JPY
963,MXN,963 MXN
930,BYR,930 BYR
369,GNF,369 GNF
596,KMF,596 KMF
172,BRL,172 BRL
310,KHR,310 KHR
343,LTL,343 LTL
501,HRK,501 HRK
507,IRR,507 IRR
393,UGX,393 UGX
6,XDR,6 XDR
422,CDF,422 CDF
43,PKR,43 PKR
526,CZK,526 CZK
646,MZN,646 MZN
565,CRC,565 CRC
481,TND,481 TND
30,NAD,30 NAD
217,CZK,217 CZK
235,PYG,235 PYG
932,SVC,932 SVC
328,ISK,328 ISK
189,UGX,189 UGX
911,LTL,911 LTL
593,SVC,593 SVC
152,NGN,152 NGN
454,UAH,454 UAH
512,TJS,512 TJS
599,SCR,599 SCR
122,MZN,122 MZN
806,MGA,806 MGA
256,AMD,256 AMD
213,MNT,213 MNT
113,JPY,113 JPY
251,PHP,251 PHP
291,LYD,291 LYD
406,PYG,406 PYG
697,GBP,697 GBP
832,RSD,832 RSD
949,XPF,949 XPF
563,SVC,563 SVC
795,KPW,795 KPW
479,AFN,479 AFN
708,GTQ,708 GTQ
741,XDR,741 XDR
977,USD,977 USD
809,GNF,809 GNF
989,THB,989 THB
885,NOK,885 NOK
26,LBP,26 LBP
680,HTG,680 HTG
78,IRR,78 IRR
426,AZN,426 AZN
442,CNY,442 CNY
893,MNT,893 MNT
273,MDL,273 MDL
966,BIF,966 BIF
551,PAB,551 PAB
522,AFN,522 AFN
178,JPY,178 JPY
774,KHR,774 KHR
628,MXN,628 MXN
807,AUD,807 AUD
234,WST,234 WST
263,IQD,263 IQD
460,KGS,460 KGS
722,VND,722 VND
562,MRO,562 MRO
496,ETB,496 ETB
328,TRY,328 TRY
474,MYR,474 MYR
89,ILS,89 ILS
317,GGP,317 GGP
518,XCD,518 XCD
856,BOB,856 BOB
263,IQD,263 IQD
33,LRD,33 LRD
599,IRR,599 IRR
297,BND,297 BND
687,CUC,687 CUC
574,SRD,574 SRD
935,USD,935 USD
824,PGK,824 PGK
595,BOB,595 BOB
198,DOP,198 DOP
217,GYD,217 GYD
913,MYR,913 MYR
267,SEK,267 SEK
192,UAH,192 UAH
997,EGP,997 EGP
657,SGD,657 SGD
137,BOB,137 BOB
583,LAK,583 LAK
147,GMD,147 GMD
325,GYD,325 GYD
417,SDG,417 SDG
675,CLP,675 CLP
994,KHR,994 KHR
687,MVR,687 MVR
687,QAR,687 QAR
584,ISK,584 ISK
429,SOS,429 SOS
397,CAD,397 CAD
676,XOF,676 XOF
969,PGK,969 PGK
244,GGP,244 GGP
522,KGS,522 KGS
926,KYD,926 KYD
685,AZN,685 AZN
202,SHP,202 SHP
882,LTL,882 LTL
100,ARS,100 ARS
494,IRR,494 IRR
57,KWD,57 KWD
611,SRD,611 SRD
788,GGP,788 GGP
81,BTN,81 BTN
813,HTG,813 HTG
944,PLN,944 PLN
759,JPY,759 JPY
710,DOP,710 DOP
210,AOA,210 AOA
952,GTQ,952 GTQ
1,LRD,1 LRD
427,AZN,427 AZN
552,LYD,552 LYD
66,TZS,66 TZS
190,SHP,190 SHP
108,LSL,108 LSL
22,TND,22 TND
536,UAH,536 UAH
999,KZT,999 KZT
556,MXN,556 MXN
891,MUR,891 MUR
406,HUF,406 HUF
695,BAM,695 BAM
707,FJD,707 FJD
342,ISK,342 ISK
100,PLN,100 PLN
817,STD,817 STD
210,PLN,210 PLN
459,CLP,459 CLP
196,SCR,196 SCR
99,DKK,99 DKK
50,KGS,50 KGS
232,BIF,232 BIF
592,NZD,592 NZD
659,BGN,659 BGN
899,TTD,899 TTD
672,MAD,672 MAD
630,SPL,630 SPL
263,IQD,263 IQD
394,FJD,394 FJD
396,GGP,396 GGP
402,MNT,402 MNT
274,PAB,274 PAB
145,PEN,145 PEN
281,VUV,281 VUV
34,WST,34 WST
312,ARS,312 ARS
824,ERN,824 ERN
236,PEN,236 PEN
603,VUV,603 VUV
613,BDT,613 BDT
62,SAR,62 SAR
364,NOK,364 NOK
283,SGD,283 SGD
61,ZAR,61 ZAR
643,SZL,643 SZL
885,NGN,885 NGN
270,XDR,270 XDR
319,SEK,319 SEK
533,SBD,533 SBD
881,UZS,881 UZS
512,BZD,512 BZD
289,CLP,289 CLP
876,MYR,876 MYR
977,LBP,977 LBP
955,CAD,955 CAD
542,BZD,542 BZD
128,CHF,128 CHF
290,TVD,290 TVD
719,MVR,719 MVR
314,SRD,314 SRD
387,PAB,387 PAB
904,MVR,904 MVR
676,IQD,676 IQD
750,TRY,750 TRY
132,WST,132 WST
478,KES,478 KES
190,FKP,190 FKP
243,GMD,243 GMD
55,SEK,55 SEK
465,MZN,465 MZN
147,BHD,147 BHD
135,ISK,135 ISK
735,TRY,735 TRY
493,MGA,493 MGA
250,SOS,250 SOS
145,AUD,145 AUD
839,UYU,839 UYU
499,ZWD,499 ZWD
983,BDT,983 BDT
680,BHD,680 BHD
348,DKK,348 DKK
408,JPY,408 JPY
918,BZD,918 BZD
299,CNY,299 CNY
792,SLL,792 SLL
935,CHF,935 CHF
592,MNT,592 MNT
423,COP,423 COP
62,KWD,62 KWD
880,SDG,880 SDG
1,IDR,1 IDR
1000,LSL,1000 LSL
53,ZWD,53 ZWD
386,DOP,386 DOP
897,GNF,897 GNF
307,ILS,307 ILS
836,ERN,836 ERN
981,KRW,981 KRW
693,GTQ,693 GTQ
2,OMR,2 OMR
208,GMD,208 GMD
407,SHP,407 SHP
959,SPL,959 SPL
248,MDL,248 MDL
908,MNT,908 MNT
498,MDL,498 MDL
512,IDR,512 IDR
177,GEL,177 GEL
274,LYD,274 LYD
629,DKK,629 DKK
861,AMD,861 AMD
410,MOP,410 MOP
130,PKR,130 PKR
62,SBD,62 SBD
712,CHF,712 CHF
333,LKR,333 LKR
346,CUP,346 CUP
976,GTQ,976 GTQ
977,KGS,977 KGS
164,BMD,164 BMD
376,BSD,376 BSD
576,FKP,576 FKP
22,TWD,22 TWD
684,SGD,684 SGD
584,SZL,584 SZL
303,MYR,303 MYR
483,LYD,483 LYD
680,ISK,680 ISK
295,GIP,295 GIP
585,MUR,585 MUR
837,NAD,837 NAD
681,TZS,681 TZS
760,BGN,760 BGN
15,UAH,15 UAH
716,STD,716 STD
599,SYP,599 SYP
187,MKD,187 MKD
305,KGS,305 KGS
32,KYD,32 KYD
415,HKD,415 HKD
772,CUP,772 CUP
97,CZK,97 CZK
612,IRR,612 IRR
937,IMP,937 IMP
624,RUB,624 RUB
525,HKD,525 HKD
492,BAM,492 BAM
823,MOP,823 MOP
548,TRY,548 TRY
751,HNL,751 HNL
911,CRC,911 CRC
550,NPR,550 NPR
529,AOA,529 AOA
765,LSL,765 LSL
854,MDL,854 MDL
969,MGA,969 MGA
573,STD,573 STD
814,AMD,814 AMD
257,ILS,257 ILS
305,BIF,305 BIF
654,GEL,654 GEL
954,IDR,954 IDR
527,IMP,527 IMP
487,KES,487 KES
564,KGS,564 KGS
520,EGP,520 EGP
868,KWD,868 KWD
3,LYD,3 LYD
537,BGN,537 BGN
507,JOD,507 JOD
906,CRC,906 CRC
159,GNF,159 GNF
31,GGP,31 GGP
34,CDF,34 CDF
762,SOS,762 SOS
582,CZK,582 CZK
931,MOP,931 MOP
575,SOS,575 SOS
875,PKR,875 PKR
549,UYU,549 UYU
425,XDR,425 XDR
879,XAF,879 XAF
569,BHD,569 BHD
202,FJD,202 FJD
755,KGS,755 KGS
619,BND,619 BND
744,SYP,744 SYP
681,CHF,681 CHF
362,BTN,362 BTN
80,PHP,80 PHP
944,PHP,944 PHP
908,BRL,908 BRL
497,AMD,497 AMD
215,DJF,215 DJF
873,YER,873 YER
843,TND,843 TND
218,IRR,218 IRR
284,RSD,284 RSD
302,ARS,302 ARS
890,SOS,890 SOS
668,TRY,668 TRY
204,JEP,204 JEP
478,BOB,478 BOB
914,FJD,914 FJD
791,INR,791 INR
253,FKP,253 FKP
421,NIS,421 NIS
655,PEN,655 PEN
240,BOB,240 BOB
3,AUD,3 AUD
682,BTN,682 BTN
79,SLL,79 SLL
404,MGA,404 MGA
554,ERN,554 ERN
719,BAM,719 BAM
762,ZAR,762 ZAR
122,AWG,122 AWG
872,KMF,872 KMF
404,LAK,404 LAK
697,PYG,697 PYG
369,BTN,369 BTN
976,MMK,976 MMK
195,FKP,195 FKP
101,ZMW,101 ZMW
160,TOP,160 TOP
569,ETB,569 ETB
597,BND,597 BND
755,PEN,755 PEN
341,RON,341 RON
659,PAB,659 PAB
387,MMK,387 MMK
453,SGD,453 SGD
486,GMD,486 GMD
789,DKK,789 DKK
108,LTL,108 LTL
501,LBP,501 LBP
695,UYU,695 UYU
123,XPF,123 XPF
547,KPW,547 KPW
70,SOS,70 SOS
17,MWK,17 MWK
81,JOD,81 JOD
480,XOF,480 XOF
826,DOP,826 DOP
32,NZD,32 NZD
999,SHP,999 SHP
583,INR,583 INR
660,ALL,660 ALL
778,XCD,778 XCD
808,IDR,808 IDR
343,ANG,343 ANG
180,TOP,180 TOP
512,EGP,512 EGP
350,XOF,350 XOF
660,SCR,660 SCR
68,AZN,68 AZN
115,LBP,115 LBP
991,IRR,991 IRR
423,TND,423 TND
559,RUB,559 RUB
175,LYD,175 LYD
513,MGA,513 MGA
458,GIP,458 GIP
388,AZN,388 AZN
728,ISK,728 ISK
731,JOD,731 JOD
199,BWP,199 BWP
951,TRY,951 TRY
342,IQD,342 IQD
369,HNL,369 HNL
384,HKD,384 HKD
173,XCD,173 XCD
305,SCR,305 SCR
666,GNF,666 GNF
437,XCD,437 XCD
795,GBP,795 GBP
849,LYD,849 LYD
707,CNY,707 CNY
97,ZAR,97 ZAR
644,IRR,644 IRR
57,XDR,57 XDR
982,KZT,982 KZT
7,PGK,7 PGK
727,SZL,727 SZL
672,ANG,672 ANG
354,BIF,354 BIF
498,BOB,498 BOB
486,YER,486 YER
906,TTD,906 TTD
63,LYD,63 LYD
742,LAK,742 LAK
789,NPR,789 NPR
5,KES,5 KES
508,PKR,508 PKR
63,RON,63 RON
309,GEL,309 GEL
652,TOP,652 TOP
875,XPF,875 XPF
589,ERN,589 ERN
682,XPF,682 XPF
953,GTQ,953 GTQ
174,GHS,174 GHS
854,KYD,854 KYD
854,CRC,854 CRC
70,GYD,70 GYD
672,ALL,672 ALL
208,EGP,208 EGP
78,MKD,78 MKD
274,PGK,274 PGK
843,SHP,843 SHP
12,MNT,12 MNT
905,ILS,905 ILS
183,BRL,183 BRL
265,BMD,265 BMD
958,DJF,958 DJF
44,BMD,44 BMD
734,UZS,734 UZS
380,CLP,380 CLP
746,GGP,746 GGP
704,FJD,704 FJD
469,KZT,469 KZT
836,TZS,836 TZS
396,BSD,396 BSD
923,NIS,923 NIS
886,SPL,886 SPL
48,TWD,48 TWD
270,EUR,270 EUR
893,AMD,893 AMD
860,ZAR,860 ZAR
855,FJD,855 FJD
315,UAH,315 UAH
523,HTG,523 HTG
868,CNY,868 CNY
300,THB,300 THB
482,AFN,482 AFN
393,GNF,393 GNF
379,SAR,379 SAR
180,DOP,180 DOP
814,VUV,814 VUV
16,ISK,16 ISK
543,LKR,543 LKR
800,DOP,800 DOP
184,STD,184 STD
339,EUR,339 EUR
643,NIS,643 NIS
734,AUD,734 AUD
988,HNL,988 HNL
659,IDR,659 IDR
147,VUV,147 VUV
286,JPY,286 JPY
889,KMF,889 KMF
288,ZWD,288 ZWD
475,SGD,475 SGD
814,XCD,814 XCD
208,MXN,208 MXN
650,LTL,650 LTL
885,IQD,885 IQD
518,CRC,518 CRC
154,ISK,154 ISK
949,CLP,949 CLP
3,KPW,3 KPW
945,RWF,945 RWF
184,MAD,184 MAD
188,MKD,188 MKD
176,UYU,176 UYU
316,SHP,316 SHP
815,LYD,815 LYD
324,AMD,324 AMD
330,XAF,330 XAF
238,BSD,238 BSD
630,PLN,630 PLN
891,HUF,891 HUF
936,ETB,936 ETB
794,TRY,794 TRY
706,LAK,706 LAK
243,BHD,243 BHD
525,NGN,525 NGN
655,LBP,655 LBP
218,STD,218 STD
657,TWD,657 TWD
120,PHP,120 PHP
503,IDR,503 IDR
202,KYD,202 KYD
272,BGN,272 BGN
538,EUR,538 EUR
129,SBD,129 SBD
781,MOP,781 MOP
607,AWG,607 AWG
919,STD,919 STD
483,CHF,483 CHF
215,JEP,215 JEP
330,TTD,330 TTD
788,BMD,788 BMD
309,EUR,309 EUR
602,BOB,602 BOB
885,MUR,885 MUR
797,ZMW,797 ZMW
892,AZN,892 AZN
809,KZT,809 KZT
54,SZL,54 SZL
304,XCD,304 XCD
921,KRW,921 KRW
551,HKD,551 HKD
313,MGA,313 MGA
545,TJS,545 TJS
241,UAH,241 UAH
466,SZL,466 SZL
996,EGP,996 EGP
381,TND,381 TND
90,USD,90 USD
301,MOP,301 MOP
879,NOK,879 NOK
200,XDR,200 XDR
567,SBD,567 SBD
187,BND,187 BND
315,MAD,315 MAD
134,AMD,134 AMD
783,PAB,783 PAB
441,BAM,441 BAM
566,TZS,566 TZS
897,COP,897 COP
491,LTL,491 LTL
416,VEF,416 VEF
401,BWP,401 BWP
278,GMD,278 GMD
830,FKP,830 FKP
545,BMD,545 BMD
56,HUF,56 HUF
764,EUR,764 EUR
969,GIP,969 GIP
58,GTQ,58 GTQ
506,KHR,506 KHR
844,USD,844 USD
860,NZD,860 NZD
485,UGX,485 UGX
965,BDT,965 BDT
686,FKP,686 FKP
984,BDT,984 BDT
204,TND,204 TND
155,AUD,155 AUD
656,PGK,656 PGK
99,JOD,99 JOD
857,SAR,857 SAR
687,STD,687 STD
224,GMD,224 GMD
133,BTN,133 BTN
703,JEP,703 JEP
710,KGS,710 KGS
628,SLL,628 SLL
304,UAH,304 UAH
69,SOS,69 SOS
66,AUD,66 AUD
969,EGP,969 EGP
469,AUD,469 AUD
566,IRR,566 IRR
73,NOK,73 NOK
719,TMT,719 TMT
736,SCR,736 SCR
9,MNT,9 MNT
630,GHS,630 GHS
328,MVR,328 MVR
996,VND,996 VND
376,XDR,376 XDR
117,JEP,117 JEP
341,XOF,341 XOF
103,KMF,103 KMF
42,LYD,42 LYD
879,SYP,879 SYP
713,SCR,713 SCR
265,PYG,265 PYG
589,KWD,589 KWD
736,BHD,736 BHD
935,RUB,935 RUB
362,NOK,362 NOK
144,OMR,144 OMR
134,STD,134 STD
982,LSL,982 LSL
905,KGS,905 KGS
135,CHF,135 CHF
731,SRD,731 SRD
57,JPY,57 JPY
725,IRR,725 IRR
223,TRY,223 TRY
661,SGD,661 SGD
536,AOA,536 AOA
571,CHF,571 CHF
513,SOS,513 SOS
143,HUF,143 HUF
389,ANG,389 ANG
956,PYG,956 PYG
384,FJD,384 FJD
899,SHP,899 SHP
975,AOA,975 AOA
561,ERN,561 ERN
179,SPL,179 SPL
901,JPY,901 JPY
686,DKK,686 DKK
758,SZL,758 SZL
408,KHR,408 KHR
243,HKD,243 HKD
974,GBP,974 GBP
651,HRK,651 HRK
523,SEK,523 SEK
636,MRO,636 MRO
330,UGX,330 UGX
178,CZK,178 CZK
179,NIO,179 NIO
830,KPW,830 KPW
663,GIP,663 GIP
241,IRR,241 IRR
66,NPR,66 NPR
385,BOB,385 BOB
319,BWP,319 BWP
781,PYG,781 PYG
393,IQD,393 IQD
795,CZK,795 CZK
761,VEF,761 VEF
523,DJF,523 DJF
487,PGK,487 PGK
962,BWP,962 BWP
69,STD,69 STD
17,HRK,17 HRK
813,BMD,813 BMD
630,SOS,630 SOS
944,UGX,944 UGX
781,BBD,781 BBD
738,ILS,738 ILS
952,MOP,952 MOP
253,MOP,253 MOP
115,BBD,115 BBD
145,SZL,145 SZL
776,GHS,776 GHS
619,SEK,619 SEK
302,NIO,302 NIO
663,YER,663 YER
508,BRL,508 BRL
483,CAD,483 CAD
79,MMK,79 MMK
643,XAF,643 XAF
852,GIP,852 GIP
182,TRY,182 TRY
668,HRK,668 HRK
878,MVR,878 MVR
271,AMD,271 AMD
600,MUR,600 MUR
221,BTN,221 BTN
44,XAF,44 XAF
433,CVE,433 CVE
330,XDR,330 XDR
463,GGP,463 GGP
573,PYG,573 PYG
507,BSD,507 BSD
442,GBP,442 GBP
385,MWK,385 MWK
191,ANG,191 ANG
191,GYD,191 GYD
685,TTD,685 TTD
16,VUV,16 VUV
665,HKD,665 HKD
138,XDR,138 XDR
816,XCD,816 XCD
395,VUV,395 VUV
777,BDT,777 BDT
26,LBP,26 LBP
97,ISK,97 ISK
817,VND,817 VND
201,GGP,201 GGP
687,UYU,687 UYU
386,KES,386 KES
217,NIS,217 NIS
530,UAH,530 UAH
311,MGA,311 MGA
460,THB,460 THB
914,GEL,914 GEL
502,KYD,502 KYD
390,BSD,390 BSD
437,LTL,437 LTL
860,NAD,860 NAD
489,KRW,489 KRW
911,KHR,911 KHR
509,BDT,509 BDT
527,CUC,527 CUC
830,MYR,830 MYR
595,BRL,595 BRL
933,LRD,933 LRD
445,HNL,445 HNL
847,XCD,847 XCD
905,VEF,905 VEF
55,AZN,55 AZN
322,DOP,322 DOP
660,AWG,660 AWG
443,KYD,443 KYD
27,ZAR,27 ZAR
259,VUV,259 VUV
185,KGS,185 KGS
524,RON,524 RON
268,BSD,268 BSD
150,SAR,150 SAR
536,SCR,536 SCR
506,JPY,506 JPY
15,KZT,15 KZT
906,KGS,906 KGS
462,BWP,462 BWP
8,PLN,8 PLN
141,VUV,141 VUV
728,KMF,728 KMF
203,AED,203 AED
98,BWP,98 BWP
996,SDG,996 SDG
143,BDT,143 BDT
48,BND,48 BND
366,INR,366 INR
258,AED,258 AED
879,TVD,879 TVD
427,CUP,427 CUP
750,UYU,750 UYU
523,VND,523 VND
791,BAM,791 BAM
694,SEK,694 SEK
538,BTN,538 BTN
332,HNL,332 HNL
200,BIF,200 BIF
854,PKR,854 PKR
312,MYR,312 MYR
859,LTL,859 LTL
166,SCR,166 SCR
379,UAH,379 UAH
872,RSD,872 RSD
128,ARS,128 ARS
431,FKP,431 FKP
50,BBD,50 BBD
713,NIO,713 NIO
230,PHP,230 PHP
405,RUB,405 RUB
87,AWG,87 AWG
96,HRK,96 HRK
283,SZL,283 SZL
790,ARS,790 ARS
598,TMT,598 TMT
755,AWG,755 AWG
245,SHP,245 SHP
903,INR,903 INR
889,GYD,889 GYD
325,RSD,325 RSD
442,PEN,442 PEN
769,PAB,769 PAB
51,GEL,51 GEL
474,VEF,474 VEF
508,AOA,508 AOA
442,AFN,442 AFN
704,KWD,704 KWD
425,TVD,425 TVD
78,YER,78 YER
772,GEL,772 GEL
61,PGK,61 PGK
648,IRR,648 IRR
837,QAR,837 QAR
120,XCD,120 XCD
463,XPF,463 XPF
99,ZWD,99 ZWD
994,GMD,994 GMD
416,OMR,416 OMR
432,HRK,432 HRK
512,TND,512 TND
385,STD,385 STD
273,BDT,273 BDT
286,XOF,286 XOF
729,UZS,729 UZS
405,ARS,405 ARS
738,MVR,738 MVR
236,MRO,236 MRO
507,KZT,507 KZT
212,RSD,212 RSD
550,LTL,550 LTL
667,KWD,667 KWD
312,SZL,312 SZL
1000,QAR,1000 QAR
194,SHP,194 SHP
574,CVE,574 CVE
528,SDG,528 SDG
612,KPW,612 KPW
924,TND,924 TND
669,PHP,669 PHP
295,BBD,295 BBD
608,SCR,608 SCR
503,MUR,503 MUR
328,JPY,328 JPY
916,PKR,916 PKR
468,PKR,468 PKR
126,NIO,126 NIO
480,HRK,480 HRK
766,MGA,766 MGA
694,MXN,694 MXN
732,NOK,732 NOK
403,IQD,403 IQD
521,GBP,521 GBP
554,SBD,554 SBD
920,TVD,920 TVD
970,AZN,970 AZN
999,AED,999 AED
551,SCR,551 SCR
192,UYU,192 UYU
733,SDG,733 SDG
330,EGP,330 EGP
983,VND,983 VND
560,ALL,560 ALL
146,BYR,146 BYR
872,GEL,872 GEL
527,CVE,527 CVE
406,KZT,406 KZT
904,BZD,904 BZD
540,BBD,540 BBD
586,MMK,586 MMK
762,ARS,762 ARS
966,LKR,966 LKR
486,ANG,486 ANG
581,SGD,581 SGD
7,VEF,7 VEF
658,MZN,658 MZN
590,NOK,590 NOK
504,ERN,504 ERN
296,MGA,296 MGA
571,KMF,571 KMF
689,PAB,689 PAB
720,MWK,720 MWK
685,AFN,685 AFN
770,FJD,770 FJD
484,NGN,484 NGN
997,RSD,997 RSD
458,TOP,458 TOP
715,MNT,715 MNT
901,LTL,901 LTL
356,CVE,356 CVE
91,MNT,91 MNT
394,XDR,394 XDR
850,GNF,850 GNF
105,GYD,105 GYD
782,SDG,782 SDG
838,ETB,838 ETB
761,KES,761 KES
9,MXN,9 MXN
783,NIS,783 NIS
892,BBD,892 BBD
711,BTN,711 BTN
800,BGN,800 BGN
58,BZD,58 BZD
482,SDG,482 SDG
583,CAD,583 CAD
513,CUP,513 CUP
345,MOP,345 MOP
79,BTN,79 BTN
13,KHR,13 KHR
498,YER,498 YER
313,KRW,313 KRW
477,HKD,477 HKD
74,MAD,74 MAD
613,LBP,613 LBP
523,KWD,523 KWD
395,GIP,395 GIP
690,JPY,690 JPY
398,DZD,398 DZD
659,AFN,659 AFN
386,NAD,386 NAD
391,GEL,391 GEL
553,TZS,553 TZS
565,TVD,565 TVD
726,NGN,726 NGN
13,TWD,13 TWD
738,GTQ,738 GTQ
122,VEF,122 VEF
474,SAR,474 SAR
182,XDR,182 XDR
552,GGP,552 GGP
605,SHP,605 SHP
668,UYU,668 UYU
658,MAD,658 MAD
794,BZD,794 BZD
322,PKR,322 PKR
547,SYP,547 SYP
736,AFN,736 AFN
239,PEN,239 PEN
520,KZT,520 KZT
19,PKR,19 PKR
808,XCD,808 XCD
176,OMR,176 OMR
971,MNT,971 MNT
974,COP,974 COP
322,MGA,322 MGA
410,DJF,410 DJF
30,GEL,30 GEL
169,ZWD,169 ZWD
640,GNF,640 GNF
853,KGS,853 KGS
173,AUD,173 AUD
156,KGS,156 KGS
302,LBP,302 LBP
54,MOP,54 MOP
161,RWF,161 RWF
237,NAD,237 NAD
129,DKK,129 DKK
407,IMP,407 IMP
26,MNT,26 MNT
587,THB,587 THB
1000,TMT,1000 TMT
373,AFN,373 AFN
632,VEF,632 VEF
635,XCD,635 XCD
647,ZAR,647 ZAR
142,HKD,142 HKD
868,CHF,868 CHF
738,KZT,738 KZT
667,NOK,667 NOK
367,SVC,367 SVC
561,TRY,561 TRY
473,YER,473 YER
315,SCR,315 SCR
342,DJF,342 DJF
586,AOA,586 AOA
698,MAD,698 MAD
958,PYG,958 PYG
986,AWG,986 AWG
769,CUC,769 CUC
546,MDL,546 MDL
23,EGP,23 EGP
100,GMD,100 GMD
566,USD,566 USD
259,NZD,259 NZD
668,BAM,668 BAM
647,CNY,647 CNY
399,VEF,399 VEF
340,CVE,340 CVE
104,XOF,104 XOF
754,BGN,754 BGN
209,ISK,209 ISK
480,IDR,480 IDR
809,IRR,809 IRR
370,EUR,370 EUR
740,GEL,740 GEL
88,BOB,88 BOB
397,CHF,397 CHF
126,TZS,126 TZS
8,CAD,8 CAD
464,AOA,464 AOA
855,ISK,855 ISK
137,NIO,137 NIO
861,PKR,861 PKR
583,BGN,583 BGN
306,MNT,306 MNT
412,HRK,412 HRK
798,BYR,798 BYR
279,VUV,279 VUV
291,BYR,291 BYR
496,AED,496 AED
386,LAK,386 LAK
53,SOS,53 SOS
224,MAD,224 MAD
766,ZAR,766 ZAR
195,ZWD,195 ZWD
551,ILS,551 ILS
541,MOP,541 MOP
681,KPW,681 KPW
156,BTN,156 BTN
626,SEK,626 SEK
358,GMD,358 GMD
280,HTG,280 HTG
519,PEN,519 PEN
920,NPR,920 NPR
88,CZK,88 CZK
799,HKD,799 HKD
686,IRR,686 IRR
485,LKR,485 LKR
196,DOP,196 DOP
959,LSL,959 LSL
709,PYG,709 PYG
958,BBD,958 BBD
3,MZN,3 MZN
460,ERN,460 ERN
177,CNY,177 CNY
132,YER,132 YER
931,KYD,931 KYD
563,NIO,563 NIO
130,TND,130 TND
642,INR,642 INR
1000,ALL,1000 ALL
241,SCR,241 SCR
98,SVC,98 SVC
371,BGN,371 BGN
958,VEF,958 VEF
148,LRD,148 LRD
706,MAD,706 MAD
901,GYD,901 GYD
358,UYU,358 UYU
728,THB,728 THB
111,BAM,111 BAM
606,MYR,606 MYR
198,SDG,198 SDG
766,VND,766 VND
292,LYD,292 LYD
17,JPY,17 JPY
887,XCD,887 XCD
462,UZS,462 UZS
454,AFN,454 AFN
726,BIF,726 BIF
950,GEL,950 GEL
108,AOA,108 AOA
823,PYG,823 PYG
375,FKP,375 FKP
312,TTD,312 TTD
471,CNY,471 CNY
493,XCD,493 XCD
509,IRR,509 IRR
106,SAR,106 SAR
344,RUB,344 RUB
816,KWD,816 KWD
283,KWD,283 KWD
555,SVC,555 SVC
665,CLP,665 CLP
465,DJF,465 DJF
851,MWK,851 MWK
478,LSL,478 LSL
314,MGA,314 MGA
343,SPL,343 SPL
699,ILS,699 ILS
830,IQD,830 IQD
775,RUB,775 RUB
791,RUB,791 RUB
190,SYP,190 SYP
838,MWK,838 MWK
908,CAD,908 CAD
195,XOF,195 XOF
637,ALL,637 ALL
491,SCR,491 SCR
367,XPF,367 XPF
369,BDT,369 BDT
582,SHP,582 SHP
518,STD,518 STD
927,CZK,927 CZK
