weight,weight_unit,weight_combined
145,kg,145kg
79,lb,79lb
148,lb,148lb
81,lb,81lb
142,kg,142kg
77,lb,77lb
76,kg,76kg
148,lb,148lb
134,kg,134kg
59,kg,59kg
96,kg,96kg
136,lb,136lb
96,kg,96kg
54,kg,54kg
134,lb,134lb
63,lb,63lb
62,kg,62kg
75,kg,75kg
142,lb,142lb
75,lb,75lb
41,lb,41lb
115,kg,115kg
99,lb,99lb
81,kg,81kg
48,kg,48kg
120,lb,120lb
139,kg,139kg
62,lb,62lb
112,lb,112lb
118,lb,118lb
88,kg,88kg
92,kg,92kg
107,lb,107lb
75,kg,75kg
56,kg,56kg
139,kg,139kg
110,kg,110kg
72,lb,72lb
98,kg,98kg
91,kg,91kg
91,lb,91lb
144,lb,144lb
47,lb,47lb
100,lb,100lb
70,lb,70lb
118,kg,118kg
118,lb,118lb
54,lb,54lb
56,lb,56lb
129,kg,129kg
119,lb,119lb
127,lb,127lb
136,kg,136kg
72,kg,72kg
78,kg,78kg
137,lb,137lb
149,lb,149lb
84,kg,84kg
139,lb,139lb
101,kg,101kg
117,kg,117kg
137,lb,137lb
87,lb,87lb
72,lb,72lb
43,lb,43lb
40,lb,40lb
70,kg,70kg
44,kg,44kg
80,lb,80lb
134,kg,134kg
77,lb,77lb
101,lb,101lb
109,kg,109kg
75,kg,75kg
123,kg,123kg
105,kg,105kg
128,lb,128lb
109,lb,109lb
132,lb,132lb
125,lb,125lb
140,kg,140kg
83,kg,83kg
121,kg,121kg
105,kg,105kg
76,kg,76kg
140,kg,140kg
149,lb,149lb
82,lb,82lb
82,kg,82kg
105,kg,105kg
104,lb,104lb
108,kg,108kg
40,kg,40kg
128,lb,128lb
116,kg,116kg
129,lb,129lb
105,kg,105kg
132,kg,132kg
149,kg,149kg
87,lb,87lb
64,lb,64lb
74,kg,74kg
44,lb,44lb
84,lb,84lb
80,lb,80lb
100,lb,100lb
63,lb,63lb
45,lb,45lb
73,lb,73lb
132,lb,132lb
116,kg,116kg
106,kg,106kg
125,kg,125kg
109,kg,109kg
41,kg,41kg
84,kg,84kg
119,lb,119lb
109,kg,109kg
123,lb,123lb
76,kg,76kg
81,kg,81kg
93,lb,93lb
140,kg,140kg
140,lb,140lb
64,kg,64kg
89,lb,89lb
147,lb,147lb
85,lb,85lb
133,lb,133lb
145,kg,145kg
78,lb,78lb
97,kg,97kg
60,lb,60lb
84,lb,84lb
138,kg,138kg
112,kg,112kg
79,kg,79kg
82,kg,82kg
108,kg,108kg
129,kg,129kg
113,lb,113lb
108,kg,108kg
128,kg,128kg
145,lb,145lb
130,kg,130kg
112,kg,112kg
128,kg,128kg
134,lb,134lb
79,kg,79kg
40,lb,40lb
47,kg,47kg
86,lb,86lb
74,kg,74kg
62,kg,62kg
63,lb,63lb
81,kg,81kg
48,kg,48kg
56,kg,56kg
83,lb,83lb
52,lb,52lb
81,kg,81kg
66,kg,66kg
117,lb,117lb
134,lb,134lb
117,kg,117kg
53,kg,53kg
93,kg,93kg
55,kg,55kg
99,kg,99kg
150,lb,150lb
116,kg,116kg
135,kg,135kg
148,lb,148lb
68,lb,68lb
148,lb,148lb
65,lb,65lb
128,lb,128lb
43,kg,43kg
108,lb,108lb
115,lb,115lb
93,lb,93lb
79,lb,79lb
117,kg,117kg
50,kg,50kg
109,lb,109lb
61,lb,61lb
109,lb,109lb
57,lb,57lb
69,lb,69lb
68,lb,68lb
84,lb,84lb
123,lb,123lb
137,lb,137lb
105,kg,105kg
67,kg,67kg
143,lb,143lb
99,kg,99kg
44,lb,44lb
121,lb,121lb
47,lb,47lb
58,lb,58lb
78,lb,78lb
57,kg,57kg
77,kg,77kg
84,lb,84lb
148,lb,148lb
108,kg,108kg
140,lb,140lb
68,kg,68kg
43,lb,43lb
117,lb,117lb
89,kg,89kg
131,kg,131kg
64,lb,64lb
117,lb,117lb
122,lb,122lb
100,kg,100kg
86,kg,86kg
89,kg,89kg
99,lb,99lb
147,lb,147lb
128,lb,128lb
121,lb,121lb
98,lb,98lb
107,lb,107lb
51,lb,51lb
73,kg,73kg
58,kg,58kg
56,kg,56kg
81,lb,81lb
137,lb,137lb
95,kg,95kg
107,lb,107lb
138,lb,138lb
70,lb,70lb
87,lb,87lb
150,kg,150kg
97,lb,97lb
42,kg,42kg
121,kg,121kg
115,kg,115kg
100,kg,100kg
75,lb,75lb
85,kg,85kg
147,kg,147kg
59,lb,59lb
82,lb,82lb
110,kg,110kg
96,kg,96kg
113,kg,113kg
71,lb,71lb
66,kg,66kg
78,kg,78kg
129,lb,129lb
46,kg,46kg
105,kg,105kg
142,lb,142lb
41,lb,41lb
96,kg,96kg
77,lb,77lb
80,lb,80lb
134,lb,134lb
82,lb,82lb
44,kg,44kg
131,lb,131lb
58,kg,58kg
119,lb,119lb
51,lb,51lb
143,kg,143kg
92,lb,92lb
41,lb,41lb
41,kg,41kg
104,kg,104kg
53,lb,53lb
54,kg,54kg
59,kg,59kg
41,kg,41kg
66,kg,66kg
102,kg,102kg
93,kg,93kg
60,kg,60kg
136,kg,136kg
121,kg,121kg
132,kg,132kg
40,kg,40kg
99,lb,99lb
64,lb,64lb
105,lb,105lb
92,kg,92kg
86,kg,86kg
94,kg,94kg
51,kg,51kg
56,lb,56lb
106,lb,106lb
125,lb,125lb
113,kg,113kg
65,lb,65lb
143,lb,143lb
101,kg,101kg
94,kg,94kg
135,kg,135kg
120,kg,120kg
56,kg,56kg
87,lb,87lb
96,lb,96lb
145,kg,145kg
89,kg,89kg
43,lb,43lb
46,kg,46kg
76,kg,76kg
55,kg,55kg
144,kg,144kg
107,lb,107lb
71,lb,71lb
97,kg,97kg
69,lb,69lb
93,kg,93kg
111,kg,111kg
97,kg,97kg
134,lb,134lb
44,lb,44lb
113,kg,113kg
40,lb,40lb
42,lb,42lb
125,lb,125lb
139,kg,139kg
67,lb,67lb
83,kg,83kg
125,lb,125lb
150,kg,150kg
142,lb,142lb
119,lb,119lb
79,kg,79kg
103,kg,103kg
58,kg,58kg
87,kg,87kg
81,lb,81lb
50,kg,50kg
42,lb,42lb
126,kg,126kg
75,lb,75lb
41,kg,41kg
89,lb,89lb
82,kg,82kg
74,lb,74lb
107,lb,107lb
100,lb,100lb
61,lb,61lb
122,lb,122lb
55,kg,55kg
133,lb,133lb
101,kg,101kg
54,lb,54lb
78,lb,78lb
42,lb,42lb
140,kg,140kg
82,lb,82lb
121,kg,121kg
96,lb,96lb
133,lb,133lb
150,kg,150kg
123,kg,123kg
138,kg,138kg
46,lb,46lb
133,kg,133kg
80,lb,80lb
97,lb,97lb
133,kg,133kg
119,lb,119lb
124,kg,124kg
47,lb,47lb
52,kg,52kg
108,kg,108kg
118,lb,118lb
88,lb,88lb
77,kg,77kg
61,lb,61lb
105,lb,105lb
115,lb,115lb
64,kg,64kg
122,lb,122lb
68,lb,68lb
66,kg,66kg
108,lb,108lb
61,kg,61kg
69,kg,69kg
68,kg,68kg
141,lb,141lb
92,lb,92lb
69,lb,69lb
147,kg,147kg
145,lb,145lb
118,lb,118lb
81,lb,81lb
121,lb,121lb
87,kg,87kg
80,lb,80lb
119,lb,119lb
76,lb,76lb
82,kg,82kg
120,lb,120lb
137,lb,137lb
54,kg,54kg
72,kg,72kg
132,lb,132lb
42,kg,42kg
40,lb,40lb
109,lb,109lb
116,lb,116lb
86,kg,86kg
49,kg,49kg
138,kg,138kg
149,lb,149lb
62,kg,62kg
109,lb,109lb
78,lb,78lb
126,kg,126kg
100,lb,100lb
75,kg,75kg
47,kg,47kg
141,kg,141kg
95,kg,95kg
57,kg,57kg
137,kg,137kg
86,kg,86kg
121,kg,121kg
107,lb,107lb
60,kg,60kg
145,kg,145kg
70,kg,70kg
80,lb,80lb
123,lb,123lb
66,lb,66lb
83,lb,83lb
81,kg,81kg
101,kg,101kg
117,kg,117kg
143,kg,143kg
85,lb,85lb
40,lb,40lb
68,lb,68lb
45,lb,45lb
111,lb,111lb
133,kg,133kg
111,lb,111lb
52,kg,52kg
50,lb,50lb
108,kg,108kg
144,lb,144lb
81,kg,81kg
101,kg,101kg
102,lb,102lb
88,lb,88lb
55,kg,55kg
146,lb,146lb
132,kg,132kg
122,lb,122lb
101,kg,101kg
49,kg,49kg
122,lb,122lb
75,kg,75kg
115,lb,115lb
90,lb,90lb
146,lb,146lb
75,lb,75lb
142,lb,142lb
89,kg,89kg
108,lb,108lb
47,kg,47kg
106,kg,106kg
96,kg,96kg
49,kg,49kg
125,lb,125lb
52,kg,52kg
103,kg,103kg
147,lb,147lb
104,kg,104kg
140,kg,140kg
115,lb,115lb
112,lb,112lb
114,kg,114kg
82,kg,82kg
47,lb,47lb
43,lb,43lb
117,lb,117lb
109,kg,109kg
91,lb,91lb
102,lb,102lb
78,kg,78kg
100,lb,100lb
61,lb,61lb
91,lb,91lb
99,kg,99kg
70,lb,70lb
82,lb,82lb
47,kg,47kg
71,lb,71lb
72,kg,72kg
124,lb,124lb
78,lb,78lb
56,kg,56kg
55,kg,55kg
112,kg,112kg
40,lb,40lb
103,lb,103lb
65,kg,65kg
52,kg,52kg
139,kg,139kg
46,lb,46lb
57,lb,57lb
61,lb,61lb
122,kg,122kg
90,kg,90kg
141,lb,141lb
130,kg,130kg
58,lb,58lb
80,lb,80lb
108,kg,108kg
104,kg,104kg
62,lb,62lb
60,lb,60lb
123,lb,123lb
54,lb,54lb
148,kg,148kg
63,kg,63kg
79,kg,79kg
98,lb,98lb
81,kg,81kg
61,lb,61lb
74,lb,74lb
64,kg,64kg
70,kg,70kg
128,lb,128lb
120,kg,120kg
58,kg,58kg
127,kg,127kg
60,kg,60kg
67,kg,67kg
77,kg,77kg
136,lb,136lb
70,lb,70lb
126,kg,126kg
59,lb,59lb
114,kg,114kg
58,lb,58lb
139,kg,139kg
127,lb,127lb
85,lb,85lb
105,lb,105lb
138,kg,138kg
77,lb,77lb
136,lb,136lb
108,lb,108lb
135,kg,135kg
55,kg,55kg
116,kg,116kg
74,lb,74lb
137,kg,137kg
121,kg,121kg
80,kg,80kg
95,kg,95kg
116,lb,116lb
136,lb,136lb
97,lb,97lb
91,lb,91lb
49,kg,49kg
50,kg,50kg
72,kg,72kg
122,lb,122lb
149,lb,149lb
150,lb,150lb
78,lb,78lb
70,lb,70lb
112,kg,112kg
146,lb,146lb
46,kg,46kg
150,lb,150lb
82,kg,82kg
94,lb,94lb
134,lb,134lb
91,lb,91lb
138,lb,138lb
126,lb,126lb
147,lb,147lb
100,kg,100kg
92,lb,92lb
66,kg,66kg
109,lb,109lb
95,lb,95lb
106,lb,106lb
100,kg,100kg
117,lb,117lb
105,lb,105lb
52,kg,52kg
53,kg,53kg
98,kg,98kg
106,lb,106lb
75,kg,75kg
130,kg,130kg
46,kg,46kg
42,kg,42kg
127,lb,127lb
138,kg,138kg
132,kg,132kg
70,lb,70lb
98,lb,98lb
140,lb,140lb
52,lb,52lb
91,lb,91lb
61,kg,61kg
128,kg,128kg
101,lb,101lb
51,kg,51kg
77,lb,77lb
57,kg,57kg
131,kg,131kg
100,kg,100kg
86,lb,86lb
117,lb,117lb
105,lb,105lb
94,lb,94lb
72,lb,72lb
46,kg,46kg
105,lb,105lb
148,kg,148kg
124,kg,124kg
94,kg,94kg
63,lb,63lb
130,kg,130kg
56,lb,56lb
79,kg,79kg
44,kg,44kg
150,lb,150lb
136,lb,136lb
57,lb,57lb
125,kg,125kg
132,kg,132kg
106,lb,106lb
65,lb,65lb
71,lb,71lb
88,kg,88kg
133,kg,133kg
67,kg,67kg
127,kg,127kg
89,kg,89kg
112,lb,112lb
57,lb,57lb
104,kg,104kg
55,kg,55kg
117,lb,117lb
72,lb,72lb
78,lb,78lb
124,kg,124kg
132,lb,132lb
45,kg,45kg
66,lb,66lb
70,lb,70lb
67,lb,67lb
42,lb,42lb
97,lb,97lb
99,lb,99lb
149,lb,149lb
113,kg,113kg
82,lb,82lb
97,kg,97kg
144,kg,144kg
142,kg,142kg
138,kg,138kg
132,kg,132kg
80,kg,80kg
88,lb,88lb
138,kg,138kg
101,kg,101kg
109,kg,109kg
81,kg,81kg
147,kg,147kg
57,kg,57kg
125,kg,125kg
99,kg,99kg
70,kg,70kg
97,lb,97lb
72,lb,72lb
43,lb,43lb
103,kg,103kg
109,kg,109kg
57,kg,57kg
119,lb,119lb
82,kg,82kg
141,kg,141kg
60,lb,60lb
124,kg,124kg
81,lb,81lb
69,lb,69lb
141,kg,141kg
105,lb,105lb
119,lb,119lb
135,lb,135lb
148,lb,148lb
128,kg,128kg
104,lb,104lb
109,lb,109lb
73,lb,73lb
149,lb,149lb
98,kg,98kg
65,kg,65kg
62,lb,62lb
57,kg,57kg
89,lb,89lb
101,kg,101kg
150,lb,150lb
90,lb,90lb
120,kg,120kg
66,kg,66kg
64,lb,64lb
70,lb,70lb
102,kg,102kg
83,lb,83lb
108,kg,108kg
114,kg,114kg
104,lb,104lb
67,kg,67kg
96,kg,96kg
42,lb,42lb
137,kg,137kg
87,kg,87kg
110,kg,110kg
108,kg,108kg
60,kg,60kg
113,lb,113lb
73,lb,73lb
81,lb,81lb
133,lb,133lb
80,kg,80kg
88,lb,88lb
146,lb,146lb
83,lb,83lb
125,lb,125lb
73,kg,73kg
141,kg,141kg
83,kg,83kg
112,kg,112kg
52,lb,52lb
97,kg,97kg
83,kg,83kg
117,lb,117lb
45,lb,45lb
111,kg,111kg
76,lb,76lb
58,kg,58kg
81,kg,81kg
91,lb,91lb
85,kg,85kg
143,kg,143kg
110,kg,110kg
86,kg,86kg
43,lb,43lb
83,kg,83kg
118,lb,118lb
71,kg,71kg
86,lb,86lb
148,kg,148kg
129,lb,129lb
95,lb,95lb
47,kg,47kg
80,lb,80lb
112,kg,112kg
142,lb,142lb
148,kg,148kg
91,kg,91kg
79,lb,79lb
100,kg,100kg
74,kg,74kg
145,lb,145lb
100,kg,100kg
64,lb,64lb
42,kg,42kg
122,kg,122kg
100,kg,100kg
136,lb,136lb
135,lb,135lb
90,lb,90lb
42,lb,42lb
126,kg,126kg
131,lb,131lb
130,lb,130lb
134,kg,134kg
44,kg,44kg
54,lb,54lb
115,lb,115lb
44,kg,44kg
62,kg,62kg
145,kg,145kg
46,kg,46kg
51,kg,51kg
78,lb,78lb
108,kg,108kg
104,kg,104kg
44,lb,44lb
117,lb,117lb
86,lb,86lb
123,kg,123kg
138,lb,138lb
62,lb,62lb
90,lb,90lb
83,kg,83kg
53,lb,53lb
50,lb,50lb
60,kg,60kg
149,lb,149lb
55,kg,55kg
43,lb,43lb
98,lb,98lb
141,kg,141kg
74,kg,74kg
116,lb,116lb
73,lb,73lb
67,lb,67lb
119,kg,119kg
145,kg,145kg
82,lb,82lb
91,lb,91lb
40,kg,40kg
78,kg,78kg
132,lb,132lb
132,lb,132lb
65,kg,65kg
130,kg,130kg
96,kg,96kg
91,lb,91lb
121,kg,121kg
126,lb,126lb
40,lb,40lb
128,kg,128kg
134,kg,134kg
119,kg,119kg
102,kg,102kg
122,kg,122kg
103,lb,103lb
150,lb,150lb
113,kg,113kg
72,kg,72kg
100,kg,100kg
64,lb,64lb
123,kg,123kg
63,lb,63lb
88,lb,88lb
45,kg,45kg
114,lb,114lb
47,kg,47kg
138,lb,138lb
40,kg,40kg
92,kg,92kg
126,kg,126kg
141,kg,141kg
62,kg,62kg
145,kg,145kg
114,kg,114kg
66,kg,66kg
130,kg,130kg
80,kg,80kg
141,kg,141kg
52,kg,52kg
97,lb,97lb
149,lb,149lb
70,lb,70lb
117,kg,117kg
56,lb,56lb
141,kg,141kg
98,lb,98lb
40,lb,40lb
74,kg,74kg
146,kg,146kg
128,lb,128lb
130,kg,130kg
138,lb,138lb
108,lb,108lb
143,lb,143lb
139,kg,139kg
50,lb,50lb
131,kg,131kg
112,kg,112kg
147,kg,147kg
148,kg,148kg
128,kg,128kg
44,lb,44lb
42,lb,42lb
83,lb,83lb
69,kg,69kg
135,lb,135lb
93,kg,93kg
149,lb,149lb
133,kg,133kg
130,kg,130kg
85,lb,85lb
114,lb,114lb
136,kg,136kg
102,kg,102kg
46,kg,46kg
97,lb,97lb
59,lb,59lb
59,kg,59kg
62,lb,62lb
139,lb,139lb
72,kg,72kg
64,kg,64kg
133,lb,133lb
116,kg,116kg
82,kg,82kg
43,lb,43lb
149,lb,149lb
101,lb,101lb
93,lb,93lb
58,kg,58kg
57,lb,57lb
131,kg,131kg
79,lb,79lb
91,kg,91kg
142,kg,142kg
63,lb,63lb
98,kg,98kg
144,kg,144kg
54,kg,54kg
114,kg,114kg
71,lb,71lb
44,lb,44lb
113,kg,113kg
98,lb,98lb
147,kg,147kg
124,kg,124kg
112,lb,112lb
82,lb,82lb
45,kg,45kg
82,lb,82lb
104,kg,104kg
82,lb,82lb
97,kg,97kg
107,kg,107kg
141,lb,141lb
89,lb,89lb
51,lb,51lb
74,lb,74lb
129,kg,129kg
150,kg,150kg
129,kg,129kg
103,kg,103kg
109,lb,109lb
102,kg,102kg
87,kg,87kg
61,kg,61kg
104,lb,104lb
120,kg,120kg
96,lb,96lb
83,lb,83lb
85,lb,85lb
112,kg,112kg
150,lb,150lb
43,kg,43kg
124,lb,124lb
147,lb,147lb
80,lb,80lb
109,kg,109kg
125,kg,125kg
102,kg,102kg
77,kg,77kg
141,kg,141kg
83,lb,83lb
116,kg,116kg
70,lb,70lb
124,kg,124kg
53,lb,53lb
48,lb,48lb
85,kg,85kg
61,lb,61lb
100,lb,100lb
75,lb,75lb
95,lb,95lb
74,kg,74kg
148,lb,148lb
80,kg,80kg
143,kg,143kg
112,kg,112kg
124,kg,124kg
69,kg,69kg
118,lb,118lb
97,kg,97kg
69,lb,69lb
116,lb,116lb
84,lb,84lb
55,kg,55kg
100,lb,100lb
107,lb,107lb
64,kg,64kg
52,kg,52kg
149,lb,149lb
58,lb,58lb
138,lb,138lb
98,kg,98kg
144,lb,144lb
141,kg,141kg
82,kg,82kg
124,kg,124kg
52,kg,52kg
132,kg,132kg
71,lb,71lb
59,lb,59lb
136,lb,136lb
51,lb,51lb
107,lb,107lb
117,lb,117lb
60,lb,60lb
86,kg,86kg
51,kg,51kg
94,lb,94lb
43,kg,43kg
44,kg,44kg
50,lb,50lb
89,lb,89lb
124,kg,124kg
139,kg,139kg
112,lb,112lb
145,lb,145lb
150,lb,150lb
52,kg,52kg
58,lb,58lb
70,lb,70lb
57,kg,57kg
93,kg,93kg
117,kg,117kg
141,kg,141kg
40,kg,40kg
73,lb,73lb
81,kg,81kg
45,lb,45lb
99,lb,99lb
122,lb,122lb
63,kg,63kg
71,kg,71kg
110,kg,110kg
120,lb,120lb
90,kg,90kg
110,kg,110kg
101,kg,101kg
104,lb,104lb
89,lb,89lb
131,kg,131kg
111,lb,111lb
90,lb,90lb
144,lb,144lb
91,kg,91kg
55,lb,55lb
82,kg,82kg
89,kg,89kg
124,lb,124lb
124,lb,124lb
138,lb,138lb
133,kg,133kg
79,lb,79lb
88,lb,88lb
108,kg,108kg
43,lb,43lb
140,lb,140lb
93,lb,93lb
126,kg,126kg
127,kg,127kg
64,kg,64kg
108,lb,108lb
91,kg,91kg
123,kg,123kg
56,kg,56kg
90,lb,90lb
136,lb,136lb
62,lb,62lb
40,kg,40kg
113,lb,113lb
131,kg,131kg
52,lb,52lb
110,lb,110lb
48,lb,48lb
114,kg,114kg
77,kg,77kg
134,kg,134kg
149,kg,149kg
58,kg,58kg
132,lb,132lb
40,lb,40lb
69,kg,69kg
121,lb,121lb
55,lb,55lb
71,kg,71kg
126,kg,126kg
117,lb,117lb
107,lb,107lb
64,lb,64lb
92,lb,92lb
88,kg,88kg
116,lb,116lb
77,lb,77lb
130,kg,130kg
126,kg,126kg
47,kg,47kg
90,lb,90lb
55,lb,55lb
65,kg,65kg
141,lb,141lb
56,kg,56kg
117,lb,117lb
87,lb,87lb
141,kg,141kg
104,lb,104lb
142,kg,142kg
138,kg,138kg
45,kg,45kg
95,lb,95lb
104,kg,104kg
55,kg,55kg
118,kg,118kg
115,lb,115lb
133,lb,133lb
47,kg,47kg
47,lb,47lb
53,lb,53lb
91,lb,91lb
56,lb,56lb
106,kg,106kg
143,kg,143kg
113,lb,113lb
115,lb,115lb
51,lb,51lb
137,lb,137lb
139,lb,139lb
137,lb,137lb
142,kg,142kg
149,kg,149kg
132,kg,132kg
44,lb,44lb
82,lb,82lb
47,kg,47kg
61,lb,61lb
83,kg,83kg
60,kg,60kg
150,lb,150lb
54,kg,54kg
61,lb,61lb
125,kg,125kg
113,kg,113kg
63,lb,63lb
63,lb,63lb
75,lb,75lb
117,lb,117lb
128,kg,128kg
59,lb,59lb
73,kg,73kg
46,kg,46kg
85,lb,85lb
118,kg,118kg
125,lb,125lb
104,lb,104lb
105,kg,105kg
75,kg,75kg
108,lb,108lb
141,kg,141kg
139,kg,139kg
65,kg,65kg
49,kg,49kg
120,lb,120lb
62,kg,62kg
88,lb,88lb
76,lb,76lb
80,lb,80lb
68,kg,68kg
134,kg,134kg
96,lb,96lb
105,kg,105kg
65,kg,65kg
74,lb,74lb
56,lb,56lb
83,lb,83lb
52,lb,52lb
146,kg,146kg
111,kg,111kg
42,lb,42lb
137,lb,137lb
40,kg,40kg
55,kg,55kg
135,kg,135kg
68,lb,68lb
134,lb,134lb
95,lb,95lb
104,lb,104lb
67,lb,67lb
118,kg,118kg
99,kg,99kg
72,kg,72kg
40,kg,40kg
129,kg,129kg
52,kg,52kg
149,lb,149lb
69,kg,69kg
121,lb,121lb
71,lb,71lb
118,lb,118lb
58,lb,58lb
44,lb,44lb
55,lb,55lb
76,kg,76kg
116,kg,116kg
92,lb,92lb
55,lb,55lb
72,kg,72kg
52,lb,52lb
54,lb,54lb
142,lb,142lb
114,kg,114kg
86,kg,86kg
53,kg,53kg
101,kg,101kg
57,kg,57kg
108,kg,108kg
97,kg,97kg
148,lb,148lb
85,lb,85lb
121,lb,121lb
105,lb,105lb
146,kg,146kg
121,lb,121lb
132,kg,132kg
69,kg,69kg
147,kg,147kg
98,kg,98kg
125,lb,125lb
59,lb,59lb
138,lb,138lb
82,kg,82kg
96,lb,96lb
83,kg,83kg
94,kg,94kg
59,lb,59lb
90,kg,90kg
105,lb,105lb
83,lb,83lb
135,lb,135lb
51,lb,51lb
112,kg,112kg
127,kg,127kg
63,kg,63kg
132,kg,132kg
52,kg,52kg
125,kg,125kg
49,kg,49kg
96,lb,96lb
124,kg,124kg
90,lb,90lb
106,lb,106lb
69,lb,69lb
108,lb,108lb
143,kg,143kg
100,kg,100kg
109,lb,109lb
43,kg,43kg
134,lb,134lb
51,lb,51lb
122,kg,122kg
62,kg,62kg
112,kg,112kg
148,lb,148lb
142,lb,142lb
81,lb,81lb
48,lb,48lb
139,lb,139lb
40,kg,40kg
78,kg,78kg
90,kg,90kg
43,kg,43kg
136,lb,136lb
107,kg,107kg
48,lb,48lb
63,kg,63kg
136,kg,136kg
99,kg,99kg
71,kg,71kg
145,lb,145lb
86,lb,86lb
76,lb,76lb
141,lb,141lb
59,lb,59lb
123,lb,123lb
115,lb,115lb
107,kg,107kg
96,lb,96lb
125,kg,125kg
148,lb,148lb
105,lb,105lb
66,kg,66kg
115,kg,115kg
61,lb,61lb
54,kg,54kg
46,lb,46lb
126,kg,126kg
48,kg,48kg
71,lb,71lb
41,lb,41lb
45,kg,45kg
69,kg,69kg
59,lb,59lb
143,kg,143kg
88,lb,88lb
52,lb,52lb
141,kg,141kg
147,lb,147lb
49,lb,49lb
52,kg,52kg
101,lb,101lb
127,kg,127kg
105,kg,105kg
65,lb,65lb
74,kg,74kg
104,kg,104kg
79,kg,79kg
110,kg,110kg
89,lb,89lb
105,kg,105kg
87,kg,87kg
53,kg,53kg
60,kg,60kg
146,lb,146lb
99,lb,99lb
119,lb,119lb
45,lb,45lb
135,lb,135lb
75,lb,75lb
147,kg,147kg
97,lb,97lb
61,kg,61kg
75,lb,75lb
74,lb,74lb
69,lb,69lb
114,kg,114kg
64,kg,64kg
120,lb,120lb
140,kg,140kg
73,kg,73kg
150,lb,150lb
61,lb,61lb
115,lb,115lb
127,lb,127lb
143,lb,143lb
149,lb,149lb
40,lb,40lb
70,kg,70kg
93,kg,93kg
76,kg,76kg
143,lb,143lb
117,kg,117kg
130,lb,130lb
53,lb,53lb
75,kg,75kg
124,lb,124lb
55,kg,55kg
86,kg,86kg
125,kg,125kg
133,lb,133lb
147,kg,147kg
100,kg,100kg
43,lb,43lb
89,lb,89lb
75,lb,75lb
67,lb,67lb
134,lb,134lb
51,lb,51lb
90,lb,90lb
129,kg,129kg
117,kg,117kg
88,kg,88kg
57,lb,57lb
112,kg,112kg
49,kg,49kg
133,kg,133kg
47,lb,47lb
104,lb,104lb
150,kg,150kg
123,lb,123lb
90,kg,90kg
41,kg,41kg
52,kg,52kg
142,kg,142kg
110,kg,110kg
99,lb,99lb
55,kg,55kg
95,kg,95kg
101,kg,101kg
134,kg,134kg
96,kg,96kg
113,lb,113lb
40,kg,40kg
111,lb,111lb
132,kg,132kg
48,lb,48lb
68,kg,68kg
50,lb,50lb
103,lb,103lb
143,lb,143lb
115,lb,115lb
59,kg,59kg
84,lb,84lb
40,lb,40lb
83,lb,83lb
126,lb,126lb
92,lb,92lb
149,kg,149kg
102,lb,102lb
97,lb,97lb
135,kg,135kg
128,lb,128lb
80,lb,80lb
98,lb,98lb
73,kg,73kg
51,lb,51lb
62,kg,62kg
76,lb,76lb
113,lb,113lb
47,kg,47kg
50,lb,50lb
118,lb,118lb
77,kg,77kg
119,lb,119lb
110,kg,110kg
73,kg,73kg
110,lb,110lb
128,lb,128lb
119,lb,119lb
140,lb,140lb
131,lb,131lb
150,kg,150kg
48,lb,48lb
136,kg,136kg
126,lb,126lb
140,kg,140kg
55,lb,55lb
96,lb,96lb
112,kg,112kg
49,lb,49lb
85,kg,85kg
46,lb,46lb
67,lb,67lb
74,lb,74lb
94,kg,94kg
50,kg,50kg
109,lb,109lb
134,lb,134lb
132,lb,132lb
102,kg,102kg
98,lb,98lb
140,kg,140kg
137,lb,137lb
123,lb,123lb
94,lb,94lb
49,lb,49lb
65,kg,65kg
100,kg,100kg
114,lb,114lb
43,kg,43kg
150,kg,150kg
119,lb,119lb
73,lb,73lb
47,kg,47kg
60,kg,60kg
93,lb,93lb
150,lb,150lb
122,lb,122lb
105,kg,105kg
134,kg,134kg
103,kg,103kg
86,lb,86lb
147,kg,147kg
106,kg,106kg
77,lb,77lb
119,lb,119lb
90,lb,90lb
130,lb,130lb
67,lb,67lb
63,lb,63lb
53,lb,53lb
125,lb,125lb
92,lb,92lb
77,kg,77kg
71,lb,71lb
121,kg,121kg
108,lb,108lb
88,lb,88lb
100,kg,100kg
105,kg,105kg
69,lb,69lb
41,lb,41lb
91,kg,91kg
59,lb,59lb
126,kg,126kg
125,lb,125lb
86,kg,86kg
102,kg,102kg
127,kg,127kg
124,kg,124kg
102,lb,102lb
85,kg,85kg
47,kg,47kg
126,lb,126lb
123,kg,123kg
80,lb,80lb
149,kg,149kg
147,lb,147lb
127,lb,127lb
116,lb,116lb
83,lb,83lb
122,lb,122lb
111,kg,111kg
143,lb,143lb
120,lb,120lb
69,kg,69kg
138,lb,138lb
141,lb,141lb
127,kg,127kg
118,lb,118lb
119,kg,119kg
83,kg,83kg
109,kg,109kg
143,lb,143lb
133,kg,133kg
46,lb,46lb
101,kg,101kg
124,kg,124kg
137,lb,137lb
89,kg,89kg
150,kg,150kg
87,lb,87lb
102,lb,102lb
121,kg,121kg
55,kg,55kg
82,lb,82lb
131,lb,131lb
53,lb,53lb
45,lb,45lb
80,kg,80kg
117,lb,117lb
46,lb,46lb
48,kg,48kg
104,kg,104kg
70,lb,70lb
146,lb,146lb
131,kg,131kg
141,kg,141kg
141,lb,141lb
71,kg,71kg
127,kg,127kg
48,lb,48lb
144,lb,144lb
87,kg,87kg
75,lb,75lb
145,kg,145kg
41,kg,41kg
72,kg,72kg
60,kg,60kg
67,kg,67kg
64,kg,64kg
79,kg,79kg
53,kg,53kg
58,lb,58lb
45,lb,45lb
73,kg,73kg
78,lb,78lb
55,lb,55lb
80,kg,80kg
99,kg,99kg
89,kg,89kg
87,kg,87kg
85,kg,85kg
98,lb,98lb
104,kg,104kg
146,kg,146kg
77,kg,77kg
125,kg,125kg
63,kg,63kg
134,lb,134lb
48,kg,48kg
82,kg,82kg
63,lb,63lb
120,lb,120lb
144,kg,144kg
47,lb,47lb
139,kg,139kg
81,kg,81kg
46,lb,46lb
101,kg,101kg
126,kg,126kg
86,lb,86lb
117,lb,117lb
66,kg,66kg
60,lb,60lb
132,kg,132kg
83,lb,83lb
97,lb,97lb
48,kg,48kg
104,lb,104lb
140,lb,140lb
131,lb,131lb
58,kg,58kg
108,lb,108lb
138,lb,138lb
78,lb,78lb
143,lb,143lb
111,lb,111lb
72,lb,72lb
42,lb,42lb
101,kg,101kg
46,kg,46kg
132,kg,132kg
90,lb,90lb
149,kg,149kg
64,lb,64lb
143,lb,143lb
97,kg,97kg
141,lb,141lb
61,lb,61lb
46,kg,46kg
85,lb,85lb
72,lb,72lb
126,lb,126lb
87,kg,87kg
147,kg,147kg
106,lb,106lb
115,kg,115kg
90,lb,90lb
137,lb,137lb
41,kg,41kg
78,lb,78lb
124,lb,124lb
54,kg,54kg
129,lb,129lb
71,kg,71kg
48,lb,48lb
117,lb,117lb
116,lb,116lb
131,kg,131kg
114,kg,114kg
67,kg,67kg
107,kg,107kg
86,lb,86lb
125,kg,125kg
60,lb,60lb
123,lb,123lb
146,lb,146lb
82,lb,82lb
81,kg,81kg
108,lb,108lb
71,lb,71lb
59,lb,59lb
113,kg,113kg
127,kg,127kg
43,lb,43lb
69,lb,69lb
56,kg,56kg
60,lb,60lb
144,kg,144kg
145,lb,145lb
95,kg,95kg
149,lb,149lb
105,lb,105lb
80,lb,80lb
94,lb,94lb
42,lb,42lb
129,kg,129kg
122,lb,122lb
76,lb,76lb
64,lb,64lb
139,lb,139lb
73,lb,73lb
73,kg,73kg
106,kg,106kg
133,lb,133lb
54,kg,54kg
84,kg,84kg
62,kg,62kg
90,kg,90kg
117,lb,117lb
53,kg,53kg
140,kg,140kg
111,lb,111lb
148,kg,148kg
78,lb,78lb
56,lb,56lb
44,lb,44lb
97,kg,97kg
115,kg,115kg
74,lb,74lb
129,kg,129kg
78,lb,78lb
43,lb,43lb
79,lb,79lb
108,lb,108lb
82,lb,82lb
50,kg,50kg
76,lb,76lb
130,kg,130kg
127,kg,127kg
106,kg,106kg
80,lb,80lb
116,kg,116kg
62,kg,62kg
74,lb,74lb
112,kg,112kg
107,lb,107lb
62,kg,62kg
114,kg,114kg
52,kg,52kg
139,lb,139lb
127,lb,127lb
94,lb,94lb
130,kg,130kg
51,lb,51lb
78,kg,78kg
130,kg,130kg
88,lb,88lb
105,kg,105kg
123,kg,123kg
57,lb,57lb
85,lb,85lb
101,kg,101kg
115,kg,115kg
141,lb,141lb
75,lb,75lb
111,kg,111kg
59,lb,59lb
106,lb,106lb
99,lb,99lb
95,lb,95lb
55,kg,55kg
77,lb,77lb
133,kg,133kg
150,lb,150lb
119,lb,119lb
142,lb,142lb
146,kg,146kg
67,lb,67lb
58,kg,58kg
50,kg,50kg
114,kg,114kg
80,kg,80kg
127,lb,127lb
111,lb,111lb
64,kg,64kg
100,lb,100lb
139,kg,139kg
88,kg,88kg
80,kg,80kg
59,lb,59lb
123,kg,123kg
121,kg,121kg
127,lb,127lb
118,kg,118kg
120,lb,120lb
43,kg,43kg
63,kg,63kg
128,lb,128lb
130,kg,130kg
70,kg,70kg
43,kg,43kg
102,kg,102kg
128,lb,128lb
143,lb,143lb
77,lb,77lb
96,kg,96kg
85,lb,85lb
127,lb,127lb
85,lb,85lb
111,kg,111kg
89,lb,89lb
85,kg,85kg
67,kg,67kg
71,kg,71kg
87,lb,87lb
136,lb,136lb
143,lb,143lb
100,kg,100kg
113,lb,113lb
65,kg,65kg
65,lb,65lb
78,lb,78lb
94,lb,94lb
63,kg,63kg
150,lb,150lb
63,kg,63kg
45,kg,45kg
70,lb,70lb
105,kg,105kg
106,lb,106lb
149,lb,149lb
134,lb,134lb
143,lb,143lb
105,kg,105kg
68,kg,68kg
92,lb,92lb
116,kg,116kg
61,lb,61lb
119,kg,119kg
52,lb,52lb
85,kg,85kg
58,lb,58lb
74,lb,74lb
125,kg,125kg
62,lb,62lb
125,kg,125kg
140,lb,140lb
140,lb,140lb
57,kg,57kg
113,kg,113kg
142,lb,142lb
59,kg,59kg
109,lb,109lb
110,kg,110kg
125,lb,125lb
68,lb,68lb
81,kg,81kg
86,kg,86kg
102,lb,102lb
122,lb,122lb
140,kg,140kg
87,kg,87kg
106,lb,106lb
120,lb,120lb
101,kg,101kg
139,kg,139kg
130,kg,130kg
112,kg,112kg
53,kg,53kg
54,lb,54lb
55,kg,55kg
142,lb,142lb
61,kg,61kg
78,lb,78lb
99,kg,99kg
76,lb,76lb
133,kg,133kg
136,lb,136lb
146,kg,146kg
58,kg,58kg
47,kg,47kg
102,lb,102lb
63,kg,63kg
133,kg,133kg
54,lb,54lb
62,lb,62lb
48,kg,48kg
70,kg,70kg
145,lb,145lb
107,lb,107lb
145,lb,145lb
96,lb,96lb
106,kg,106kg
60,lb,60lb
66,lb,66lb
45,lb,45lb
140,kg,140kg
49,kg,49kg
106,kg,106kg
106,kg,106kg
79,kg,79kg
126,kg,126kg
125,kg,125kg
55,kg,55kg
41,kg,41kg
57,kg,57kg
93,kg,93kg
84,lb,84lb
67,kg,67kg
83,lb,83lb
75,lb,75lb
55,kg,55kg
87,kg,87kg
101,lb,101lb
86,lb,86lb
107,kg,107kg
44,kg,44kg
65,kg,65kg
60,kg,60kg
97,lb,97lb
126,kg,126kg
146,kg,146kg
122,lb,122lb
89,lb,89lb
149,lb,149lb
92,lb,92lb
94,lb,94lb
136,lb,136lb
98,kg,98kg
102,lb,102lb
135,kg,135kg
126,lb,126lb
103,lb,103lb
112,kg,112kg
144,kg,144kg
129,lb,129lb
42,lb,42lb
136,kg,136kg
72,kg,72kg
47,lb,47lb
95,kg,95kg
87,kg,87kg
84,kg,84kg
86,kg,86kg
59,kg,59kg
74,lb,74lb
111,kg,111kg
86,lb,86lb
147,lb,147lb
124,kg,124kg
97,lb,97lb
144,kg,144kg
52,kg,52kg
120,kg,120kg
56,lb,56lb
64,kg,64kg
122,kg,122kg
91,kg,91kg
105,lb,105lb
149,lb,149lb
112,lb,112lb
64,kg,64kg
97,lb,97lb
99,kg,99kg
92,kg,92kg
83,lb,83lb
142,kg,142kg
92,kg,92kg
59,kg,59kg
70,kg,70kg
129,kg,129kg
87,kg,87kg
86,lb,86lb
45,lb,45lb
142,kg,142kg
71,lb,71lb
71,lb,71lb
135,lb,135lb
90,kg,90kg
128,lb,128lb
121,lb,121lb
59,kg,59kg
93,lb,93lb
132,kg,132kg
91,lb,91lb
133,lb,133lb
77,lb,77lb
43,kg,43kg
100,lb,100lb
150,kg,150kg
89,kg,89kg
131,lb,131lb
94,kg,94kg
99,lb,99lb
67,kg,67kg
122,kg,122kg
101,kg,101kg
147,lb,147lb
62,kg,62kg
81,lb,81lb
89,kg,89kg
142,kg,142kg
125,lb,125lb
90,lb,90lb
99,lb,99lb
106,lb,106lb
124,kg,124kg
110,lb,110lb
117,lb,117lb
142,kg,142kg
45,kg,45kg
141,kg,141kg
77,lb,77lb
90,lb,90lb
100,lb,100lb
109,kg,109kg
131,kg,131kg
119,kg,119kg
87,kg,87kg
136,lb,136lb
59,kg,59kg
96,kg,96kg
56,lb,56lb
78,kg,78kg
65,kg,65kg
72,kg,72kg
100,lb,100lb
135,kg,135kg
50,lb,50lb
138,kg,138kg
112,lb,112lb
82,lb,82lb
46,lb,46lb
146,lb,146lb
146,lb,146lb
80,lb,80lb
66,lb,66lb
50,lb,50lb
121,kg,121kg
107,lb,107lb
109,lb,109lb
79,kg,79kg
130,lb,130lb
61,kg,61kg
42,kg,42kg
143,lb,143lb
55,kg,55kg
92,kg,92kg
73,lb,73lb
95,lb,95lb
127,kg,127kg
142,lb,142lb
123,kg,123kg
122,lb,122lb
50,kg,50kg
133,kg,133kg
150,lb,150lb
150,kg,150kg
42,lb,42lb
100,lb,100lb
50,kg,50kg
140,lb,140lb
119,lb,119lb
43,lb,43lb
109,kg,109kg
137,kg,137kg
80,kg,80kg
71,lb,71lb
138,lb,138lb
55,kg,55kg
94,kg,94kg
84,lb,84lb
101,kg,101kg
122,kg,122kg
140,lb,140lb
97,kg,97kg
47,lb,47lb
123,kg,123kg
42,lb,42lb
145,kg,145kg
70,lb,70lb
144,lb,144lb
51,kg,51kg
150,lb,150lb
50,lb,50lb
118,lb,118lb
131,kg,131kg
68,kg,68kg
127,kg,127kg
137,lb,137lb
97,kg,97kg
136,kg,136kg
99,lb,99lb
112,lb,112lb
120,lb,120lb
124,lb,124lb
43,kg,43kg
101,kg,101kg
90,lb,90lb
148,lb,148lb
119,kg,119kg
46,lb,46lb
40,kg,40kg
119,kg,119kg
101,lb,101lb
99,kg,99kg
128,kg,128kg
137,kg,137kg
49,kg,49kg
92,lb,92lb
133,lb,133lb
65,lb,65lb
66,kg,66kg
116,lb,116lb
88,lb,88lb
89,lb,89lb
58,lb,58lb
59,kg,59kg
132,lb,132lb
83,kg,83kg
121,lb,121lb
87,kg,87kg
130,lb,130lb
52,lb,52lb
128,kg,128kg
103,kg,103kg
134,kg,134kg
119,lb,119lb
70,lb,70lb
53,kg,53kg
104,kg,104kg
86,kg,86kg
94,lb,94lb
84,kg,84kg
128,lb,128lb
76,lb,76lb
146,kg,146kg
75,kg,75kg
123,lb,123lb
127,kg,127kg
136,lb,136lb
62,lb,62lb
111,kg,111kg
57,lb,57lb
55,lb,55lb
109,kg,109kg
117,lb,117lb
66,kg,66kg
77,kg,77kg
59,lb,59lb
81,lb,81lb
53,lb,53lb
53,lb,53lb
140,lb,140lb
63,kg,63kg
64,lb,64lb
111,lb,111lb
102,lb,102lb
130,lb,130lb
118,lb,118lb
74,lb,74lb
64,kg,64kg
111,lb,111lb
96,kg,96kg
135,lb,135lb
112,kg,112kg
72,kg,72kg
43,kg,43kg
83,kg,83kg
148,lb,148lb
92,kg,92kg
148,lb,148lb
87,kg,87kg
69,kg,69kg
60,lb,60lb
143,kg,143kg
58,lb,58lb
116,kg,116kg
82,kg,82kg
107,kg,107kg
111,kg,111kg
128,kg,128kg
62,kg,62kg
139,lb,139lb
47,lb,47lb
102,lb,102lb
56,lb,56lb
53,kg,53kg
108,lb,108lb
70,kg,70kg
111,lb,111lb
118,lb,118lb
136,lb,136lb
147,kg,147kg
59,lb,59lb
142,kg,142kg
48,kg,48kg
86,kg,86kg
120,lb,120lb
51,lb,51lb
122,lb,122lb
118,kg,118kg
123,lb,123lb
150,lb,150lb
59,kg,59kg
116,lb,116lb
51,lb,51lb
71,lb,71lb
129,kg,129kg
67,lb,67lb
69,lb,69lb
93,kg,93kg
98,lb,98lb
136,kg,136kg
85,kg,85kg
49,lb,49lb
47,lb,47lb
82,kg,82kg
143,lb,143lb
84,lb,84lb
123,kg,123kg
40,kg,40kg
85,lb,85lb
89,kg,89kg
52,kg,52kg
116,kg,116kg
124,kg,124kg
70,lb,70lb
48,lb,48lb
149,kg,149kg
123,lb,123lb
123,lb,123lb
108,kg,108kg
101,kg,101kg
91,kg,91kg
58,kg,58kg
58,lb,58lb
139,kg,139kg
138,kg,138kg
52,lb,52lb
143,lb,143lb
81,lb,81lb
47,lb,47lb
119,lb,119lb
50,lb,50lb
59,kg,59kg
63,kg,63kg
78,kg,78kg
42,lb,42lb
71,lb,71lb
123,kg,123kg
93,lb,93lb
50,lb,50lb
64,lb,64lb
132,lb,132lb
109,kg,109kg
76,kg,76kg
42,kg,42kg
105,kg,105kg
149,kg,149kg
88,kg,88kg
84,lb,84lb
82,lb,82lb
105,kg,105kg
123,kg,123kg
41,lb,41lb
92,lb,92lb
120,kg,120kg
126,lb,126lb
70,kg,70kg
107,lb,107lb
133,kg,133kg
128,lb,128lb
58,kg,58kg
101,lb,101lb
97,lb,97lb
85,kg,85kg
139,lb,139lb
64,lb,64lb
101,lb,101lb
123,kg,123kg
83,lb,83lb
71,kg,71kg
103,lb,103lb
65,lb,65lb
70,lb,70lb
48,lb,48lb
130,lb,130lb
74,lb,74lb
94,lb,94lb
43,lb,43lb
140,kg,140kg
71,kg,71kg
108,kg,108kg
132,lb,132lb
79,lb,79lb
149,lb,149lb
90,lb,90lb
131,kg,131kg
67,kg,67kg
101,lb,101lb
44,kg,44kg
111,kg,111kg
144,lb,144lb
95,lb,95lb
69,kg,69kg
144,lb,144lb
139,kg,139kg
63,kg,63kg
108,kg,108kg
59,kg,59kg
50,lb,50lb
150,lb,150lb
136,lb,136lb
116,lb,116lb
150,kg,150kg
109,lb,109lb
116,kg,116kg
148,lb,148lb
101,kg,101kg
96,lb,96lb
87,kg,87kg
111,lb,111lb
72,kg,72kg
64,kg,64kg
63,kg,63kg
45,kg,45kg
134,lb,134lb
52,lb,52lb
40,kg,40kg
51,lb,51lb
83,kg,83kg
88,kg,88kg
107,lb,107lb
114,lb,114lb
150,lb,150lb
48,lb,48lb
125,kg,125kg
84,lb,84lb
118,lb,118lb
87,lb,87lb
70,lb,70lb
61,kg,61kg
128,lb,128lb
64,lb,64lb
75,lb,75lb
69,lb,69lb
76,kg,76kg
139,lb,139lb
137,lb,137lb
48,lb,48lb
116,lb,116lb
90,kg,90kg
113,lb,113lb
100,kg,100kg
109,lb,109lb
50,lb,50lb
45,lb,45lb
147,kg,147kg
89,lb,89lb
54,lb,54lb
103,lb,103lb
144,kg,144kg
112,lb,112lb
132,kg,132kg
81,kg,81kg
142,kg,142kg
64,kg,64kg
133,lb,133lb
43,kg,43kg
115,kg,115kg
112,kg,112kg
80,lb,80lb
62,lb,62lb
70,lb,70lb
112,kg,112kg
47,lb,47lb
130,lb,130lb
97,lb,97lb
120,lb,120lb
107,kg,107kg
76,kg,76kg
67,lb,67lb
77,kg,77kg
65,lb,65lb
87,kg,87kg
86,kg,86kg
79,lb,79lb
58,lb,58lb
83,lb,83lb
66,lb,66lb
65,kg,65kg
115,kg,115kg
59,lb,59lb
78,kg,78kg
93,kg,93kg
141,kg,141kg
128,kg,128kg
49,kg,49kg
61,lb,61lb
72,kg,72kg
121,kg,121kg
148,kg,148kg
76,kg,76kg
132,lb,132lb
90,lb,90lb
98,lb,98lb
104,lb,104lb
112,kg,112kg
108,lb,108lb
118,lb,118lb
110,kg,110kg
52,lb,52lb
131,kg,131kg
60,lb,60lb
142,kg,142kg
125,kg,125kg
131,lb,131lb
135,lb,135lb
144,kg,144kg
51,kg,51kg
119,lb,119lb
50,lb,50lb
107,kg,107kg
129,kg,129kg
108,lb,108lb
40,lb,40lb
149,kg,149kg
96,lb,96lb
72,kg,72kg
114,lb,114lb
89,lb,89lb
143,lb,143lb
61,lb,61lb
104,lb,104lb
117,lb,117lb
83,lb,83lb
137,kg,137kg
115,kg,115kg
118,kg,118kg
100,lb,100lb
109,lb,109lb
138,kg,138kg
77,kg,77kg
115,kg,115kg
74,kg,74kg
43,kg,43kg
115,kg,115kg
63,kg,63kg
51,kg,51kg
128,lb,128lb
110,lb,110lb
98,kg,98kg
79,kg,79kg
84,lb,84lb
54,lb,54lb
82,kg,82kg
56,lb,56lb
87,kg,87kg
149,kg,149kg
55,kg,55kg
104,kg,104kg
80,lb,80lb
67,kg,67kg
62,lb,62lb
104,lb,104lb
98,lb,98lb
79,kg,79kg
90,kg,90kg
84,kg,84kg
143,kg,143kg
104,lb,104lb
82,lb,82lb
84,lb,84lb
55,kg,55kg
131,lb,131lb
144,kg,144kg
140,kg,140kg
100,kg,100kg
133,kg,133kg
145,kg,145kg
133,lb,133lb
144,kg,144kg
122,kg,122kg
103,kg,103kg
142,lb,142lb
95,lb,95lb
54,kg,54kg
122,lb,122lb
40,lb,40lb
54,lb,54lb
66,lb,66lb
64,kg,64kg
95,lb,95lb
132,lb,132lb
75,kg,75kg
102,lb,102lb
78,lb,78lb
81,lb,81lb
44,kg,44kg
43,lb,43lb
130,lb,130lb
48,lb,48lb
96,lb,96lb
40,kg,40kg
126,lb,126lb
49,lb,49lb
48,kg,48kg
90,kg,90kg
106,lb,106lb
52,kg,52kg
56,kg,56kg
75,lb,75lb
131,kg,131kg
58,kg,58kg
82,kg,82kg
98,lb,98lb
83,kg,83kg
64,lb,64lb
141,kg,141kg
60,kg,60kg
67,lb,67lb
71,lb,71lb
122,kg,122kg
55,kg,55kg
56,kg,56kg
43,lb,43lb
69,kg,69kg
97,kg,97kg
91,kg,91kg
145,lb,145lb
136,lb,136lb
136,lb,136lb
129,lb,129lb
86,kg,86kg
68,kg,68kg
135,kg,135kg
116,lb,116lb
46,kg,46kg
73,kg,73kg
63,kg,63kg
98,lb,98lb
127,kg,127kg
75,kg,75kg
130,lb,130lb
124,kg,124kg
102,kg,102kg
82,kg,82kg
131,kg,131kg
117,kg,117kg
100,lb,100lb
78,lb,78lb
101,lb,101lb
122,kg,122kg
122,lb,122lb
135,lb,135lb
46,lb,46lb
59,kg,59kg
72,lb,72lb
43,lb,43lb
135,kg,135kg
123,lb,123lb
138,lb,138lb
95,lb,95lb
145,lb,145lb
59,lb,59lb
140,kg,140kg
132,lb,132lb
61,kg,61kg
81,lb,81lb
117,kg,117kg
135,lb,135lb
130,kg,130kg
47,lb,47lb
94,lb,94lb
76,kg,76kg
91,kg,91kg
80,lb,80lb
131,lb,131lb
145,lb,145lb
41,kg,41kg
145,kg,145kg
49,kg,49kg
114,lb,114lb
102,kg,102kg
62,lb,62lb
114,lb,114lb
61,kg,61kg
116,kg,116kg
111,lb,111lb
93,lb,93lb
69,lb,69lb
140,lb,140lb
69,kg,69kg
56,kg,56kg
70,kg,70kg
150,kg,150kg
112,kg,112kg
117,kg,117kg
124,kg,124kg
138,lb,138lb
95,lb,95lb
87,lb,87lb
85,lb,85lb
86,kg,86kg
69,lb,69lb
111,lb,111lb
71,lb,71lb
105,kg,105kg
68,lb,68lb
106,lb,106lb
42,lb,42lb
88,lb,88lb
49,kg,49kg
67,lb,67lb
41,lb,41lb
56,kg,56kg
86,kg,86kg
61,lb,61lb
62,lb,62lb
48,kg,48kg
121,lb,121lb
141,kg,141kg
41,lb,41lb
56,lb,56lb
95,kg,95kg
68,kg,68kg
67,lb,67lb
41,kg,41kg
118,lb,118lb
79,kg,79kg
111,kg,111kg
118,kg,118kg
79,kg,79kg
126,kg,126kg
69,kg,69kg
78,kg,78kg
47,kg,47kg
57,lb,57lb
142,kg,142kg
97,lb,97lb
114,kg,114kg
114,lb,114lb
43,kg,43kg
73,kg,73kg
49,kg,49kg
148,kg,148kg
73,kg,73kg
138,kg,138kg
122,kg,122kg
119,kg,119kg
125,lb,125lb
49,kg,49kg
50,kg,50kg
69,lb,69lb
142,kg,142kg
88,kg,88kg
61,kg,61kg
130,kg,130kg
43,kg,43kg
114,lb,114lb
132,lb,132lb
112,kg,112kg
143,kg,143kg
51,kg,51kg
103,lb,103lb
56,kg,56kg
51,kg,51kg
110,kg,110kg
133,kg,133kg
79,kg,79kg
126,kg,126kg
70,kg,70kg
127,kg,127kg
103,kg,103kg
81,kg,81kg
62,lb,62lb
88,kg,88kg
53,lb,53lb
42,kg,42kg
114,kg,114kg
81,lb,81lb
69,kg,69kg
128,lb,128lb
77,kg,77kg
96,kg,96kg
57,kg,57kg
45,lb,45lb
50,lb,50lb
131,lb,131lb
137,kg,137kg
103,lb,103lb
46,kg,46kg
85,lb,85lb
127,kg,127kg
107,lb,107lb
95,kg,95kg
61,lb,61lb
110,lb,110lb
51,kg,51kg
88,lb,88lb
75,lb,75lb
132,lb,132lb
75,kg,75kg
149,lb,149lb
71,kg,71kg
122,kg,122kg
95,kg,95kg
70,lb,70lb
132,lb,132lb
125,lb,125lb
63,kg,63kg
140,kg,140kg
123,lb,123lb
70,kg,70kg
103,kg,103kg
147,kg,147kg
145,kg,145kg
111,lb,111lb
62,lb,62lb
117,kg,117kg
128,kg,128kg
84,kg,84kg
137,kg,137kg
71,kg,71kg
93,lb,93lb
48,lb,48lb
49,kg,49kg
54,kg,54kg
78,kg,78kg
80,kg,80kg
113,lb,113lb
126,lb,126lb
86,lb,86lb
133,kg,133kg
96,lb,96lb
79,kg,79kg
66,kg,66kg
63,lb,63lb
72,kg,72kg
122,lb,122lb
48,kg,48kg
140,kg,140kg
131,lb,131lb
140,kg,140kg
145,lb,145lb
87,lb,87lb
46,lb,46lb
83,lb,83lb
125,kg,125kg
68,lb,68lb
118,kg,118kg
78,lb,78lb
62,lb,62lb
105,kg,105kg
125,kg,125kg
150,kg,150kg
76,lb,76lb
138,lb,138lb
139,lb,139lb
128,lb,128lb
129,lb,129lb
115,kg,115kg
142,kg,142kg
137,lb,137lb
69,lb,69lb
102,lb,102lb
67,lb,67lb
101,lb,101lb
118,lb,118lb
138,lb,138lb
111,lb,111lb
109,kg,109kg
93,kg,93kg
128,kg,128kg
82,kg,82kg
46,lb,46lb
58,lb,58lb
141,kg,141kg
70,kg,70kg
92,kg,92kg
40,kg,40kg
149,lb,149lb
134,kg,134kg
41,lb,41lb
56,lb,56lb
107,lb,107lb
145,lb,145lb
52,lb,52lb
84,kg,84kg
81,lb,81lb
58,kg,58kg
139,lb,139lb
107,kg,107kg
117,lb,117lb
104,lb,104lb
93,lb,93lb
71,kg,71kg
140,lb,140lb
114,kg,114kg
122,kg,122kg
93,lb,93lb
81,kg,81kg
78,lb,78lb
48,kg,48kg
128,lb,128lb
125,kg,125kg
112,kg,112kg
146,lb,146lb
107,lb,107lb
43,lb,43lb
115,kg,115kg
74,kg,74kg
74,kg,74kg
62,lb,62lb
79,kg,79kg
88,lb,88lb
114,lb,114lb
135,kg,135kg
122,kg,122kg
130,kg,130kg
148,kg,148kg
90,lb,90lb
103,kg,103kg
72,lb,72lb
68,lb,68lb
140,lb,140lb
135,lb,135lb
134,lb,134lb
142,lb,142lb
63,kg,63kg
83,kg,83kg
96,kg,96kg
112,kg,112kg
57,kg,57kg
123,lb,123lb
121,kg,121kg
82,kg,82kg
87,kg,87kg
91,kg,91kg
98,kg,98kg
54,lb,54lb
130,kg,130kg
106,kg,106kg
61,lb,61lb
78,lb,78lb
58,kg,58kg
100,lb,100lb
52,lb,52lb
130,lb,130lb
76,lb,76lb
43,lb,43lb
114,lb,114lb
56,lb,56lb
57,kg,57kg
114,lb,114lb
126,kg,126kg
95,lb,95lb
86,kg,86kg
96,kg,96kg
68,lb,68lb
128,lb,128lb
133,lb,133lb
115,kg,115kg
140,lb,140lb
126,lb,126lb
73,lb,73lb
104,kg,104kg
100,lb,100lb
132,lb,132lb
119,kg,119kg
41,kg,41kg
51,kg,51kg
140,kg,140kg
129,lb,129lb
106,lb,106lb
102,lb,102lb
97,lb,97lb
95,kg,95kg
65,kg,65kg
115,lb,115lb
138,kg,138kg
96,lb,96lb
62,kg,62kg
128,kg,128kg
52,lb,52lb
62,lb,62lb
58,lb,58lb
58,lb,58lb
57,lb,57lb
49,lb,49lb
50,kg,50kg
114,lb,114lb
119,lb,119lb
52,kg,52kg
88,lb,88lb
107,kg,107kg
101,lb,101lb
67,lb,67lb
131,lb,131lb
148,kg,148kg
144,lb,144lb
145,lb,145lb
46,kg,46kg
84,lb,84lb
82,kg,82kg
131,kg,131kg
103,kg,103kg
94,kg,94kg
69,kg,69kg
75,kg,75kg
102,kg,102kg
99,lb,99lb
44,lb,44lb
130,lb,130lb
66,kg,66kg
134,kg,134kg
116,lb,116lb
93,lb,93lb
137,lb,137lb
108,lb,108lb
140,kg,140kg
87,lb,87lb
144,kg,144kg
149,kg,149kg
61,lb,61lb
89,lb,89lb
139,lb,139lb
115,lb,115lb
132,lb,132lb
123,kg,123kg
53,kg,53kg
48,kg,48kg
81,lb,81lb
140,kg,140kg
63,kg,63kg
53,lb,53lb
102,kg,102kg
115,kg,115kg
96,lb,96lb
60,kg,60kg
121,kg,121kg
139,lb,139lb
49,lb,49lb
126,lb,126lb
46,kg,46kg
100,lb,100lb
57,lb,57lb
82,lb,82lb
130,lb,130lb
104,lb,104lb
65,lb,65lb
147,kg,147kg
94,kg,94kg
40,lb,40lb
98,lb,98lb
123,lb,123lb
148,kg,148kg
94,lb,94lb
108,kg,108kg
104,lb,104lb
145,kg,145kg
133,lb,133lb
77,kg,77kg
118,lb,118lb
90,lb,90lb
96,lb,96lb
76,lb,76lb
70,lb,70lb
113,kg,113kg
57,lb,57lb
150,lb,150lb
53,kg,53kg
78,lb,78lb
113,lb,113lb
59,lb,59lb
109,lb,109lb
107,kg,107kg
119,kg,119kg
115,kg,115kg
96,kg,96kg
97,kg,97kg
137,lb,137lb
124,lb,124lb
116,lb,116lb
118,lb,118lb
138,lb,138lb
147,kg,147kg
115,lb,115lb
66,kg,66kg
49,kg,49kg
90,kg,90kg
81,kg,81kg
76,kg,76kg
87,kg,87kg
50,lb,50lb
140,kg,140kg
51,kg,51kg
68,kg,68kg
100,kg,100kg
144,lb,144lb
80,lb,80lb
55,kg,55kg
137,kg,137kg
57,lb,57lb
75,kg,75kg
135,kg,135kg
134,kg,134kg
101,lb,101lb
114,kg,114kg
77,lb,77lb
149,kg,149kg
143,kg,143kg
126,kg,126kg
125,kg,125kg
112,lb,112lb
142,lb,142lb
62,lb,62lb
65,kg,65kg
107,kg,107kg
125,lb,125lb
121,lb,121lb
132,lb,132lb
71,lb,71lb
101,kg,101kg
146,lb,146lb
74,lb,74lb
41,lb,41lb
79,kg,79kg
93,lb,93lb
148,lb,148lb
147,lb,147lb
137,kg,137kg
52,kg,52kg
147,kg,147kg
129,kg,129kg
98,kg,98kg
70,kg,70kg
62,lb,62lb
115,kg,115kg
86,kg,86kg
74,kg,74kg
131,kg,131kg
91,kg,91kg
87,kg,87kg
141,lb,141lb
115,kg,115kg
129,kg,129kg
42,kg,42kg
149,kg,149kg
103,kg,103kg
122,kg,122kg
143,lb,143lb
84,kg,84kg
73,kg,73kg
61,kg,61kg
132,lb,132lb
100,lb,100lb
45,lb,45lb
102,kg,102kg
149,kg,149kg
104,kg,104kg
140,lb,140lb
136,kg,136kg
124,kg,124kg
95,kg,95kg
103,kg,103kg
146,lb,146lb
109,kg,109kg
125,lb,125lb
72,lb,72lb
108,lb,108lb
74,lb,74lb
47,kg,47kg
90,kg,90kg
95,lb,95lb
42,kg,42kg
86,lb,86lb
59,lb,59lb
47,kg,47kg
138,lb,138lb
149,kg,149kg
147,lb,147lb
147,kg,147kg
77,lb,77lb
52,kg,52kg
56,lb,56lb
149,kg,149kg
150,kg,150kg
47,kg,47kg
128,lb,128lb
127,lb,127lb
76,kg,76kg
101,lb,101lb
60,kg,60kg
54,kg,54kg
115,kg,115kg
84,kg,84kg
66,lb,66lb
60,lb,60lb
52,lb,52lb
68,kg,68kg
49,kg,49kg
92,kg,92kg
136,lb,136lb
121,lb,121lb
133,kg,133kg
95,kg,95kg
84,lb,84lb
90,lb,90lb
86,kg,86kg
135,lb,135lb
76,lb,76lb
115,lb,115lb
70,lb,70lb
62,kg,62kg
119,lb,119lb
125,kg,125kg
55,kg,55kg
119,kg,119kg
132,kg,132kg
41,lb,41lb
131,lb,131lb
67,lb,67lb
132,lb,132lb
137,lb,137lb
139,lb,139lb
74,kg,74kg
51,lb,51lb
149,lb,149lb
107,lb,107lb
76,kg,76kg
48,kg,48kg
61,lb,61lb
128,lb,128lb
121,lb,121lb
53,lb,53lb
65,kg,65kg
100,lb,100lb
128,kg,128kg
111,lb,111lb
122,kg,122kg
79,lb,79lb
52,lb,52lb
108,lb,108lb
51,lb,51lb
42,kg,42kg
123,kg,123kg
96,lb,96lb
146,lb,146lb
139,kg,139kg
134,lb,134lb
146,kg,146kg
45,kg,45kg
119,kg,119kg
76,kg,76kg
48,lb,48lb
138,kg,138kg
141,lb,141lb
80,lb,80lb
150,lb,150lb
75,kg,75kg
72,kg,72kg
96,kg,96kg
129,kg,129kg
73,lb,73lb
65,kg,65kg
62,kg,62kg
76,lb,76lb
94,kg,94kg
93,lb,93lb
59,lb,59lb
93,kg,93kg
84,kg,84kg
140,lb,140lb
81,kg,81kg
75,lb,75lb
96,kg,96kg
73,lb,73lb
114,lb,114lb
149,lb,149lb
131,lb,131lb
133,lb,133lb
88,kg,88kg
130,lb,130lb
110,lb,110lb
49,lb,49lb
139,lb,139lb
136,lb,136lb
40,lb,40lb
67,kg,67kg
134,kg,134kg
40,lb,40lb
104,lb,104lb
141,kg,141kg
93,kg,93kg
59,lb,59lb
60,kg,60kg
112,lb,112lb
131,lb,131lb
43,kg,43kg
56,kg,56kg
66,kg,66kg
91,lb,91lb
113,lb,113lb
130,kg,130kg
64,lb,64lb
124,lb,124lb
48,lb,48lb
135,lb,135lb
96,kg,96kg
64,kg,64kg
72,kg,72kg
40,lb,40lb
150,kg,150kg
125,lb,125lb
103,kg,103kg
79,lb,79lb
86,kg,86kg
110,kg,110kg
65,kg,65kg
99,kg,99kg
118,lb,118lb
104,lb,104lb
87,kg,87kg
58,kg,58kg
90,lb,90lb
65,kg,65kg
42,lb,42lb
136,kg,136kg
119,kg,119kg
56,kg,56kg
96,kg,96kg
91,kg,91kg
115,kg,115kg
57,lb,57lb
69,kg,69kg
76,lb,76lb
56,lb,56lb
48,kg,48kg
62,lb,62lb
87,lb,87lb
137,kg,137kg
108,lb,108lb
45,lb,45lb
73,kg,73kg
135,kg,135kg
80,kg,80kg
150,lb,150lb
49,lb,49lb
119,lb,119lb
114,lb,114lb
45,kg,45kg
107,lb,107lb
64,lb,64lb
72,kg,72kg
147,kg,147kg
94,kg,94kg
47,kg,47kg
132,kg,132kg
135,kg,135kg
44,lb,44lb
135,lb,135lb
108,kg,108kg
104,lb,104lb
86,lb,86lb
48,lb,48lb
143,lb,143lb
74,lb,74lb
41,lb,41lb
87,kg,87kg
94,kg,94kg
110,kg,110kg
129,lb,129lb
138,lb,138lb
132,kg,132kg
77,kg,77kg
101,lb,101lb
59,lb,59lb
99,kg,99kg
125,kg,125kg
145,lb,145lb
127,lb,127lb
131,kg,131kg
116,kg,116kg
98,kg,98kg
81,lb,81lb
79,lb,79lb
127,lb,127lb
86,kg,86kg
117,lb,117lb
117,lb,117lb
42,lb,42lb
58,kg,58kg
85,lb,85lb
42,kg,42kg
52,lb,52lb
94,lb,94lb
112,lb,112lb
111,lb,111lb
141,kg,141kg
47,lb,47lb
57,kg,57kg
66,lb,66lb
76,kg,76kg
68,lb,68lb
127,kg,127kg
75,lb,75lb
85,kg,85kg
150,lb,150lb
53,kg,53kg
74,kg,74kg
45,kg,45kg
149,kg,149kg
96,kg,96kg
71,lb,71lb
108,lb,108lb
93,lb,93lb
81,kg,81kg
44,kg,44kg
63,kg,63kg
79,lb,79lb
130,lb,130lb
106,kg,106kg
118,lb,118lb
76,kg,76kg
60,kg,60kg
82,lb,82lb
140,lb,140lb
40,kg,40kg
68,kg,68kg
149,kg,149kg
81,kg,81kg
79,kg,79kg
63,kg,63kg
105,kg,105kg
47,kg,47kg
93,kg,93kg
51,kg,51kg
137,kg,137kg
112,kg,112kg
132,kg,132kg
60,lb,60lb
47,lb,47lb
119,kg,119kg
127,kg,127kg
53,kg,53kg
135,lb,135lb
79,kg,79kg
98,kg,98kg
45,kg,45kg
111,kg,111kg
79,lb,79lb
124,kg,124kg
94,kg,94kg
56,lb,56lb
51,kg,51kg
134,kg,134kg
126,kg,126kg
145,kg,145kg
143,lb,143lb
60,lb,60lb
120,kg,120kg
67,kg,67kg
42,lb,42lb
106,kg,106kg
48,lb,48lb
107,lb,107lb
104,lb,104lb
143,lb,143lb
47,kg,47kg
57,kg,57kg
134,lb,134lb
86,kg,86kg
59,kg,59kg
139,lb,139lb
73,lb,73lb
97,lb,97lb
138,kg,138kg
111,lb,111lb
68,kg,68kg
57,kg,57kg
66,kg,66kg
124,lb,124lb
81,lb,81lb
87,kg,87kg
77,lb,77lb
120,lb,120lb
99,kg,99kg
134,kg,134kg
70,kg,70kg
96,kg,96kg
46,kg,46kg
85,kg,85kg
119,lb,119lb
125,lb,125lb
147,kg,147kg
71,kg,71kg
92,lb,92lb
48,kg,48kg
90,lb,90lb
101,kg,101kg
89,lb,89lb
113,kg,113kg
89,kg,89kg
79,lb,79lb
138,lb,138lb
147,kg,147kg
131,kg,131kg
61,lb,61lb
126,lb,126lb
89,lb,89lb
136,kg,136kg
85,lb,85lb
98,lb,98lb
101,kg,101kg
125,lb,125lb
51,lb,51lb
95,kg,95kg
116,lb,116lb
90,kg,90kg
74,kg,74kg
128,lb,128lb
108,lb,108lb
91,lb,91lb
44,lb,44lb
68,kg,68kg
144,kg,144kg
75,kg,75kg
108,kg,108kg
57,lb,57lb
141,kg,141kg
90,kg,90kg
60,lb,60lb
54,kg,54kg
62,kg,62kg
122,lb,122lb
126,lb,126lb
52,kg,52kg
40,kg,40kg
44,kg,44kg
40,lb,40lb
65,lb,65lb
121,kg,121kg
140,kg,140kg
120,lb,120lb
67,kg,67kg
124,kg,124kg
112,kg,112kg
106,kg,106kg
79,kg,79kg
60,kg,60kg
144,lb,144lb
84,lb,84lb
68,lb,68lb
64,lb,64lb
146,lb,146lb
124,lb,124lb
69,lb,69lb
116,kg,116kg
69,lb,69lb
103,kg,103kg
148,lb,148lb
97,kg,97kg
149,lb,149lb
96,kg,96kg
146,lb,146lb
69,lb,69lb
131,kg,131kg
148,lb,148lb
58,kg,58kg
89,lb,89lb
78,kg,78kg
65,lb,65lb
56,lb,56lb
89,lb,89lb
69,kg,69kg
99,kg,99kg
107,kg,107kg
125,lb,125lb
58,lb,58lb
93,lb,93lb
125,lb,125lb
119,kg,119kg
67,lb,67lb
63,kg,63kg
125,kg,125kg
57,lb,57lb
48,kg,48kg
63,kg,63kg
97,lb,97lb
49,kg,49kg
57,kg,57kg
125,kg,125kg
135,lb,135lb
72,lb,72lb
133,kg,133kg
54,lb,54lb
41,kg,41kg
146,lb,146lb
72,kg,72kg
58,lb,58lb
87,kg,87kg
86,kg,86kg
119,lb,119lb
137,lb,137lb
71,lb,71lb
102,kg,102kg
121,lb,121lb
148,kg,148kg
114,kg,114kg
144,kg,144kg
137,lb,137lb
128,kg,128kg
60,lb,60lb
122,lb,122lb
88,kg,88kg
80,lb,80lb
51,kg,51kg
132,lb,132lb
60,kg,60kg
120,kg,120kg
56,kg,56kg
147,kg,147kg
138,kg,138kg
63,lb,63lb
137,kg,137kg
132,lb,132lb
85,kg,85kg
54,lb,54lb
80,kg,80kg
48,lb,48lb
78,kg,78kg
77,kg,77kg
100,kg,100kg
96,kg,96kg
81,lb,81lb
42,lb,42lb
83,kg,83kg
85,kg,85kg
83,lb,83lb
115,lb,115lb
131,lb,131lb
58,kg,58kg
61,kg,61kg
105,kg,105kg
51,kg,51kg
73,kg,73kg
84,kg,84kg
141,lb,141lb
104,kg,104kg
57,kg,57kg
129,lb,129lb
48,lb,48lb
96,kg,96kg
60,lb,60lb
72,lb,72lb
76,kg,76kg
57,kg,57kg
100,lb,100lb
96,kg,96kg
130,kg,130kg
108,kg,108kg
124,kg,124kg
94,lb,94lb
84,lb,84lb
65,kg,65kg
133,lb,133lb
98,lb,98lb
89,lb,89lb
111,kg,111kg
44,lb,44lb
69,kg,69kg
94,lb,94lb
51,kg,51kg
137,lb,137lb
133,lb,133lb
100,lb,100lb
108,kg,108kg
126,kg,126kg
40,lb,40lb
81,lb,81lb
57,lb,57lb
90,lb,90lb
75,lb,75lb
92,kg,92kg
52,kg,52kg
61,lb,61lb
119,lb,119lb
94,lb,94lb
86,kg,86kg
111,lb,111lb
90,kg,90kg
87,lb,87lb
145,kg,145kg
112,kg,112kg
143,lb,143lb
80,kg,80kg
62,kg,62kg
112,kg,112kg
145,kg,145kg
143,kg,143kg
86,kg,86kg
128,kg,128kg
83,kg,83kg
81,lb,81lb
55,lb,55lb
147,lb,147lb
123,kg,123kg
139,kg,139kg
53,kg,53kg
45,lb,45lb
84,kg,84kg
104,kg,104kg
130,lb,130lb
140,lb,140lb
89,kg,89kg
120,lb,120lb
74,lb,74lb
116,kg,116kg
109,lb,109lb
43,kg,43kg
42,kg,42kg
62,lb,62lb
62,lb,62lb
124,lb,124lb
107,kg,107kg
80,lb,80lb
48,lb,48lb
122,kg,122kg
60,kg,60kg
144,lb,144lb
83,lb,83lb
87,lb,87lb
108,kg,108kg
81,lb,81lb
67,kg,67kg
112,lb,112lb
71,lb,71lb
132,lb,132lb
105,kg,105kg
91,kg,91kg
53,kg,53kg
85,lb,85lb
79,lb,79lb
129,kg,129kg
56,kg,56kg
138,kg,138kg
120,kg,120kg
72,lb,72lb
48,lb,48lb
146,kg,146kg
109,lb,109lb
94,lb,94lb
97,lb,97lb
44,lb,44lb
112,lb,112lb
52,kg,52kg
128,lb,128lb
141,lb,141lb
135,lb,135lb
100,lb,100lb
51,kg,51kg
140,kg,140kg
130,lb,130lb
127,lb,127lb
64,kg,64kg
85,kg,85kg
62,lb,62lb
105,kg,105kg
150,lb,150lb
118,kg,118kg
55,kg,55kg
42,lb,42lb
138,kg,138kg
147,lb,147lb
40,lb,40lb
69,lb,69lb
74,lb,74lb
127,lb,127lb
119,kg,119kg
93,kg,93kg
136,kg,136kg
68,lb,68lb
83,kg,83kg
63,lb,63lb
60,lb,60lb
58,kg,58kg
109,kg,109kg
71,lb,71lb
78,kg,78kg
149,lb,149lb
147,kg,147kg
124,lb,124lb
84,lb,84lb
58,kg,58kg
47,kg,47kg
130,kg,130kg
90,lb,90lb
104,lb,104lb
111,lb,111lb
143,kg,143kg
49,kg,49kg
97,kg,97kg
69,lb,69lb
147,kg,147kg
44,lb,44lb
48,lb,48lb
142,lb,142lb
114,kg,114kg
100,lb,100lb
56,lb,56lb
146,kg,146kg
75,kg,75kg
91,kg,91kg
41,kg,41kg
82,lb,82lb
117,kg,117kg
63,lb,63lb
127,lb,127lb
75,kg,75kg
144,lb,144lb
44,lb,44lb
146,kg,146kg
143,kg,143kg
104,kg,104kg
93,kg,93kg
149,lb,149lb
91,kg,91kg
113,lb,113lb
136,kg,136kg
77,kg,77kg
105,kg,105kg
72,lb,72lb
61,lb,61lb
54,lb,54lb
86,kg,86kg
74,lb,74lb
60,kg,60kg
73,kg,73kg
133,kg,133kg
136,kg,136kg
86,lb,86lb
112,lb,112lb
73,lb,73lb
95,kg,95kg
119,kg,119kg
118,lb,118lb
76,kg,76kg
107,kg,107kg
72,kg,72kg
99,lb,99lb
84,kg,84kg
49,kg,49kg
119,lb,119lb
137,kg,137kg
88,lb,88lb
145,kg,145kg
101,kg,101kg
111,kg,111kg
103,lb,103lb
110,kg,110kg
59,lb,59lb
56,kg,56kg
138,lb,138lb
132,kg,132kg
77,kg,77kg
113,kg,113kg
106,kg,106kg
115,kg,115kg
122,kg,122kg
49,kg,49kg
71,kg,71kg
93,lb,93lb
79,kg,79kg
119,lb,119lb
135,kg,135kg
116,kg,116kg
97,lb,97lb
118,lb,118lb
136,lb,136lb
43,lb,43lb
46,kg,46kg
145,kg,145kg
138,lb,138lb
69,kg,69kg
93,kg,93kg
115,lb,115lb
66,kg,66kg
41,lb,41lb
99,lb,99lb
43,lb,43lb
73,lb,73lb
142,lb,142lb
90,lb,90lb
105,kg,105kg
84,kg,84kg
120,kg,120kg
126,lb,126lb
76,lb,76lb
125,lb,125lb
122,lb,122lb
59,kg,59kg
135,lb,135lb
52,kg,52kg
104,kg,104kg
48,lb,48lb
56,kg,56kg
81,kg,81kg
120,kg,120kg
48,kg,48kg
55,kg,55kg
116,lb,116lb
40,kg,40kg
64,kg,64kg
117,lb,117lb
132,kg,132kg
91,kg,91kg
111,kg,111kg
79,kg,79kg
110,lb,110lb
127,lb,127lb
114,lb,114lb
96,lb,96lb
45,kg,45kg
125,lb,125lb
70,kg,70kg
42,kg,42kg
85,kg,85kg
82,lb,82lb
134,kg,134kg
75,lb,75lb
150,lb,150lb
144,lb,144lb
59,kg,59kg
68,lb,68lb
59,kg,59kg
104,lb,104lb
50,lb,50lb
107,kg,107kg
73,kg,73kg
62,lb,62lb
99,lb,99lb
104,lb,104lb
122,lb,122lb
91,kg,91kg
126,lb,126lb
87,lb,87lb
143,lb,143lb
66,kg,66kg
89,kg,89kg
81,kg,81kg
115,kg,115kg
58,kg,58kg
125,lb,125lb
80,kg,80kg
53,kg,53kg
93,lb,93lb
44,lb,44lb
55,kg,55kg
41,kg,41kg
85,lb,85lb
44,lb,44lb
83,kg,83kg
144,kg,144kg
123,lb,123lb
99,lb,99lb
120,kg,120kg
41,lb,41lb
101,kg,101kg
70,kg,70kg
146,lb,146lb
134,kg,134kg
65,kg,65kg
92,kg,92kg
127,kg,127kg
43,kg,43kg
126,kg,126kg
145,kg,145kg
138,lb,138lb
53,lb,53lb
148,kg,148kg
115,lb,115lb
88,kg,88kg
83,kg,83kg
123,kg,123kg
98,kg,98kg
99,kg,99kg
124,kg,124kg
114,lb,114lb
43,kg,43kg
51,kg,51kg
116,kg,116kg
51,kg,51kg
102,kg,102kg
97,kg,97kg
90,kg,90kg
127,lb,127lb
126,kg,126kg
132,lb,132lb
132,kg,132kg
147,lb,147lb
108,kg,108kg
127,kg,127kg
50,lb,50lb
45,lb,45lb
110,kg,110kg
42,kg,42kg
54,lb,54lb
119,lb,119lb
124,lb,124lb
130,kg,130kg
114,kg,114kg
78,lb,78lb
57,kg,57kg
63,kg,63kg
40,kg,40kg
61,kg,61kg
144,kg,144kg
54,kg,54kg
65,lb,65lb
107,kg,107kg
45,kg,45kg
111,kg,111kg
126,lb,126lb
98,lb,98lb
84,lb,84lb
141,kg,141kg
43,kg,43kg
141,lb,141lb
130,kg,130kg
110,kg,110kg
88,kg,88kg
109,kg,109kg
124,lb,124lb
122,kg,122kg
134,lb,134lb
40,lb,40lb
95,lb,95lb
93,lb,93lb
140,lb,140lb
58,lb,58lb
60,lb,60lb
40,kg,40kg
98,kg,98kg
145,lb,145lb
67,lb,67lb
145,lb,145lb
113,kg,113kg
54,kg,54kg
46,lb,46lb
88,lb,88lb
52,lb,52lb
80,kg,80kg
81,kg,81kg
141,lb,141lb
112,kg,112kg
113,lb,113lb
150,kg,150kg
143,lb,143lb
87,kg,87kg
85,lb,85lb
132,kg,132kg
98,kg,98kg
96,lb,96lb
66,kg,66kg
114,lb,114lb
58,lb,58lb
145,lb,145lb
56,kg,56kg
150,lb,150lb
119,kg,119kg
47,lb,47lb
91,lb,91lb
115,kg,115kg
77,lb,77lb
112,kg,112kg
124,lb,124lb
96,kg,96kg
130,kg,130kg
61,kg,61kg
62,kg,62kg
62,lb,62lb
101,lb,101lb
114,lb,114lb
112,lb,112lb
130,lb,130lb
129,kg,129kg
66,kg,66kg
47,lb,47lb
63,lb,63lb
109,kg,109kg
97,lb,97lb
133,lb,133lb
144,lb,144lb
78,lb,78lb
110,kg,110kg
114,kg,114kg
56,kg,56kg
74,kg,74kg
115,kg,115kg
134,kg,134kg
106,lb,106lb
89,lb,89lb
88,kg,88kg
45,lb,45lb
109,lb,109lb
40,kg,40kg
140,kg,140kg
42,lb,42lb
125,lb,125lb
91,kg,91kg
47,kg,47kg
145,lb,145lb
102,lb,102lb
59,kg,59kg
81,kg,81kg
85,lb,85lb
124,kg,124kg
69,lb,69lb
87,lb,87lb
45,lb,45lb
128,lb,128lb
117,kg,117kg
140,lb,140lb
113,lb,113lb
139,lb,139lb
55,kg,55kg
102,kg,102kg
112,kg,112kg
131,lb,131lb
109,lb,109lb
43,lb,43lb
78,kg,78kg
111,lb,111lb
128,kg,128kg
148,lb,148lb
141,lb,141lb
45,lb,45lb
93,lb,93lb
124,kg,124kg
59,lb,59lb
137,kg,137kg
96,lb,96lb
56,lb,56lb
113,lb,113lb
61,lb,61lb
50,kg,50kg
80,lb,80lb
99,kg,99kg
54,lb,54lb
93,kg,93kg
91,lb,91lb
149,lb,149lb
61,kg,61kg
52,kg,52kg
75,kg,75kg
68,lb,68lb
78,lb,78lb
62,lb,62lb
119,kg,119kg
68,lb,68lb
138,lb,138lb
146,kg,146kg
128,lb,128lb
90,kg,90kg
132,lb,132lb
50,lb,50lb
61,lb,61lb
61,lb,61lb
101,lb,101lb
87,kg,87kg
99,lb,99lb
50,kg,50kg
98,lb,98lb
121,kg,121kg
76,lb,76lb
130,lb,130lb
137,kg,137kg
148,lb,148lb
141,kg,141kg
111,kg,111kg
108,lb,108lb
48,lb,48lb
73,kg,73kg
80,lb,80lb
110,kg,110kg
107,kg,107kg
78,kg,78kg
66,kg,66kg
71,kg,71kg
103,kg,103kg
68,lb,68lb
95,kg,95kg
47,lb,47lb
136,lb,136lb
95,lb,95lb
144,lb,144lb
40,lb,40lb
111,lb,111lb
79,kg,79kg
105,kg,105kg
79,lb,79lb
49,kg,49kg
149,kg,149kg
104,lb,104lb
89,lb,89lb
70,lb,70lb
97,kg,97kg
104,kg,104kg
61,kg,61kg
133,kg,133kg
95,kg,95kg
96,lb,96lb
47,lb,47lb
47,kg,47kg
122,lb,122lb
103,lb,103lb
64,lb,64lb
125,lb,125lb
112,kg,112kg
138,kg,138kg
40,kg,40kg
88,lb,88lb
97,kg,97kg
139,kg,139kg
139,lb,139lb
128,lb,128lb
121,kg,121kg
73,lb,73lb
129,kg,129kg
146,lb,146lb
97,kg,97kg
87,kg,87kg
144,kg,144kg
100,kg,100kg
78,lb,78lb
72,kg,72kg
145,lb,145lb
141,kg,141kg
41,lb,41lb
76,lb,76lb
40,lb,40lb
131,lb,131lb
61,lb,61lb
113,lb,113lb
69,kg,69kg
82,kg,82kg
124,kg,124kg
141,lb,141lb
112,lb,112lb
104,lb,104lb
76,kg,76kg
112,lb,112lb
45,kg,45kg
121,lb,121lb
64,kg,64kg
100,lb,100lb
40,lb,40lb
91,kg,91kg
127,kg,127kg
79,lb,79lb
142,kg,142kg
68,kg,68kg
146,kg,146kg
115,kg,115kg
131,lb,131lb
97,kg,97kg
131,lb,131lb
83,lb,83lb
119,kg,119kg
81,lb,81lb
98,kg,98kg
59,kg,59kg
44,kg,44kg
106,lb,106lb
133,kg,133kg
130,kg,130kg
86,kg,86kg
95,kg,95kg
137,lb,137lb
41,lb,41lb
98,kg,98kg
135,lb,135lb
140,lb,140lb
40,lb,40lb
136,lb,136lb
60,lb,60lb
50,kg,50kg
125,kg,125kg
77,lb,77lb
141,kg,141kg
123,lb,123lb
70,kg,70kg
49,kg,49kg
60,kg,60kg
42,kg,42kg
87,kg,87kg
125,kg,125kg
70,lb,70lb
61,lb,61lb
76,lb,76lb
98,lb,98lb
91,kg,91kg
135,lb,135lb
107,lb,107lb
63,kg,63kg
141,kg,141kg
116,kg,116kg
132,kg,132kg
132,lb,132lb
144,kg,144kg
136,kg,136kg
65,lb,65lb
63,kg,63kg
108,lb,108lb
92,kg,92kg
146,kg,146kg
63,kg,63kg
67,lb,67lb
149,kg,149kg
133,kg,133kg
40,lb,40lb
48,kg,48kg
122,kg,122kg
105,lb,105lb
59,lb,59lb
114,lb,114lb
97,lb,97lb
73,lb,73lb
140,kg,140kg
98,lb,98lb
105,kg,105kg
53,kg,53kg
54,lb,54lb
87,lb,87lb
135,kg,135kg
52,lb,52lb
92,kg,92kg
104,kg,104kg
70,kg,70kg
74,kg,74kg
60,lb,60lb
125,lb,125lb
124,kg,124kg
66,lb,66lb
55,kg,55kg
84,kg,84kg
84,kg,84kg
44,lb,44lb
145,lb,145lb
56,lb,56lb
130,kg,130kg
51,kg,51kg
147,lb,147lb
47,lb,47lb
121,lb,121lb
125,lb,125lb
150,lb,150lb
94,lb,94lb
79,kg,79kg
81,kg,81kg
44,lb,44lb
136,kg,136kg
146,lb,146lb
84,lb,84lb
126,kg,126kg
131,lb,131lb
97,lb,97lb
149,kg,149kg
75,lb,75lb
101,kg,101kg
118,lb,118lb
81,lb,81lb
138,kg,138kg
73,lb,73lb
48,lb,48lb
93,kg,93kg
57,lb,57lb
58,lb,58lb
82,kg,82kg
93,lb,93lb
94,kg,94kg
72,lb,72lb
119,kg,119kg
69,kg,69kg
45,kg,45kg
104,kg,104kg
124,lb,124lb
147,lb,147lb
139,lb,139lb
41,kg,41kg
86,lb,86lb
128,lb,128lb
112,kg,112kg
64,kg,64kg
54,lb,54lb
116,lb,116lb
115,lb,115lb
89,lb,89lb
130,kg,130kg
89,kg,89kg
50,lb,50lb
119,kg,119kg
122,kg,122kg
137,lb,137lb
117,kg,117kg
92,kg,92kg
132,kg,132kg
41,lb,41lb
91,kg,91kg
102,lb,102lb
125,kg,125kg
53,kg,53kg
52,lb,52lb
56,lb,56lb
59,lb,59lb
100,lb,100lb
92,kg,92kg
149,kg,149kg
127,lb,127lb
82,lb,82lb
137,lb,137lb
75,lb,75lb
72,lb,72lb
58,lb,58lb
76,lb,76lb
48,kg,48kg
145,kg,145kg
113,lb,113lb
88,kg,88kg
87,kg,87kg
135,lb,135lb
61,kg,61kg
112,kg,112kg
46,kg,46kg
141,kg,141kg
98,lb,98lb
116,kg,116kg
57,kg,57kg
66,lb,66lb
61,lb,61lb
48,lb,48lb
78,lb,78lb
43,lb,43lb
64,kg,64kg
63,kg,63kg
68,kg,68kg
143,kg,143kg
137,kg,137kg
124,lb,124lb
59,kg,59kg
40,lb,40lb
76,lb,76lb
74,lb,74lb
45,lb,45lb
140,kg,140kg
75,kg,75kg
43,lb,43lb
82,kg,82kg
49,kg,49kg
101,lb,101lb
115,kg,115kg
94,kg,94kg
98,lb,98lb
112,lb,112lb
146,kg,146kg
122,lb,122lb
136,kg,136kg
72,lb,72lb
50,lb,50lb
42,kg,42kg
72,lb,72lb
47,lb,47lb
111,kg,111kg
65,kg,65kg
138,kg,138kg
52,lb,52lb
67,lb,67lb
127,lb,127lb
145,lb,145lb
141,lb,141lb
83,kg,83kg
52,lb,52lb
77,lb,77lb
99,lb,99lb
130,lb,130lb
63,kg,63kg
85,kg,85kg
114,lb,114lb
82,lb,82lb
106,kg,106kg
80,lb,80lb
79,lb,79lb
122,kg,122kg
145,lb,145lb
74,kg,74kg
70,kg,70kg
62,lb,62lb
125,kg,125kg
131,lb,131lb
91,kg,91kg
57,kg,57kg
94,lb,94lb
125,lb,125lb
52,lb,52lb
79,lb,79lb
131,kg,131kg
51,lb,51lb
75,lb,75lb
72,kg,72kg
41,kg,41kg
118,kg,118kg
59,kg,59kg
103,kg,103kg
147,kg,147kg
105,kg,105kg
62,lb,62lb
52,kg,52kg
117,kg,117kg
67,lb,67lb
68,lb,68lb
140,kg,140kg
58,kg,58kg
120,lb,120lb
108,lb,108lb
147,lb,147lb
127,lb,127lb
63,kg,63kg
144,kg,144kg
41,kg,41kg
107,lb,107lb
104,kg,104kg
100,kg,100kg
61,lb,61lb
119,kg,119kg
63,kg,63kg
121,lb,121lb
84,kg,84kg
76,kg,76kg
127,lb,127lb
129,kg,129kg
144,lb,144lb
141,kg,141kg
46,kg,46kg
69,lb,69lb
50,kg,50kg
61,kg,61kg
126,kg,126kg
53,kg,53kg
74,lb,74lb
150,kg,150kg
60,lb,60lb
115,kg,115kg
92,kg,92kg
60,lb,60lb
74,lb,74lb
124,lb,124lb
90,lb,90lb
123,lb,123lb
93,kg,93kg
54,lb,54lb
104,lb,104lb
150,lb,150lb
92,lb,92lb
66,lb,66lb
144,kg,144kg
150,lb,150lb
48,kg,48kg
65,kg,65kg
132,lb,132lb
91,lb,91lb
139,kg,139kg
106,kg,106kg
138,lb,138lb
70,kg,70kg
80,lb,80lb
129,lb,129lb
142,lb,142lb
97,kg,97kg
133,lb,133lb
128,lb,128lb
44,kg,44kg
93,lb,93lb
65,lb,65lb
41,kg,41kg
96,kg,96kg
133,lb,133lb
96,kg,96kg
125,lb,125lb
116,kg,116kg
48,lb,48lb
144,kg,144kg
82,kg,82kg
95,kg,95kg
88,kg,88kg
89,lb,89lb
46,kg,46kg
55,lb,55lb
83,lb,83lb
138,kg,138kg
92,lb,92lb
45,kg,45kg
62,lb,62lb
55,lb,55lb
75,kg,75kg
56,lb,56lb
63,kg,63kg
113,kg,113kg
57,kg,57kg
45,kg,45kg
137,kg,137kg
129,kg,129kg
115,lb,115lb
108,lb,108lb
55,kg,55kg
148,lb,148lb
60,kg,60kg
107,kg,107kg
108,kg,108kg
139,lb,139lb
59,kg,59kg
94,kg,94kg
115,lb,115lb
124,kg,124kg
98,lb,98lb
149,kg,149kg
87,lb,87lb
71,lb,71lb
144,lb,144lb
44,lb,44lb
57,lb,57lb
140,lb,140lb
52,lb,52lb
73,kg,73kg
103,lb,103lb
57,kg,57kg
146,kg,146kg
150,kg,150kg
40,lb,40lb
46,kg,46kg
73,kg,73kg
88,lb,88lb
41,lb,41lb
117,kg,117kg
119,kg,119kg
83,kg,83kg
75,lb,75lb
89,lb,89lb
136,lb,136lb
125,lb,125lb
41,kg,41kg
109,kg,109kg
57,kg,57kg
79,kg,79kg
146,lb,146lb
52,kg,52kg
85,lb,85lb
50,kg,50kg
137,kg,137kg
64,kg,64kg
109,lb,109lb
69,kg,69kg
101,kg,101kg
51,lb,51lb
77,lb,77lb
137,lb,137lb
143,lb,143lb
77,lb,77lb
86,kg,86kg
123,kg,123kg
114,kg,114kg
68,kg,68kg
147,kg,147kg
77,lb,77lb
143,kg,143kg
90,lb,90lb
55,kg,55kg
61,lb,61lb
105,lb,105lb
100,kg,100kg
50,lb,50lb
116,lb,116lb
143,lb,143lb
141,lb,141lb
133,lb,133lb
108,kg,108kg
95,lb,95lb
93,kg,93kg
67,lb,67lb
149,lb,149lb
103,kg,103kg
89,lb,89lb
72,kg,72kg
102,lb,102lb
105,kg,105kg
149,lb,149lb
85,lb,85lb
121,lb,121lb
140,lb,140lb
95,lb,95lb
70,kg,70kg
56,kg,56kg
41,lb,41lb
150,kg,150kg
43,kg,43kg
93,lb,93lb
129,lb,129lb
60,lb,60lb
132,kg,132kg
105,kg,105kg
150,kg,150kg
134,kg,134kg
67,kg,67kg
118,lb,118lb
150,kg,150kg
59,kg,59kg
54,lb,54lb
141,lb,141lb
130,kg,130kg
102,kg,102kg
68,kg,68kg
98,kg,98kg
96,kg,96kg
67,kg,67kg
60,kg,60kg
133,kg,133kg
119,kg,119kg
114,lb,114lb
100,lb,100lb
110,lb,110lb
83,lb,83lb
71,kg,71kg
147,lb,147lb
74,lb,74lb
93,kg,93kg
131,lb,131lb
97,lb,97lb
124,kg,124kg
40,kg,40kg
50,lb,50lb
143,lb,143lb
67,lb,67lb
131,lb,131lb
93,lb,93lb
108,lb,108lb
74,lb,74lb
83,kg,83kg
136,lb,136lb
59,kg,59kg
118,kg,118kg
106,kg,106kg
94,lb,94lb
65,kg,65kg
137,lb,137lb
88,kg,88kg
42,lb,42lb
126,lb,126lb
131,kg,131kg
81,lb,81lb
73,lb,73lb
86,lb,86lb
121,kg,121kg
42,lb,42lb
91,lb,91lb
72,lb,72lb
78,kg,78kg
45,lb,45lb
67,kg,67kg
99,kg,99kg
117,kg,117kg
90,lb,90lb
128,lb,128lb
132,kg,132kg
53,kg,53kg
134,lb,134lb
42,kg,42kg
104,kg,104kg
96,lb,96lb
77,lb,77lb
80,kg,80kg
126,kg,126kg
55,kg,55kg
45,kg,45kg
63,lb,63lb
122,lb,122lb
88,kg,88kg
105,kg,105kg
100,lb,100lb
99,lb,99lb
99,lb,99lb
67,kg,67kg
110,lb,110lb
92,kg,92kg
135,kg,135kg
84,kg,84kg
142,kg,142kg
136,kg,136kg
48,lb,48lb
60,kg,60kg
71,lb,71lb
132,kg,132kg
138,kg,138kg
81,lb,81lb
141,lb,141lb
82,lb,82lb
66,kg,66kg
57,lb,57lb
134,kg,134kg
101,kg,101kg
142,lb,142lb
91,kg,91kg
88,kg,88kg
119,kg,119kg
71,kg,71kg
135,kg,135kg
53,lb,53lb
57,kg,57kg
136,kg,136kg
123,kg,123kg
70,lb,70lb
125,lb,125lb
95,kg,95kg
104,lb,104lb
111,kg,111kg
121,kg,121kg
66,lb,66lb
59,kg,59kg
104,kg,104kg
66,kg,66kg
54,lb,54lb
122,kg,122kg
104,lb,104lb
105,lb,105lb
118,lb,118lb
75,lb,75lb
51,kg,51kg
47,kg,47kg
65,kg,65kg
118,kg,118kg
83,lb,83lb
132,lb,132lb
65,kg,65kg
71,kg,71kg
132,kg,132kg
127,lb,127lb
139,kg,139kg
52,kg,52kg
50,lb,50lb
106,lb,106lb
57,lb,57lb
48,kg,48kg
71,lb,71lb
116,kg,116kg
61,kg,61kg
47,kg,47kg
70,kg,70kg
110,lb,110lb
140,lb,140lb
48,lb,48lb
113,lb,113lb
84,lb,84lb
134,lb,134lb
94,lb,94lb
57,kg,57kg
136,lb,136lb
110,lb,110lb
134,lb,134lb
118,lb,118lb
148,lb,148lb
76,lb,76lb
57,lb,57lb
97,lb,97lb
119,kg,119kg
135,kg,135kg
51,kg,51kg
96,kg,96kg
125,lb,125lb
65,kg,65kg
150,lb,150lb
42,lb,42lb
139,kg,139kg
95,kg,95kg
130,lb,130lb
56,lb,56lb
141,lb,141lb
55,kg,55kg
145,lb,145lb
88,kg,88kg
62,lb,62lb
105,kg,105kg
46,lb,46lb
116,kg,116kg
128,kg,128kg
113,kg,113kg
132,lb,132lb
47,kg,47kg
63,lb,63lb
100,lb,100lb
106,kg,106kg
109,kg,109kg
116,kg,116kg
61,kg,61kg
79,kg,79kg
64,kg,64kg
75,kg,75kg
48,kg,48kg
46,kg,46kg
45,kg,45kg
57,lb,57lb
99,kg,99kg
46,lb,46lb
69,kg,69kg
66,kg,66kg
93,kg,93kg
54,kg,54kg
41,lb,41lb
97,kg,97kg
52,kg,52kg
126,kg,126kg
82,kg,82kg
119,kg,119kg
142,lb,142lb
146,kg,146kg
109,kg,109kg
85,lb,85lb
60,lb,60lb
143,kg,143kg
60,kg,60kg
112,kg,112kg
119,lb,119lb
91,kg,91kg
58,lb,58lb
56,kg,56kg
85,kg,85kg
114,kg,114kg
98,kg,98kg
96,kg,96kg
120,kg,120kg
102,kg,102kg
130,kg,130kg
92,lb,92lb
92,lb,92lb
118,lb,118lb
67,kg,67kg
121,lb,121lb
44,kg,44kg
139,lb,139lb
123,kg,123kg
58,kg,58kg
56,lb,56lb
47,lb,47lb
115,lb,115lb
147,kg,147kg
132,kg,132kg
43,kg,43kg
41,lb,41lb
104,lb,104lb
140,kg,140kg
51,lb,51lb
83,kg,83kg
42,lb,42lb
86,kg,86kg
123,lb,123lb
85,lb,85lb
92,kg,92kg
59,kg,59kg
124,lb,124lb
109,kg,109kg
127,kg,127kg
86,lb,86lb
120,lb,120lb
127,lb,127lb
48,kg,48kg
111,kg,111kg
103,kg,103kg
102,kg,102kg
65,kg,65kg
127,lb,127lb
111,kg,111kg
138,lb,138lb
74,lb,74lb
120,lb,120lb
128,lb,128lb
119,kg,119kg
140,kg,140kg
104,lb,104lb
69,lb,69lb
112,lb,112lb
46,lb,46lb
58,kg,58kg
145,lb,145lb
144,lb,144lb
65,lb,65lb
64,lb,64lb
99,kg,99kg
105,kg,105kg
102,kg,102kg
140,kg,140kg
60,lb,60lb
108,lb,108lb
140,lb,140lb
101,lb,101lb
102,lb,102lb
116,kg,116kg
86,kg,86kg
118,lb,118lb
130,kg,130kg
64,kg,64kg
147,lb,147lb
127,lb,127lb
92,lb,92lb
55,kg,55kg
107,kg,107kg
149,lb,149lb
127,kg,127kg
69,kg,69kg
105,lb,105lb
138,lb,138lb
50,lb,50lb
79,lb,79lb
133,kg,133kg
90,lb,90lb
85,kg,85kg
114,kg,114kg
82,lb,82lb
111,lb,111lb
110,kg,110kg
127,lb,127lb
97,lb,97lb
49,lb,49lb
115,kg,115kg
89,kg,89kg
82,kg,82kg
67,lb,67lb
134,lb,134lb
72,kg,72kg
53,lb,53lb
53,kg,53kg
85,kg,85kg
73,lb,73lb
136,kg,136kg
68,lb,68lb
77,lb,77lb
111,kg,111kg
102,lb,102lb
89,kg,89kg
92,lb,92lb
86,kg,86kg
85,lb,85lb
98,lb,98lb
75,kg,75kg
132,lb,132lb
62,kg,62kg
137,kg,137kg
40,lb,40lb
62,lb,62lb
61,lb,61lb
74,lb,74lb
99,kg,99kg
116,kg,116kg
124,kg,124kg
132,kg,132kg
46,lb,46lb
60,lb,60lb
118,kg,118kg
147,kg,147kg
83,kg,83kg
90,lb,90lb
114,lb,114lb
123,kg,123kg
142,lb,142lb
150,kg,150kg
122,lb,122lb
93,lb,93lb
139,lb,139lb
137,kg,137kg
132,lb,132lb
41,lb,41lb
124,lb,124lb
70,lb,70lb
78,kg,78kg
122,lb,122lb
78,lb,78lb
89,lb,89lb
142,kg,142kg
103,lb,103lb
79,kg,79kg
57,kg,57kg
69,lb,69lb
118,kg,118kg
139,lb,139lb
127,lb,127lb
109,kg,109kg
102,kg,102kg
49,kg,49kg
140,lb,140lb
51,kg,51kg
57,lb,57lb
83,kg,83kg
105,lb,105lb
132,lb,132lb
111,kg,111kg
64,lb,64lb
139,kg,139kg
73,lb,73lb
86,kg,86kg
126,kg,126kg
70,lb,70lb
128,lb,128lb
77,lb,77lb
142,kg,142kg
121,kg,121kg
58,kg,58kg
54,lb,54lb
131,lb,131lb
68,kg,68kg
122,kg,122kg
44,kg,44kg
147,kg,147kg
87,lb,87lb
72,kg,72kg
67,kg,67kg
41,kg,41kg
148,lb,148lb
112,lb,112lb
41,lb,41lb
55,lb,55lb
137,kg,137kg
99,lb,99lb
60,kg,60kg
103,kg,103kg
114,kg,114kg
102,lb,102lb
137,lb,137lb
129,lb,129lb
134,kg,134kg
